model,true_torus_distance,learned_distance
r2_gw,0.6722128391265869,0.590345561504364
r2_gw,0.6923744678497314,0.14652864634990692
r2_gw,0.6041635274887085,0.6309842467308044
r2_gw,0.6375307440757751,0.5906484723091125
r2_gw,0.25256770849227905,0.16603749990463257
r2_gw,0.6855026483535767,0.2125965654850006
r2_gw,0.33250662684440613,0.5278864502906799
r2_gw,0.5981888175010681,0.3001843988895416
r2_gw,0.19532886147499084,0.25379854440689087
r2_gw,0.5288853049278259,0.02338530868291855
r2_gw,0.5980750918388367,0.11637961864471436
r2_gw,0.7411211133003235,0.4026714563369751
r2_gw,0.3966282606124878,0.2137959599494934
r2_gw,0.4031238555908203,0.4963248074054718
r2_gw,0.5320050120353699,0.6626726984977722
r2_gw,0.6639357209205627,0.20840099453926086
r2_gw,0.6673371195793152,0.05357371270656586
r2_gw,0.6201834678649902,0.471086710691452
r2_gw,0.6316667199134827,0.46756184101104736
r2_gw,0.4348776638507843,0.5286491513252258
r2_gw,0.4653898775577545,0.6537743210792542
r2_gw,0.5217828154563904,0.2271498739719391
r2_gw,0.7134137749671936,0.5844571590423584
r2_gw,0.3572862446308136,0.4837155044078827
r2_gw,0.12176802009344101,0.1575307846069336
r2_gw,0.4748515784740448,0.13719210028648376
r2_gw,0.6814644932746887,0.6089109182357788
r2_gw,0.775964617729187,0.6190451383590698
r2_gw,0.23992183804512024,0.13048122823238373
r2_gw,0.5012626647949219,0.6319931149482727
r2_gw,0.7040987014770508,0.1037183627486229
r2_gw,0.7119409441947937,0.5557851195335388
r2_gw,0.5960404872894287,0.7538620829582214
r2_gw,0.4888141453266144,0.6803048253059387
r2_gw,0.67606520652771,0.7169387340545654
r2_gw,0.46561434864997864,0.16503703594207764
r2_gw,0.6681094765663147,0.6201725602149963
r2_gw,0.7109102606773376,0.5246525406837463
r2_gw,0.6665847301483154,0.28395986557006836
r2_gw,0.2179446816444397,0.03749735280871391
r2_gw,0.33182817697525024,0.3411123752593994
r2_gw,0.6323946118354797,0.2367340624332428
r2_gw,0.28668010234832764,0.44735753536224365
r2_gw,0.6892414093017578,0.1823510229587555
r2_gw,0.7195399403572083,0.3022838234901428
r2_gw,0.4406168758869171,0.08971196413040161
r2_gw,0.5768558382987976,0.12949270009994507
r2_gw,0.30603277683258057,0.318137526512146
r2_gw,0.46034371852874756,0.37021106481552124
r2_gw,0.1546136736869812,0.11662980169057846
r2_gw,0.826561689376831,0.665791928768158
r2_gw,0.5480884909629822,0.5860040187835693
r2_gw,0.6815760731697083,0.3493407070636749
r2_gw,0.3502323627471924,0.08664567768573761
r2_gw,0.6864508390426636,0.07792103290557861
r2_gw,0.4697575569152832,0.3827144205570221
r2_gw,0.6172534227371216,0.42840680480003357
r2_gw,0.14933264255523682,0.05621626228094101
r2_gw,0.3665606379508972,0.2554696798324585
r2_gw,0.6963769793510437,0.22842814028263092
r2_gw,0.4906842112541199,0.33645960688591003
r2_gw,0.6426010131835938,0.15038733184337616
r2_gw,0.6454780101776123,0.02174873650074005
r2_gw,0.2084350883960724,0.17712527513504028
r2_gw,0.6825850009918213,0.6019307374954224
r2_gw,0.3899328112602234,0.526699423789978
r2_gw,0.16102367639541626,0.09132638573646545
r2_gw,0.3442828357219696,0.4624631404876709
r2_gw,0.4274316430091858,0.30018195509910583
r2_gw,0.11742936819791794,0.02273213490843773
r2_gw,0.783351480960846,0.6450681090354919
r2_gw,0.41775837540626526,0.5391789674758911
r2_gw,0.7941168546676636,0.7052412629127502
r2_gw,0.5070766806602478,0.46708428859710693
r2_gw,0.6709479093551636,0.43634679913520813
r2_gw,0.7661570906639099,0.5912925004959106
r2_gw,0.6001632213592529,0.6279427409172058
r2_gw,0.6451821327209473,0.6826225519180298
r2_gw,0.7982839345932007,0.4350675642490387
r2_gw,0.7536454796791077,0.4957443177700043
r2_gw,0.5178701281547546,0.5398194789886475
r2_gw,0.5625338554382324,0.29577526450157166
r2_gw,0.5926864147186279,0.3025952875614166
r2_gw,0.36081716418266296,0.5311750769615173
r2_gw,0.6725191473960876,0.5621355175971985
r2_gw,0.9255259037017822,0.7066730856895447
r2_gw,0.681771993637085,0.6210324764251709
r2_gw,0.7302289605140686,0.4685608446598053
r2_gw,0.8406795263290405,0.7106562256813049
r2_gw,0.7345775961875916,0.612899124622345
r2_gw,0.390102356672287,0.21514329314231873
r2_gw,0.3231827914714813,0.38524529337882996
r2_gw,0.47582533955574036,0.317914217710495
r2_gw,0.2398652583360672,0.3872019946575165
r2_gw,0.3505168855190277,0.06685798615217209
r2_gw,0.5969924330711365,0.14370310306549072
r2_gw,0.29633116722106934,0.5236064195632935
r2_gw,0.26108333468437195,0.4193970263004303
r2_gw,0.4749119281768799,0.06721331179141998
r2_gw,0.5508828163146973,0.6234963536262512
r2_gw,0.39060622453689575,0.17891430854797363
r2_gw,0.6817679405212402,0.5691441297531128
r2_gw,0.5806399583816528,0.29103517532348633
r2_gw,0.6690271496772766,0.7206616997718811
r2_gw,0.43665197491645813,0.5766523480415344
r2_gw,0.6160547137260437,0.613795280456543
r2_gw,0.7580825686454773,0.6061428785324097
r2_gw,0.5191723108291626,0.5840373635292053
r2_gw,0.71576327085495,0.5703712701797485
r2_gw,0.22624114155769348,0.2858356237411499
r2_gw,0.6763280034065247,0.7766255736351013
r2_gw,0.7209561467170715,0.6486071348190308
r2_gw,0.2329988330602646,0.19123463332653046
r2_gw,0.33501219749450684,0.2596258223056793
r2_gw,0.5143541097640991,0.46829476952552795
r2_gw,0.5030090808868408,0.3926717936992645
r2_gw,0.5454819798469543,0.19513702392578125
r2_gw,0.3618903160095215,0.27445757389068604
r2_gw,0.272144615650177,0.08795160055160522
r2_gw,0.7662677764892578,0.5800965428352356
r2_gw,0.3367999792098999,0.5216980576515198
r2_gw,0.1566757708787918,0.25983577966690063
r2_gw,0.15500399470329285,0.18052226305007935
r2_gw,0.31895095109939575,0.04876827821135521
r2_gw,0.3648190498352051,0.5080956220626831
r2_gw,0.569147527217865,0.7396016716957092
r2_gw,0.8360212445259094,0.6572237014770508
r2_gw,0.09387049823999405,0.006057566497474909
r2_gw,0.3562849164009094,0.48355594277381897
r2_gw,0.4238395690917969,0.5266726613044739
r2_gw,0.4400005340576172,0.19353601336479187
r2_gw,0.7098618745803833,0.6294670104980469
r2_gw,0.9065062403678894,0.7018566131591797
r2_gw,0.5858457088470459,0.5748356580734253
r2_gw,0.36710748076438904,0.22865915298461914
r2_gw,0.41885507106781006,0.6019465327262878
r2_gw,0.3227885663509369,0.4708854556083679
r2_gw,0.15144741535186768,0.030356507748365402
r2_gw,0.26506292819976807,0.06395471096038818
r2_gw,0.7260636687278748,0.6623464822769165
r2_gw,0.5433802008628845,0.061011530458927155
r2_gw,0.7362068295478821,0.6511467099189758
r2_gw,0.5037966966629028,0.5854405164718628
r2_gw,0.6353128552436829,0.055293068289756775
r2_gw,0.677454948425293,0.503780722618103
r2_gw,0.5190284252166748,0.5842856764793396
r2_gw,0.7659897804260254,0.7228289246559143
r2_gw,0.9396837949752808,0.6744359135627747
r2_gw,0.5329930186271667,0.472812682390213
r2_gw,0.23464399576187134,0.35209745168685913
r2_gw,0.8683801293373108,0.6043084859848022
r2_gw,0.38093018531799316,0.5588338971138
r2_gw,0.6701684594154358,0.6494520306587219
r2_gw,0.8028170466423035,0.5538673996925354
r2_gw,0.47830021381378174,0.059518638998270035
r2_gw,0.42244967818260193,0.5362311005592346
r2_gw,0.5822300910949707,0.6468527913093567
r2_gw,0.4384884834289551,0.023731296882033348
r2_gw,0.7594465017318726,0.5833252668380737
r2_gw,0.40026965737342834,0.44817227125167847
r2_gw,0.7281366586685181,0.4663934111595154
r2_gw,0.045821238309144974,0.08056169003248215
r2_gw,0.8004825115203857,0.6005244851112366
r2_gw,0.5560430884361267,0.6037125587463379
r2_gw,0.3609611392021179,0.3995997905731201
r2_gw,0.8212133049964905,0.7155936360359192
r2_gw,0.7686335444450378,0.6844992637634277
r2_gw,0.3579011559486389,0.36134037375450134
r2_gw,0.44116106629371643,0.5563071370124817
r2_gw,0.8041103482246399,0.5863115787506104
r2_gw,0.6285566687583923,0.7125416994094849
r2_gw,0.4508422911167145,0.39565446972846985
r2_gw,0.4030672013759613,0.20280826091766357
r2_gw,0.555292010307312,0.2259460836648941
r2_gw,0.5920040607452393,0.7622280716896057
r2_gw,0.20905332267284393,0.3671395182609558
r2_gw,0.418244332075119,0.4497973620891571
r2_gw,0.9525507092475891,0.6132029294967651
r2_gw,0.25253424048423767,0.18188300728797913
r2_gw,0.6081061959266663,0.5737805366516113
r2_gw,0.7440950274467468,0.7292283177375793
r2_gw,0.3657618463039398,0.4660075604915619
r2_gw,0.6658838391304016,0.3064117729663849
r2_gw,0.587164580821991,0.5902197957038879
r2_gw,0.6490488052368164,0.18122218549251556
r2_gw,0.776619553565979,0.5984472632408142
r2_gw,0.20320813357830048,0.06417776644229889
r2_gw,0.7206043601036072,0.5739724636077881
r2_gw,0.6364783644676208,0.5656272172927856
r2_gw,0.8275460600852966,0.5943430662155151
r2_gw,0.3888763189315796,0.41181057691574097
r2_gw,0.3744978606700897,0.2891884446144104
r2_gw,0.36654219031333923,0.15501904487609863
r2_gw,0.6986440420150757,0.6033440828323364
r2_gw,0.524346113204956,0.5953563451766968
r2_gw,0.7875349521636963,0.611587643623352
r2_gw,0.7501028180122375,0.7646287083625793
r2_gw,0.343497097492218,0.479162335395813
r2_gw,0.5904648900032043,0.694976270198822
r2_gw,0.3693199157714844,0.1569472998380661
r2_gw,0.2679324150085449,0.3013978600502014
r2_gw,0.6651773452758789,0.599972665309906
r2_gw,0.5761168599128723,0.5900411009788513
r2_gw,0.4189598858356476,0.4978315830230713
r2_gw,0.39981016516685486,0.5766605138778687
r2_gw,0.47009411454200745,0.3427889049053192
r2_gw,0.5920997858047485,0.461814284324646
r2_gw,0.24189282953739166,0.41341179609298706
r2_gw,0.3695838153362274,0.0395440012216568
r2_gw,0.8478593230247498,0.6220284700393677
r2_gw,0.6863661408424377,0.39541563391685486
r2_gw,0.5220471024513245,0.2484385073184967
r2_gw,0.7955343127250671,0.6304768919944763
r2_gw,0.5128540396690369,0.603988528251648
r2_gw,0.49928632378578186,0.5379352569580078
r2_gw,0.5779767632484436,0.6576389670372009
r2_gw,0.8135715126991272,0.6096510291099548
r2_gw,0.7757337093353271,0.46761706471443176
r2_gw,0.6151225566864014,0.6670306324958801
r2_gw,0.2568321228027344,0.3136070668697357
r2_gw,0.5626358985900879,0.7237259149551392
r2_gw,0.8098394274711609,0.6044710278511047
r2_gw,0.5220534801483154,0.21676021814346313
r2_gw,0.6728684306144714,0.6825318336486816
r2_gw,0.772456169128418,0.661663830280304
r2_gw,0.1543281525373459,0.27470314502716064
r2_gw,0.49953678250312805,0.26575806736946106
r2_gw,0.7062636613845825,0.07209396362304688
r2_gw,0.5835733413696289,0.6553241014480591
r2_gw,0.5843530893325806,0.5562713742256165
r2_gw,0.8042258620262146,0.7754868268966675
r2_gw,0.77524733543396,0.8222426176071167
r2_gw,0.45198091864585876,0.5202218294143677
r2_gw,0.5024523735046387,0.5797321200370789
r2_gw,0.4551995098590851,0.2681068480014801
r2_gw,0.6573696136474609,0.5558767914772034
r2_gw,0.8829850554466248,0.7358684539794922
r2_gw,0.47244611382484436,0.06798302382230759
r2_gw,0.7275949120521545,0.6738455891609192
r2_gw,0.6167619228363037,0.319455087184906
r2_gw,0.2206103503704071,0.19952216744422913
r2_gw,0.9227129817008972,0.6208886504173279
r2_gw,0.8327710032463074,0.6077055335044861
r2_gw,0.6799767017364502,0.684964120388031
r2_gw,0.46098390221595764,0.6225287914276123
r2_gw,0.30273404717445374,0.11501304060220718
r2_gw,0.6745871305465698,0.6949264407157898
r2_gw,0.5370347499847412,0.4093921184539795
r2_gw,0.29679712653160095,0.37232983112335205
r2_gw,0.2540301978588104,0.2546115517616272
r2_gw,0.5647794604301453,0.6078017354011536
r2_gw,0.566900372505188,0.4383309781551361
r2_gw,0.43545374274253845,0.3854699432849884
r2_gw,0.6882427930831909,0.7557957768440247
r2_gw,0.6834532618522644,0.560961902141571
r2_gw,0.8041732907295227,0.6632061004638672
r2_gw,0.7216653823852539,0.6195670366287231
r2_gw,0.25453728437423706,0.044062308967113495
r2_gw,0.306021511554718,0.4141465723514557
r2_gw,0.6786901950836182,0.677087128162384
r2_gw,0.4946141242980957,0.3556852340698242
r2_gw,0.8443224430084229,0.6070963144302368
r2_gw,0.7415903210639954,0.6467228531837463
r2_gw,0.21570108830928802,0.2277248203754425
r2_gw,0.7216727137565613,0.40664201974868774
r2_gw,0.665178656578064,0.6161730289459229
r2_gw,0.34578996896743774,0.31062743067741394
r2_gw,0.6827101707458496,0.45302408933639526
r2_gw,0.5211241841316223,0.5922060012817383
r2_gw,0.331278920173645,0.3425358235836029
r2_gw,0.09654825180768967,0.18839918076992035
r2_gw,0.35855159163475037,0.24241265654563904
r2_gw,0.5627925992012024,0.4213019609451294
r2_gw,0.2650490999221802,0.06925271451473236
r2_gw,0.6735466718673706,0.6342471241950989
r2_gw,0.4475177824497223,0.46835896372795105
r2_gw,0.4522004723548889,0.06263349205255508
r2_gw,0.8915619254112244,0.6968167424201965
r2_gw,0.586453378200531,0.6023102402687073
r2_gw,0.5561986565589905,0.3671063184738159
r2_gw,0.473103404045105,0.5551629662513733
r2_gw,0.6204755902290344,0.6395202279090881
r2_gw,0.6128935217857361,0.6385511755943298
r2_gw,0.7719709873199463,0.6374402642250061
r2_gw,0.07450465857982635,0.007764670066535473
r2_gw,0.6334542036056519,0.25763052701950073
r2_gw,0.12673240900039673,0.12402836978435516
r2_gw,0.8782995343208313,0.6040095686912537
r2_gw,0.7682880163192749,0.5200185775756836
r2_gw,0.17622022330760956,0.006348243448883295
r2_gw,0.6536279320716858,0.6885221004486084
r2_gw,0.5786135792732239,0.7073118090629578
r2_gw,0.052114494144916534,0.09355448931455612
r2_gw,0.7412174344062805,0.6007550954818726
r2_gw,0.7711828351020813,0.4794626533985138
r2_gw,0.9010748863220215,0.6493232250213623
r2_gw,0.7214154005050659,0.6275715827941895
r2_gw,0.64043790102005,0.3250415027141571
r2_gw,0.8032830357551575,0.5371320843696594
r2_gw,0.47748497128486633,0.5652703642845154
r2_gw,0.5032391548156738,0.47795429825782776
r2_gw,0.6931263208389282,0.12784750759601593
r2_gw,0.7235540747642517,0.6525704264640808
r2_gw,0.5611284971237183,0.5882057547569275
r2_gw,0.1242193877696991,0.1908956617116928
r2_gw,0.2240803986787796,0.1559881716966629
r2_gw,0.7703431844711304,0.5787329077720642
r2_gw,0.6113835573196411,0.5497790575027466
r2_gw,0.4905072748661041,0.6339990496635437
r2_gw,0.5572056770324707,0.3163248300552368
r2_gw,0.7030015587806702,0.539557933807373
r2_gw,0.4695584774017334,0.5694344639778137
r2_gw,0.303189218044281,0.0334249846637249
r2_gw,0.6249478459358215,0.6117500066757202
r2_gw,0.6501325964927673,0.1223892942070961
r2_gw,0.61366868019104,0.5238696336746216
r2_gw,0.972458004951477,0.6524598598480225
r2_gw,0.24532049894332886,0.09642396122217178
r2_gw,0.1428675353527069,0.15102559328079224
r2_gw,0.25660037994384766,0.3858160972595215
r2_gw,0.534428596496582,0.3129233121871948
r2_gw,0.6478017568588257,0.6229436993598938
r2_gw,0.7003751397132874,0.6010311245918274
r2_gw,0.2121567279100418,0.2758656144142151
r2_gw,0.6586449146270752,0.5589358806610107
r2_gw,0.37900349497795105,0.33415690064430237
r2_gw,0.31782227754592896,0.46151280403137207
r2_gw,0.5789548754692078,0.5875211954116821
r2_gw,0.36694344878196716,0.19142338633537292
r2_gw,0.42073845863342285,0.36164796352386475
r2_gw,0.38262709975242615,0.3438322842121124
r2_gw,0.7120835781097412,0.183813214302063
r2_gw,0.8122634887695312,0.6276764273643494
r2_gw,0.5776139497756958,0.5851824879646301
r2_gw,0.1728813499212265,0.051366373896598816
r2_gw,0.5347508788108826,0.12078267335891724
r2_gw,0.9016340374946594,0.7017537951469421
r2_gw,0.27663174271583557,0.07252517342567444
r2_gw,0.6615813374519348,0.07760677486658096
r2_gw,0.15465745329856873,0.07797761261463165
r2_gw,0.6179643273353577,0.6597713828086853
r2_gw,0.44655391573905945,0.11657495051622391
r2_gw,0.4462526738643646,0.5354741811752319
r2_gw,0.6639848351478577,0.2579164505004883
r2_gw,0.7635514140129089,0.4384503960609436
r2_gw,0.24058984220027924,0.42321497201919556
r2_gw,0.9169763922691345,0.7158546447753906
r2_gw,0.3439236581325531,0.46638527512550354
r2_gw,0.7457875609397888,0.637907862663269
r2_gw,0.6193684339523315,0.744253933429718
r2_gw,0.6416685581207275,0.6583529710769653
r2_gw,0.5066887140274048,0.6148924231529236
r2_gw,0.6245969533920288,0.07258494198322296
r2_gw,0.09983523935079575,0.26352497935295105
r2_gw,0.6512041687965393,0.7865039706230164
r2_gw,0.6134878396987915,0.6074459552764893
r2_gw,0.7608722448348999,0.5532500147819519
r2_gw,0.2670091390609741,0.16714392602443695
r2_gw,0.46848613023757935,0.4228978753089905
r2_gw,0.640487551689148,0.3903481960296631
r2_gw,0.5651389956474304,0.10878827422857285
r2_gw,0.5351848602294922,0.5472707748413086
r2_gw,0.7074418067932129,0.7100361585617065
r2_gw,0.35076937079429626,0.10716348141431808
r2_gw,0.7315697073936462,0.5612673163414001
r2_gw,0.7524122595787048,0.6569639444351196
r2_gw,0.33556053042411804,0.3458426296710968
r2_gw,0.2679654657840729,0.35454830527305603
r2_gw,0.29775169491767883,0.27264168858528137
r2_gw,0.11799255758523941,0.14642219245433807
r2_gw,0.20027293264865875,0.31650635600090027
r2_gw,0.14463162422180176,0.23953953385353088
r2_gw,0.863002598285675,0.6199826598167419
r2_gw,0.7685025334358215,0.6078367829322815
r2_gw,0.19799895584583282,0.15292395651340485
r2_gw,0.36742261052131653,0.10250163078308105
r2_gw,0.6862952709197998,0.8554547429084778
r2_gw,0.47236374020576477,0.5659704804420471
r2_gw,0.5368015766143799,0.038225360214710236
r2_gw,0.3558538854122162,0.05452520400285721
r2_gw,0.44991016387939453,0.5864139199256897
r2_gw,0.655788004398346,0.6934581995010376
r2_gw,0.46835094690322876,0.6351405382156372
r2_gw,0.7633081078529358,0.6594329476356506
r2_gw,0.2609182298183441,0.19419072568416595
r2_gw,0.22365377843379974,0.344653844833374
r2_gw,0.6294580698013306,0.5003371238708496
r2_gw,0.6285908222198486,0.5697664022445679
r2_gw,0.7845674753189087,0.6730263233184814
r2_gw,0.6388582587242126,0.5777335166931152
r2_gw,0.6227841377258301,0.6075937747955322
r2_gw,0.41918304562568665,0.4577016234397888
r2_gw,0.6922558546066284,0.6189960241317749
r2_gw,0.16463661193847656,0.25506216287612915
r2_gw,0.35781487822532654,0.1426953375339508
r2_gw,0.5745425224304199,0.6339655518531799
r2_gw,0.8813875317573547,0.6662307381629944
r2_gw,0.12328258156776428,0.018518513068556786
r2_gw,0.6942483186721802,0.6412783265113831
r2_gw,0.5168794989585876,0.5072079300880432
r2_gw,0.3386293053627014,0.26123693585395813
r2_gw,0.8725343942642212,0.582343339920044
r2_gw,0.3899378776550293,0.24240092933177948
r2_gw,0.39507362246513367,0.5255149602890015
r2_gw,0.4941202998161316,0.5914758443832397
r2_gw,0.5594308376312256,0.19493673741817474
r2_gw,0.8134908080101013,0.6175526976585388
r2_gw,0.7043712139129639,0.10005611181259155
r2_gw,0.6202316880226135,0.7653183937072754
r2_gw,0.7325007915496826,0.5764381885528564
r2_gw,0.5000806450843811,0.6197037696838379
r2_gw,0.5565516948699951,0.43756362795829773
r2_gw,0.5447028875350952,0.07759299129247665
r2_gw,0.3671266734600067,0.07755188643932343
r2_gw,0.48395997285842896,0.09014394134283066
r2_gw,0.7048873901367188,0.6775690317153931
r2_gw,0.8185098767280579,0.6799830198287964
r2_gw,0.7197221517562866,0.6031550168991089
r2_gw,0.747999370098114,0.631187915802002
r2_gw,0.5333030223846436,0.6936215162277222
r2_gw,0.708484947681427,0.5780000686645508
r2_gw,0.5575692057609558,0.10359401255846024
r2_gw,0.33057403564453125,0.2478152960538864
r2_gw,0.23462921380996704,0.3760397434234619
r2_gw,0.5533298254013062,0.6126071214675903
r2_gw,0.8495569229125977,0.6508875489234924
r2_gw,0.48352015018463135,0.4137231707572937
r2_gw,0.45456844568252563,0.6282438039779663
r2_gw,0.9045449495315552,0.6552304029464722
r2_gw,0.4064730405807495,0.3972768783569336
r2_gw,0.42475128173828125,0.33491185307502747
r2_gw,0.6070878505706787,0.5618546009063721
r2_gw,0.5143572092056274,0.5624178051948547
r2_gw,0.7188140153884888,0.393634557723999
r2_gw,0.8397419452667236,0.6076334714889526
r2_gw,0.6652870774269104,0.6057788133621216
r2_gw,0.6634331941604614,0.01231126207858324
r2_gw,0.2642844319343567,0.2407432645559311
r2_gw,0.27924466133117676,0.17013733088970184
r2_gw,0.5047980546951294,0.1026546061038971
r2_gw,0.49170932173728943,0.07530032098293304
r2_gw,0.5197443962097168,0.19652289152145386
r2_gw,0.5770744681358337,0.3523712158203125
r2_gw,0.11774713546037674,0.1192740648984909
r2_gw,0.2796567380428314,0.3098556101322174
r2_gw,0.28353241086006165,0.04956775903701782
r2_gw,0.37654441595077515,0.5075811743736267
r2_gw,0.8921075463294983,0.6193198561668396
r2_gw,0.6734033226966858,0.7078814506530762
r2_gw,0.8732751607894897,0.6557561159133911
r2_gw,0.4721581041812897,0.6457579135894775
r2_gw,0.6277548670768738,0.6101100444793701
r2_gw,0.4447692036628723,0.5115087628364563
r2_gw,0.6886357069015503,0.30286750197410583
r2_gw,0.31319552659988403,0.3761777877807617
r2_gw,0.8939830660820007,0.6346583962440491
r2_gw,0.10608743131160736,0.01727370359003544
r2_gw,0.3139662742614746,0.4397856891155243
r2_gw,0.6688467264175415,0.6328102350234985
r2_gw,0.5992099046707153,0.43465059995651245
r2_gw,0.36179742217063904,0.06654713302850723
r2_gw,0.5816219449043274,0.19957485795021057
r2_gw,0.6620252132415771,0.632859468460083
r2_gw,0.6784799695014954,0.5965396165847778
r2_gw,0.665431797504425,0.5703719258308411
r2_gw,0.8160514235496521,0.5201317071914673
r2_gw,0.8779122233390808,0.6180954575538635
r2_gw,0.46747875213623047,0.16191703081130981
r2_gw,0.7603618502616882,0.5873850584030151
r2_gw,0.6073200106620789,0.22457773983478546
r2_gw,0.6865273118019104,0.23319929838180542
r2_gw,0.3500484824180603,0.5497090220451355
r2_gw,0.34442058205604553,0.3020923137664795
r2_gw,0.42825189232826233,0.522027313709259
r2_gw,0.543420672416687,0.5656208395957947
r2_gw,0.6917673349380493,0.6546202898025513
r2_gw,0.4455452263355255,0.46560415625572205
r2_gw,0.21967795491218567,0.09337692707777023
r2_gw,0.925283670425415,0.6494832634925842
r2_gw,0.42981165647506714,0.505596399307251
r2_gw,0.8136379718780518,0.6279690861701965
r2_gw,0.705691933631897,0.6802106499671936
r2_gw,0.4455087184906006,0.5959123373031616
r2_gw,0.30130985379219055,0.0577828548848629
r2_gw,0.4062172770500183,0.05476006865501404
r2_gw,0.22370019555091858,0.45135772228240967
r2_gw,0.48784106969833374,0.4014618992805481
r2_gw,0.577840268611908,0.5519552826881409
r2_gw,0.1536758542060852,0.29692670702934265
r2_gw,0.5766599178314209,0.5677922964096069
r2_gw,0.6373593211174011,0.6129247546195984
r2_gw,0.34695419669151306,0.20401626825332642
r2_gw,0.2851184010505676,0.11884640157222748
r2_gw,0.6996628642082214,0.6396754384040833
r2_gw,0.8501023650169373,0.6263154745101929
r2_gw,0.7175124287605286,0.7331772446632385
r2_gw,0.8511356115341187,0.5063116550445557
r2_gw,0.672670304775238,0.5825116038322449
r2_gw,0.35473403334617615,0.5243843197822571
r2_gw,0.6711191534996033,0.19259659945964813
r2_gw,0.16567879915237427,0.003166778013110161
r2_gw,0.3936865031719208,0.40911608934402466
r2_gw,0.2955365478992462,0.3225851058959961
r2_gw,0.47450533509254456,0.10737692564725876
r2_gw,0.7195829749107361,0.27208051085472107
r2_gw,0.36855119466781616,0.5380038619041443
r2_gw,0.8021296262741089,0.5307703614234924
r2_gw,0.349582701921463,0.40948066115379333
r2_gw,0.6125192046165466,0.6301189661026001
r2_gw,0.8662065863609314,0.658291220664978
r2_gw,0.8164946436882019,0.6379778981208801
r2_gw,0.8694398999214172,0.6308450102806091
r2_gw,0.7194603085517883,0.25491487979888916
r2_gw,0.8872276544570923,0.6073294878005981
r2_gw,0.6417844891548157,0.46172475814819336
r2_gw,0.6461270451545715,0.7991560101509094
r2_gw,0.5178611278533936,0.04962094500660896
r2_gw,0.799167811870575,0.677952229976654
r2_gw,0.9267527461051941,0.7203871011734009
r2_gw,0.6983205676078796,0.6279954314231873
r2_gw,0.6898584365844727,0.8025155663490295
r2_gw,0.3005409240722656,0.3565737307071686
r2_gw,0.37043750286102295,0.025731658563017845
r2_gw,0.3489242196083069,0.4297455847263336
r2_gw,0.4356214106082916,0.5178955793380737
r2_gw,0.6767755746841431,0.35276323556900024
r2_gw,0.38476645946502686,0.04293370991945267
r2_gw,0.5715153813362122,0.28794917464256287
r2_gw,0.7257980108261108,0.6945720314979553
r2_gw,0.34602952003479004,0.4701186418533325
r2_gw,0.6321465969085693,0.09002386033535004
r2_gw,0.44817405939102173,0.5844606161117554
r2_gw,0.3749847412109375,0.36763596534729004
r2_gw,0.39553630352020264,0.218563973903656
r2_gw,0.34964773058891296,0.393092542886734
r2_gw,0.49367135763168335,0.49881985783576965
r2_gw,0.544960618019104,0.4392164945602417
r2_gw,0.6551997661590576,0.16273637115955353
r2_gw,0.47057849168777466,0.6400598287582397
r2_gw,0.46674972772598267,0.3454623222351074
r2_gw,0.6348900198936462,0.3413216769695282
r2_gw,0.6388806700706482,0.5815578103065491
r2_gw,0.3037431836128235,0.24134309589862823
r2_gw,0.6556510329246521,0.8143584728240967
r2_gw,0.5032052397727966,0.6381538510322571
r2_gw,0.6162195801734924,0.22702722251415253
r2_gw,0.3176927864551544,0.18704311549663544
r2_gw,0.3767167031764984,0.47298663854599
r2_gw,0.6204065680503845,0.7478740215301514
r2_gw,0.46918946504592896,0.5086327791213989
r2_gw,0.16964249312877655,0.21494793891906738
r2_gw,0.5075414180755615,0.6132400631904602
r2_gw,0.17109276354312897,0.3800191879272461
r2_gw,0.2803924083709717,0.2621104121208191
r2_gw,0.1548604816198349,0.13258567452430725
r2_gw,0.30594560503959656,0.3673306107521057
r2_gw,0.25563931465148926,0.0856093317270279
r2_gw,0.7438619136810303,0.5570863485336304
r2_gw,0.6515019536018372,0.6261086463928223
r2_gw,0.6978831887245178,0.14689576625823975
r2_gw,0.12023614346981049,0.10445917397737503
r2_gw,0.5647764801979065,0.7439600825309753
r2_gw,0.13528168201446533,0.19187772274017334
r2_gw,0.3743063509464264,0.2507694661617279
r2_gw,0.587109386920929,0.22383901476860046
r2_gw,0.5760042667388916,0.6211249232292175
r2_gw,0.505336582660675,0.26525044441223145
r2_gw,0.5177679061889648,0.5479884147644043
r2_gw,0.4703342616558075,0.38149869441986084
r2_gw,0.6560099124908447,0.6408777236938477
r2_gw,0.5625633597373962,0.3599911630153656
r2_gw,0.8691521286964417,0.6737656593322754
r2_gw,0.19882161915302277,0.251130074262619
r2_gw,0.7213563919067383,0.7228870987892151
r2_gw,0.5628161430358887,0.5711262822151184
r2_gw,0.7999307513237,0.6166331171989441
r2_gw,0.27479252219200134,0.43734654784202576
r2_gw,0.7003219723701477,0.10348643362522125
r2_gw,0.34116676449775696,0.4250989854335785
r2_gw,0.2906908094882965,0.196885883808136
r2_gw,0.7740806937217712,0.8301345705986023
r2_gw,0.6907056570053101,0.4288346767425537
r2_gw,0.5564140677452087,0.363141268491745
r2_gw,0.4983764886856079,0.48016008734703064
r2_gw,0.4881316125392914,0.47851845622062683
r2_gw,0.4650394022464752,0.33047640323638916
r2_gw,0.4410220682621002,0.564504086971283
r2_gw,0.4755735397338867,0.6226295232772827
r2_gw,0.2983004152774811,0.4400337040424347
r2_gw,0.3114474415779114,0.2518526613712311
r2_gw,0.15908002853393555,0.11754129081964493
r2_gw,0.35328197479248047,0.3143068552017212
r2_gw,0.7463133335113525,0.29593324661254883
r2_gw,0.4564113914966583,0.1445877104997635
r2_gw,0.694545567035675,0.5248779654502869
r2_gw,0.6239067316055298,0.7738308906555176
r2_gw,0.4024063050746918,0.3959863781929016
r2_gw,0.1785542517900467,0.11557023227214813
r2_gw,0.1859123259782791,0.2243199497461319
r2_gw,0.47479602694511414,0.4254385232925415
r2_gw,0.7059798836708069,0.595348060131073
r2_gw,0.6564975380897522,0.5681869387626648
r2_gw,0.7062985897064209,0.713980495929718
r2_gw,0.5435534119606018,0.3694729804992676
r2_gw,0.10018520057201385,0.11491556465625763
r2_gw,0.5789859294891357,0.6471296548843384
r2_gw,0.4717675447463989,0.5773512125015259
r2_gw,0.6464064717292786,0.49322783946990967
r2_gw,0.4377354085445404,0.6001632809638977
r2_gw,0.8524324297904968,0.5964375138282776
r2_gw,0.5802982449531555,0.6056482791900635
r2_gw,0.6884539723396301,0.1175203025341034
r2_gw,0.0753595158457756,0.13491873443126678
r2_gw,0.29436415433883667,0.13269801437854767
r2_gw,0.644298255443573,0.5553019642829895
r2_gw,0.46352240443229675,0.5440515875816345
r2_gw,0.5864837169647217,0.5760608315467834
r2_gw,0.42140835523605347,0.5714871883392334
r2_gw,0.39855191111564636,0.5710200667381287
r2_gw,0.8017594814300537,0.5793023109436035
r2_gw,0.61800616979599,0.28157860040664673
r2_gw,0.49921759963035583,0.5500338673591614
r2_gw,0.675152599811554,0.2476867437362671
r2_gw,0.3048417866230011,0.262844443321228
r2_gw,0.2706751227378845,0.5057300925254822
r2_gw,0.8370009660720825,0.604322612285614
r2_gw,0.749391496181488,0.6862345337867737
r2_gw,0.5739873051643372,0.1806546300649643
r2_gw,0.47778844833374023,0.6342466473579407
r2_gw,0.7916994094848633,0.7810934782028198
r2_gw,0.515849769115448,0.496498703956604
r2_gw,0.6509209871292114,0.7153530120849609
r2_gw,0.6804613471031189,0.06677703559398651
r2_gw,0.8453144431114197,0.7823506593704224
r2_gw,0.8296845555305481,0.7532864809036255
r2_gw,0.3276228606700897,0.326690137386322
r2_gw,0.5198693871498108,0.594082236289978
r2_gw,0.3947034776210785,0.23857128620147705
r2_gw,0.3600142300128937,0.46183308959007263
r2_gw,0.5510766506195068,0.04968074709177017
r2_gw,0.666640043258667,0.6567440032958984
r2_gw,0.1839423030614853,0.26809290051460266
r2_gw,0.4950107932090759,0.6048912405967712
r2_gw,0.8293365240097046,0.7344738245010376
r2_gw,0.5287022590637207,0.5941548347473145
r2_gw,0.6319341659545898,0.373096227645874
r2_gw,0.36613208055496216,0.38855352997779846
r2_gw,0.8988330364227295,0.718725323677063
r2_gw,0.5022830367088318,0.6271302103996277
r2_gw,0.5537803769111633,0.412573903799057
r2_gw,0.25248825550079346,0.133387953042984
r2_gw,0.6989286541938782,0.6299557089805603
r2_gw,0.7169661521911621,0.6464265584945679
r2_gw,0.8166913986206055,0.6476789116859436
r2_gw,0.6652457118034363,0.6577226519584656
r2_gw,0.42958617210388184,0.5681946277618408
r2_gw,0.30724287033081055,0.05311419814825058
r2_gw,0.10759475082159042,0.23337949812412262
r2_gw,0.4933863580226898,0.492066353559494
r2_gw,0.6512063145637512,0.6492002606391907
r2_gw,0.2641851305961609,0.4564658999443054
r2_gw,0.42831507325172424,0.3688342571258545
r2_gw,0.40000486373901367,0.3544081449508667
r2_gw,0.6332055926322937,0.5210511088371277
r2_gw,0.871258020401001,0.6308354735374451
r2_gw,0.7941026091575623,0.5369346141815186
r2_gw,0.11505688726902008,0.22945265471935272
r2_gw,0.3311797082424164,0.4621451199054718
r2_gw,0.5249136686325073,0.2706972360610962
r2_gw,0.7276837825775146,0.39118286967277527
r2_gw,0.6977578997612,0.6792845129966736
r2_gw,0.39424851536750793,0.1936529129743576
r2_gw,0.6853148937225342,0.6320016980171204
r2_gw,0.58604896068573,0.4876054525375366
r2_gw,0.9754420518875122,0.6027923226356506
r2_gw,0.8157203793525696,0.6551783680915833
r2_gw,0.9295351505279541,0.7640198469161987
r2_gw,0.5381467938423157,0.6193821430206299
r2_gw,0.4738460183143616,0.04743511602282524
r2_gw,0.7870243191719055,0.6078840494155884
r2_gw,0.5047029256820679,0.5336576104164124
r2_gw,0.4195620119571686,0.5108814835548401
r2_gw,0.7283943295478821,0.6224588751792908
r2_gw,0.716453492641449,0.5577716827392578
r2_gw,0.6704185009002686,0.49733373522758484
r2_gw,0.7438861727714539,0.6779468059539795
r2_gw,0.3424917757511139,0.38808301091194153
r2_gw,0.5191466808319092,0.6335925459861755
r2_gw,0.6655457615852356,0.20049282908439636
r2_gw,0.6795662045478821,0.6886742115020752
r2_gw,0.5948474407196045,0.4431252181529999
r2_gw,0.8365957736968994,0.6187959909439087
r2_gw,0.6510192155838013,0.2298147827386856
r2_gw,0.579158365726471,0.5717589855194092
r2_gw,0.5666923522949219,0.4365518093109131
r2_gw,0.751288115978241,0.5689852833747864
r2_gw,0.5459755659103394,0.5364869236946106
r2_gw,0.7585625648498535,0.6860763430595398
r2_gw,0.9167507290840149,0.6473162770271301
r2_gw,0.6164445877075195,0.03809356689453125
s2_gw,0.6722128391265869,0.8014858961105347
s2_gw,0.6923744678497314,0.19888682663440704
s2_gw,0.6041635274887085,0.8088889122009277
s2_gw,0.6375307440757751,0.7076459527015686
s2_gw,0.25256770849227905,0.1892167031764984
s2_gw,0.6855026483535767,0.21108178794384003
s2_gw,0.33250662684440613,0.4444288909435272
s2_gw,0.5981888175010681,0.3627623915672302
s2_gw,0.19532886147499084,0.1396409422159195
s2_gw,0.5288853049278259,0.14949075877666473
s2_gw,0.5980750918388367,0.12350408732891083
s2_gw,0.7411211133003235,0.3991239070892334
s2_gw,0.3966282606124878,0.18676117062568665
s2_gw,0.4031238555908203,0.5481837391853333
s2_gw,0.5320050120353699,0.6883028745651245
s2_gw,0.6639357209205627,0.32350924611091614
s2_gw,0.6673371195793152,0.1411544531583786
s2_gw,0.6201834678649902,0.524675190448761
s2_gw,0.6316667199134827,0.44031020998954773
s2_gw,0.4348776638507843,0.537686288356781
s2_gw,0.4653898775577545,0.6570684313774109
s2_gw,0.5217828154563904,0.29491981863975525
s2_gw,0.7134137749671936,0.7544310092926025
s2_gw,0.3572862446308136,0.4389316141605377
s2_gw,0.12176802009344101,0.10962933301925659
s2_gw,0.4748515784740448,0.13336366415023804
s2_gw,0.6814644932746887,0.8975323438644409
s2_gw,0.775964617729187,0.8836999535560608
s2_gw,0.23992183804512024,0.23419025540351868
s2_gw,0.5012626647949219,0.5831010341644287
s2_gw,0.7040987014770508,0.24220745265483856
s2_gw,0.7119409441947937,0.5834660530090332
s2_gw,0.5960404872894287,0.825705885887146
s2_gw,0.4888141453266144,0.7070519328117371
s2_gw,0.67606520652771,0.9200648069381714
s2_gw,0.46561434864997864,0.28504320979118347
s2_gw,0.6681094765663147,0.7317312955856323
s2_gw,0.7109102606773376,0.49437788128852844
s2_gw,0.6665847301483154,0.27066102623939514
s2_gw,0.2179446816444397,0.07047436386346817
s2_gw,0.33182817697525024,0.3285350799560547
s2_gw,0.6323946118354797,0.15248291194438934
s2_gw,0.28668010234832764,0.3660165071487427
s2_gw,0.6892414093017578,0.14814746379852295
s2_gw,0.7195399403572083,0.356065958738327
s2_gw,0.4406168758869171,0.22686122357845306
s2_gw,0.5768558382987976,0.23243488371372223
s2_gw,0.30603277683258057,0.36707282066345215
s2_gw,0.46034371852874756,0.3245808184146881
s2_gw,0.1546136736869812,0.09303287416696548
s2_gw,0.826561689376831,0.9504618048667908
s2_gw,0.5480884909629822,0.6475261449813843
s2_gw,0.6815760731697083,0.41794103384017944
s2_gw,0.3502323627471924,0.09881521761417389
s2_gw,0.6864508390426636,0.2516123652458191
s2_gw,0.4697575569152832,0.3202199637889862
s2_gw,0.6172534227371216,0.521820604801178
s2_gw,0.14933264255523682,0.07821051776409149
s2_gw,0.3665606379508972,0.18950623273849487
s2_gw,0.6963769793510437,0.2766680121421814
s2_gw,0.4906842112541199,0.34949883818626404
s2_gw,0.6426010131835938,0.20812350511550903
s2_gw,0.6454780101776123,0.10009533911943436
s2_gw,0.2084350883960724,0.15748333930969238
s2_gw,0.6825850009918213,0.7171750664710999
s2_gw,0.3899328112602234,0.48774242401123047
s2_gw,0.16102367639541626,0.07993916422128677
s2_gw,0.3442828357219696,0.41597893834114075
s2_gw,0.4274316430091858,0.20106886327266693
s2_gw,0.11742936819791794,0.02545423060655594
s2_gw,0.783351480960846,0.6942190527915955
s2_gw,0.41775837540626526,0.554466724395752
s2_gw,0.7941168546676636,0.8666480183601379
s2_gw,0.5070766806602478,0.4437030255794525
s2_gw,0.6709479093551636,0.5009615421295166
s2_gw,0.7661570906639099,0.7658676505088806
s2_gw,0.6001632213592529,0.8283857107162476
s2_gw,0.6451821327209473,0.8419806361198425
s2_gw,0.7982839345932007,0.46072492003440857
s2_gw,0.7536454796791077,0.44758671522140503
s2_gw,0.5178701281547546,0.4219714403152466
s2_gw,0.5625338554382324,0.3216424882411957
s2_gw,0.5926864147186279,0.30165085196495056
s2_gw,0.36081716418266296,0.5336416363716125
s2_gw,0.6725191473960876,0.6423594951629639
s2_gw,0.9255259037017822,0.9158307313919067
s2_gw,0.681771993637085,0.8557130098342896
s2_gw,0.7302289605140686,0.4952192008495331
s2_gw,0.8406795263290405,0.7683674097061157
s2_gw,0.7345775961875916,0.9205129146575928
s2_gw,0.390102356672287,0.2350820153951645
s2_gw,0.3231827914714813,0.30709850788116455
s2_gw,0.47582533955574036,0.32447758316993713
s2_gw,0.2398652583360672,0.3230641484260559
s2_gw,0.3505168855190277,0.068099744617939
s2_gw,0.5969924330711365,0.19829514622688293
s2_gw,0.29633116722106934,0.389432817697525
s2_gw,0.26108333468437195,0.29218828678131104
s2_gw,0.4749119281768799,0.06757255643606186
s2_gw,0.5508828163146973,0.7817538380622864
s2_gw,0.39060622453689575,0.2233155369758606
s2_gw,0.6817679405212402,0.6705991625785828
s2_gw,0.5806399583816528,0.37696409225463867
s2_gw,0.6690271496772766,0.8141924738883972
s2_gw,0.43665197491645813,0.585477888584137
s2_gw,0.6160547137260437,0.7849135398864746
s2_gw,0.7580825686454773,0.9065514206886292
s2_gw,0.5191723108291626,0.6439638733863831
s2_gw,0.71576327085495,0.549183189868927
s2_gw,0.22624114155769348,0.25420743227005005
s2_gw,0.6763280034065247,0.855039656162262
s2_gw,0.7209561467170715,0.8886249661445618
s2_gw,0.2329988330602646,0.24612142145633698
s2_gw,0.33501219749450684,0.3429624140262604
s2_gw,0.5143541097640991,0.5009254217147827
s2_gw,0.5030090808868408,0.40532028675079346
s2_gw,0.5454819798469543,0.1994190216064453
s2_gw,0.3618903160095215,0.29120391607284546
s2_gw,0.272144615650177,0.08013567328453064
s2_gw,0.7662677764892578,0.5750824213027954
s2_gw,0.3367999792098999,0.46817827224731445
s2_gw,0.1566757708787918,0.19593004882335663
s2_gw,0.15500399470329285,0.19943319261074066
s2_gw,0.31895095109939575,0.053113482892513275
s2_gw,0.3648190498352051,0.46214473247528076
s2_gw,0.569147527217865,0.7131329774856567
s2_gw,0.8360212445259094,0.885488748550415
s2_gw,0.09387049823999405,0.06471896171569824
s2_gw,0.3562849164009094,0.43619632720947266
s2_gw,0.4238395690917969,0.49943748116493225
s2_gw,0.4400005340576172,0.2047390192747116
s2_gw,0.7098618745803833,0.9298455119132996
s2_gw,0.9065062403678894,0.9447359442710876
s2_gw,0.5858457088470459,0.6602243781089783
s2_gw,0.36710748076438904,0.14526915550231934
s2_gw,0.41885507106781006,0.5619608163833618
s2_gw,0.3227885663509369,0.4536821246147156
s2_gw,0.15144741535186768,0.03733888268470764
s2_gw,0.26506292819976807,0.16642150282859802
s2_gw,0.7260636687278748,0.8707540035247803
s2_gw,0.5433802008628845,0.23508793115615845
s2_gw,0.7362068295478821,0.7218698263168335
s2_gw,0.5037966966629028,0.6508513689041138
s2_gw,0.6353128552436829,0.07425041496753693
s2_gw,0.677454948425293,0.5589627027511597
s2_gw,0.5190284252166748,0.6128283739089966
s2_gw,0.7659897804260254,0.8624643087387085
s2_gw,0.9396837949752808,0.9476659297943115
s2_gw,0.5329930186271667,0.4465300142765045
s2_gw,0.23464399576187134,0.21377798914909363
s2_gw,0.8683801293373108,0.933018684387207
s2_gw,0.38093018531799316,0.4837456941604614
s2_gw,0.6701684594154358,0.6990146636962891
s2_gw,0.8028170466423035,0.6508744955062866
s2_gw,0.47830021381378174,0.1318858414888382
s2_gw,0.42244967818260193,0.5368411540985107
s2_gw,0.5822300910949707,0.6975704431533813
s2_gw,0.4384884834289551,0.09540989249944687
s2_gw,0.7594465017318726,0.7381328344345093
s2_gw,0.40026965737342834,0.4124757647514343
s2_gw,0.7281366586685181,0.4954946041107178
s2_gw,0.045821238309144974,0.08152320981025696
s2_gw,0.8004825115203857,0.9448790550231934
s2_gw,0.5560430884361267,0.689766526222229
s2_gw,0.3609611392021179,0.32898014783859253
s2_gw,0.8212133049964905,0.9142200350761414
s2_gw,0.7686335444450378,0.7731053829193115
s2_gw,0.3579011559486389,0.3852320611476898
s2_gw,0.44116106629371643,0.5826137661933899
s2_gw,0.8041103482246399,0.6724361181259155
s2_gw,0.6285566687583923,0.8444948792457581
s2_gw,0.4508422911167145,0.38324013352394104
s2_gw,0.4030672013759613,0.2854230999946594
s2_gw,0.555292010307312,0.16215477883815765
s2_gw,0.5920040607452393,0.7552628517150879
s2_gw,0.20905332267284393,0.23874196410179138
s2_gw,0.418244332075119,0.36710846424102783
s2_gw,0.9525507092475891,0.7982912659645081
s2_gw,0.25253424048423767,0.20466768741607666
s2_gw,0.6081061959266663,0.6147385835647583
s2_gw,0.7440950274467468,0.9862911105155945
s2_gw,0.3657618463039398,0.4858098328113556
s2_gw,0.6658838391304016,0.23783907294273376
s2_gw,0.587164580821991,0.482260137796402
s2_gw,0.6490488052368164,0.3246506154537201
s2_gw,0.776619553565979,0.8405551314353943
s2_gw,0.20320813357830048,0.10918398946523666
s2_gw,0.7206043601036072,0.5693802237510681
s2_gw,0.6364783644676208,0.6065582036972046
s2_gw,0.8275460600852966,0.7327069044113159
s2_gw,0.3888763189315796,0.2820020020008087
s2_gw,0.3744978606700897,0.24160519242286682
s2_gw,0.36654219031333923,0.26554015278816223
s2_gw,0.6986440420150757,0.751462996006012
s2_gw,0.524346113204956,0.5729912519454956
s2_gw,0.7875349521636963,0.7645445466041565
s2_gw,0.7501028180122375,0.9620038270950317
s2_gw,0.343497097492218,0.45026642084121704
s2_gw,0.5904648900032043,0.7976639866828918
s2_gw,0.3693199157714844,0.13012351095676422
s2_gw,0.2679324150085449,0.246006041765213
s2_gw,0.6651773452758789,0.7455784678459167
s2_gw,0.5761168599128723,0.7305598258972168
s2_gw,0.4189598858356476,0.5456575155258179
s2_gw,0.39981016516685486,0.5807507038116455
s2_gw,0.47009411454200745,0.26723015308380127
s2_gw,0.5920997858047485,0.38065895438194275
s2_gw,0.24189282953739166,0.3386220932006836
s2_gw,0.3695838153362274,0.05271711200475693
s2_gw,0.8478593230247498,0.9622761011123657
s2_gw,0.6863661408424377,0.5222139954566956
s2_gw,0.5220471024513245,0.270525187253952
s2_gw,0.7955343127250671,0.6655741333961487
s2_gw,0.5128540396690369,0.7045325040817261
s2_gw,0.49928632378578186,0.5456131100654602
s2_gw,0.5779767632484436,0.7315958738327026
s2_gw,0.8135715126991272,0.6804066300392151
s2_gw,0.7757337093353271,0.4852380156517029
s2_gw,0.6151225566864014,0.7045735120773315
s2_gw,0.2568321228027344,0.254650741815567
s2_gw,0.5626358985900879,0.808664083480835
s2_gw,0.8098394274711609,0.8639578819274902
s2_gw,0.5220534801483154,0.17191588878631592
s2_gw,0.6728684306144714,0.730253279209137
s2_gw,0.772456169128418,0.7220527529716492
s2_gw,0.1543281525373459,0.19944359362125397
s2_gw,0.49953678250312805,0.3963286280632019
s2_gw,0.7062636613845825,0.0560581274330616
s2_gw,0.5835733413696289,0.6866222023963928
s2_gw,0.5843530893325806,0.5533350110054016
s2_gw,0.8042258620262146,0.8632485866546631
s2_gw,0.77524733543396,0.8083258271217346
s2_gw,0.45198091864585876,0.552087128162384
s2_gw,0.5024523735046387,0.6248968839645386
s2_gw,0.4551995098590851,0.3415529727935791
s2_gw,0.6573696136474609,0.5456322431564331
s2_gw,0.8829850554466248,0.8416135311126709
s2_gw,0.47244611382484436,0.25449416041374207
s2_gw,0.7275949120521545,0.7782402038574219
s2_gw,0.6167619228363037,0.45390385389328003
s2_gw,0.2206103503704071,0.20089410245418549
s2_gw,0.9227129817008972,0.8564783930778503
s2_gw,0.8327710032463074,0.9024673104286194
s2_gw,0.6799767017364502,0.7544578909873962
s2_gw,0.46098390221595764,0.5758066177368164
s2_gw,0.30273404717445374,0.1223049908876419
s2_gw,0.6745871305465698,0.7801177501678467
s2_gw,0.5370347499847412,0.497281014919281
s2_gw,0.29679712653160095,0.3890707194805145
s2_gw,0.2540301978588104,0.18735474348068237
s2_gw,0.5647794604301453,0.6969742774963379
s2_gw,0.566900372505188,0.4268994927406311
s2_gw,0.43545374274253845,0.31002622842788696
s2_gw,0.6882427930831909,0.8899708986282349
s2_gw,0.6834532618522644,0.6225546598434448
s2_gw,0.8041732907295227,0.7764910459518433
s2_gw,0.7216653823852539,0.6730607748031616
s2_gw,0.25453728437423706,0.0663115382194519
s2_gw,0.306021511554718,0.4389888346195221
s2_gw,0.6786901950836182,0.7889416813850403
s2_gw,0.4946141242980957,0.41300418972969055
s2_gw,0.8443224430084229,0.7898151874542236
s2_gw,0.7415903210639954,0.7575253248214722
s2_gw,0.21570108830928802,0.3283897638320923
s2_gw,0.7216727137565613,0.30947405099868774
s2_gw,0.665178656578064,0.8981029987335205
s2_gw,0.34578996896743774,0.27144044637680054
s2_gw,0.6827101707458496,0.49589037895202637
s2_gw,0.5211241841316223,0.6606981158256531
s2_gw,0.331278920173645,0.3371804654598236
s2_gw,0.09654825180768967,0.1420508772134781
s2_gw,0.35855159163475037,0.19520828127861023
s2_gw,0.5627925992012024,0.449884295463562
s2_gw,0.2650490999221802,0.1427862048149109
s2_gw,0.6735466718673706,0.6666320562362671
s2_gw,0.4475177824497223,0.41403117775917053
s2_gw,0.4522004723548889,0.24320997297763824
s2_gw,0.8915619254112244,0.8455667495727539
s2_gw,0.586453378200531,0.7385644912719727
s2_gw,0.5561986565589905,0.4354618191719055
s2_gw,0.473103404045105,0.5975524187088013
s2_gw,0.6204755902290344,0.8303934931755066
s2_gw,0.6128935217857361,0.8219006061553955
s2_gw,0.7719709873199463,0.8490287661552429
s2_gw,0.07450465857982635,0.019130544736981392
s2_gw,0.6334542036056519,0.42115020751953125
s2_gw,0.12673240900039673,0.1456935852766037
s2_gw,0.8782995343208313,0.9379532933235168
s2_gw,0.7682880163192749,0.5898700952529907
s2_gw,0.17622022330760956,0.047401681542396545
s2_gw,0.6536279320716858,0.8632673621177673
s2_gw,0.5786135792732239,0.7714020013809204
s2_gw,0.052114494144916534,0.06408154219388962
s2_gw,0.7412174344062805,0.6907683610916138
s2_gw,0.7711828351020813,0.4914891719818115
s2_gw,0.9010748863220215,0.7763920426368713
s2_gw,0.7214154005050659,0.832328200340271
s2_gw,0.64043790102005,0.4028722941875458
s2_gw,0.8032830357551575,0.5393548011779785
s2_gw,0.47748497128486633,0.6276335120201111
s2_gw,0.5032391548156738,0.5423638820648193
s2_gw,0.6931263208389282,0.19119633734226227
s2_gw,0.7235540747642517,0.7149693965911865
s2_gw,0.5611284971237183,0.6484890580177307
s2_gw,0.1242193877696991,0.13157261908054352
s2_gw,0.2240803986787796,0.23015032708644867
s2_gw,0.7703431844711304,0.6589512228965759
s2_gw,0.6113835573196411,0.592150092124939
s2_gw,0.4905072748661041,0.6584372520446777
s2_gw,0.5572056770324707,0.39788857102394104
s2_gw,0.7030015587806702,0.5454005599021912
s2_gw,0.4695584774017334,0.6110329031944275
s2_gw,0.303189218044281,0.15356847643852234
s2_gw,0.6249478459358215,0.6927818059921265
s2_gw,0.6501325964927673,0.16706989705562592
s2_gw,0.61366868019104,0.4835645854473114
s2_gw,0.972458004951477,0.897404670715332
s2_gw,0.24532049894332886,0.09132547676563263
s2_gw,0.1428675353527069,0.1467883437871933
s2_gw,0.25660037994384766,0.33316856622695923
s2_gw,0.534428596496582,0.3808346092700958
s2_gw,0.6478017568588257,0.8548024296760559
s2_gw,0.7003751397132874,0.762351930141449
s2_gw,0.2121567279100418,0.27849090099334717
s2_gw,0.6586449146270752,0.5822116732597351
s2_gw,0.37900349497795105,0.32485371828079224
s2_gw,0.31782227754592896,0.3271426260471344
s2_gw,0.5789548754692078,0.6137304902076721
s2_gw,0.36694344878196716,0.2165445238351822
s2_gw,0.42073845863342285,0.4219694137573242
s2_gw,0.38262709975242615,0.2779347002506256
s2_gw,0.7120835781097412,0.33071255683898926
s2_gw,0.8122634887695312,0.6897396445274353
s2_gw,0.5776139497756958,0.6895204782485962
s2_gw,0.1728813499212265,0.08413287997245789
s2_gw,0.5347508788108826,0.13032497465610504
s2_gw,0.9016340374946594,0.9408104419708252
s2_gw,0.27663174271583557,0.09184003621339798
s2_gw,0.6615813374519348,0.07156573235988617
s2_gw,0.15465745329856873,0.12189766019582748
s2_gw,0.6179643273353577,0.7288981080055237
s2_gw,0.44655391573905945,0.08297280222177505
s2_gw,0.4462526738643646,0.5313231945037842
s2_gw,0.6639848351478577,0.2531273663043976
s2_gw,0.7635514140129089,0.34960609674453735
s2_gw,0.24058984220027924,0.3649933338165283
s2_gw,0.9169763922691345,0.8418635129928589
s2_gw,0.3439236581325531,0.41033440828323364
s2_gw,0.7457875609397888,0.7262914180755615
s2_gw,0.6193684339523315,0.8452500700950623
s2_gw,0.6416685581207275,0.6564038395881653
s2_gw,0.5066887140274048,0.65985506772995
s2_gw,0.6245969533920288,0.2576223313808441
s2_gw,0.09983523935079575,0.19244855642318726
s2_gw,0.6512041687965393,0.8035677671432495
s2_gw,0.6134878396987915,0.691220760345459
s2_gw,0.7608722448348999,0.6572261452674866
s2_gw,0.2670091390609741,0.2320287525653839
s2_gw,0.46848613023757935,0.4670379161834717
s2_gw,0.640487551689148,0.28345978260040283
s2_gw,0.5651389956474304,0.23161956667900085
s2_gw,0.5351848602294922,0.6219255924224854
s2_gw,0.7074418067932129,0.8186125159263611
s2_gw,0.35076937079429626,0.15781913697719574
s2_gw,0.7315697073936462,0.5973855257034302
s2_gw,0.7524122595787048,0.9207509160041809
s2_gw,0.33556053042411804,0.3023698627948761
s2_gw,0.2679654657840729,0.3617153763771057
s2_gw,0.29775169491767883,0.34053948521614075
s2_gw,0.11799255758523941,0.1345129758119583
s2_gw,0.20027293264865875,0.2827901542186737
s2_gw,0.14463162422180176,0.15596316754817963
s2_gw,0.863002598285675,0.8306682109832764
s2_gw,0.7685025334358215,0.8092320561408997
s2_gw,0.19799895584583282,0.21061481535434723
s2_gw,0.36742261052131653,0.16363303363323212
s2_gw,0.6862952709197998,0.8122237324714661
s2_gw,0.47236374020576477,0.6170709729194641
s2_gw,0.5368015766143799,0.056661445647478104
s2_gw,0.3558538854122162,0.03270331397652626
s2_gw,0.44991016387939453,0.45268264412879944
s2_gw,0.655788004398346,0.7133641242980957
s2_gw,0.46835094690322876,0.6334677338600159
s2_gw,0.7633081078529358,0.9400442242622375
s2_gw,0.2609182298183441,0.23406264185905457
s2_gw,0.22365377843379974,0.2676159739494324
s2_gw,0.6294580698013306,0.4140639305114746
s2_gw,0.6285908222198486,0.6710619926452637
s2_gw,0.7845674753189087,0.7554551959037781
s2_gw,0.6388582587242126,0.6259179711341858
s2_gw,0.6227841377258301,0.6986343264579773
s2_gw,0.41918304562568665,0.43582767248153687
s2_gw,0.6922558546066284,0.8536987900733948
s2_gw,0.16463661193847656,0.18396562337875366
s2_gw,0.35781487822532654,0.1335887908935547
s2_gw,0.5745425224304199,0.6587035059928894
s2_gw,0.8813875317573547,0.8748862147331238
s2_gw,0.12328258156776428,0.01768452860414982
s2_gw,0.6942483186721802,0.7576157450675964
s2_gw,0.5168794989585876,0.5141938328742981
s2_gw,0.3386293053627014,0.1781405359506607
s2_gw,0.8725343942642212,0.6911804676055908
s2_gw,0.3899378776550293,0.21774223446846008
s2_gw,0.39507362246513367,0.5811765789985657
s2_gw,0.4941202998161316,0.5950249433517456
s2_gw,0.5594308376312256,0.13355129957199097
s2_gw,0.8134908080101013,0.7128943800926208
s2_gw,0.7043712139129639,0.1980380415916443
s2_gw,0.6202316880226135,0.7272089123725891
s2_gw,0.7325007915496826,0.5455349087715149
s2_gw,0.5000806450843811,0.7129027843475342
s2_gw,0.5565516948699951,0.5307915210723877
s2_gw,0.5447028875350952,0.26535651087760925
s2_gw,0.3671266734600067,0.05336693674325943
s2_gw,0.48395997285842896,0.16495069861412048
s2_gw,0.7048873901367188,0.7681072950363159
s2_gw,0.8185098767280579,0.7776453495025635
s2_gw,0.7197221517562866,0.6518489718437195
s2_gw,0.747999370098114,0.8813645243644714
s2_gw,0.5333030223846436,0.7497018575668335
s2_gw,0.708484947681427,0.6380665898323059
s2_gw,0.5575692057609558,0.22866958379745483
s2_gw,0.33057403564453125,0.2147926390171051
s2_gw,0.23462921380996704,0.25559180974960327
s2_gw,0.5533298254013062,0.7489203810691833
s2_gw,0.8495569229125977,0.8441954851150513
s2_gw,0.48352015018463135,0.3467337191104889
s2_gw,0.45456844568252563,0.6613373160362244
s2_gw,0.9045449495315552,0.7549551129341125
s2_gw,0.4064730405807495,0.3731148838996887
s2_gw,0.42475128173828125,0.355977863073349
s2_gw,0.6070878505706787,0.5768595337867737
s2_gw,0.5143572092056274,0.5734988451004028
s2_gw,0.7188140153884888,0.49705585837364197
s2_gw,0.8397419452667236,0.6158755421638489
s2_gw,0.6652870774269104,0.619841992855072
s2_gw,0.6634331941604614,0.12533192336559296
s2_gw,0.2642844319343567,0.2090325504541397
s2_gw,0.27924466133117676,0.2423204630613327
s2_gw,0.5047980546951294,0.1251532882452011
s2_gw,0.49170932173728943,0.1053636223077774
s2_gw,0.5197443962097168,0.16943451762199402
s2_gw,0.5770744681358337,0.39578428864479065
s2_gw,0.11774713546037674,0.1463083177804947
s2_gw,0.2796567380428314,0.39047637581825256
s2_gw,0.28353241086006165,0.12834052741527557
s2_gw,0.37654441595077515,0.5481372475624084
s2_gw,0.8921075463294983,0.9009755253791809
s2_gw,0.6734033226966858,0.741155207157135
s2_gw,0.8732751607894897,0.7831500768661499
s2_gw,0.4721581041812897,0.6856831908226013
s2_gw,0.6277548670768738,0.5953850746154785
s2_gw,0.4447692036628723,0.4619223475456238
s2_gw,0.6886357069015503,0.42379626631736755
s2_gw,0.31319552659988403,0.38664886355400085
s2_gw,0.8939830660820007,0.8135059475898743
s2_gw,0.10608743131160736,0.03994298726320267
s2_gw,0.3139662742614746,0.38958919048309326
s2_gw,0.6688467264175415,0.920499324798584
s2_gw,0.5992099046707153,0.4292604625225067
s2_gw,0.36179742217063904,0.1652771234512329
s2_gw,0.5816219449043274,0.23386895656585693
s2_gw,0.6620252132415771,0.7695522904396057
s2_gw,0.6784799695014954,0.813483715057373
s2_gw,0.665431797504425,0.70023113489151
s2_gw,0.8160514235496521,0.6046141982078552
s2_gw,0.8779122233390808,0.7280334830284119
s2_gw,0.46747875213623047,0.2157471477985382
s2_gw,0.7603618502616882,0.7728302478790283
s2_gw,0.6073200106620789,0.2037471979856491
s2_gw,0.6865273118019104,0.29569530487060547
s2_gw,0.3500484824180603,0.4869665503501892
s2_gw,0.34442058205604553,0.3431927561759949
s2_gw,0.42825189232826233,0.5294358134269714
s2_gw,0.543420672416687,0.6056166887283325
s2_gw,0.6917673349380493,0.7885660529136658
s2_gw,0.4455452263355255,0.4052022099494934
s2_gw,0.21967795491218567,0.1672326624393463
s2_gw,0.925283670425415,0.9619203805923462
s2_gw,0.42981165647506714,0.5158663988113403
s2_gw,0.8136379718780518,0.9165288209915161
s2_gw,0.705691933631897,0.7189915180206299
s2_gw,0.4455087184906006,0.5763137936592102
s2_gw,0.30130985379219055,0.10372142493724823
s2_gw,0.4062172770500183,0.1973402351140976
s2_gw,0.22370019555091858,0.3420131802558899
s2_gw,0.48784106969833374,0.4735797941684723
s2_gw,0.577840268611908,0.5932306051254272
s2_gw,0.1536758542060852,0.1673145890235901
s2_gw,0.5766599178314209,0.5465890169143677
s2_gw,0.6373593211174011,0.891754150390625
s2_gw,0.34695419669151306,0.30921679735183716
s2_gw,0.2851184010505676,0.20513619482517242
s2_gw,0.6996628642082214,0.7366933822631836
s2_gw,0.8501023650169373,0.720963180065155
s2_gw,0.7175124287605286,0.782940149307251
s2_gw,0.8511356115341187,0.5156456828117371
s2_gw,0.672670304775238,0.7105624079704285
s2_gw,0.35473403334617615,0.486417680978775
s2_gw,0.6711191534996033,0.2601222097873688
s2_gw,0.16567879915237427,0.04989213868975639
s2_gw,0.3936865031719208,0.44368496537208557
s2_gw,0.2955365478992462,0.2432529479265213
s2_gw,0.47450533509254456,0.1465638279914856
s2_gw,0.7195829749107361,0.3492112457752228
s2_gw,0.36855119466781616,0.5372780561447144
s2_gw,0.8021296262741089,0.5514631867408752
s2_gw,0.349582701921463,0.3465290367603302
s2_gw,0.6125192046165466,0.7167807221412659
s2_gw,0.8662065863609314,0.741473913192749
s2_gw,0.8164946436882019,0.7834851145744324
s2_gw,0.8694398999214172,0.7069660425186157
s2_gw,0.7194603085517883,0.2984313368797302
s2_gw,0.8872276544570923,0.7558351755142212
s2_gw,0.6417844891548157,0.47515639662742615
s2_gw,0.6461270451545715,0.7795305848121643
s2_gw,0.5178611278533936,0.14533548057079315
s2_gw,0.799167811870575,0.7376354336738586
s2_gw,0.9267527461051941,0.8789382576942444
s2_gw,0.6983205676078796,0.7324673533439636
s2_gw,0.6898584365844727,0.8094706535339355
s2_gw,0.3005409240722656,0.21565373241901398
s2_gw,0.37043750286102295,0.1478094607591629
s2_gw,0.3489242196083069,0.5012184381484985
s2_gw,0.4356214106082916,0.5225210189819336
s2_gw,0.6767755746841431,0.43344753980636597
s2_gw,0.38476645946502686,0.07580066472291946
s2_gw,0.5715153813362122,0.2646259069442749
s2_gw,0.7257980108261108,0.7875096201896667
s2_gw,0.34602952003479004,0.4423982501029968
s2_gw,0.6321465969085693,0.20558428764343262
s2_gw,0.44817405939102173,0.5616288185119629
s2_gw,0.3749847412109375,0.4052916169166565
s2_gw,0.39553630352020264,0.2713412046432495
s2_gw,0.34964773058891296,0.35278481245040894
s2_gw,0.49367135763168335,0.41641294956207275
s2_gw,0.544960618019104,0.3603959083557129
s2_gw,0.6551997661590576,0.2367335557937622
s2_gw,0.47057849168777466,0.6573812365531921
s2_gw,0.46674972772598267,0.34007301926612854
s2_gw,0.6348900198936462,0.45403632521629333
s2_gw,0.6388806700706482,0.6232020854949951
s2_gw,0.3037431836128235,0.24467682838439941
s2_gw,0.6556510329246521,0.8848839402198792
s2_gw,0.5032052397727966,0.6969524025917053
s2_gw,0.6162195801734924,0.18911504745483398
s2_gw,0.3176927864551544,0.24484916031360626
s2_gw,0.3767167031764984,0.49826547503471375
s2_gw,0.6204065680503845,0.7998753786087036
s2_gw,0.46918946504592896,0.5432032942771912
s2_gw,0.16964249312877655,0.19065944850444794
s2_gw,0.5075414180755615,0.6200434565544128
s2_gw,0.17109276354312897,0.2655249834060669
s2_gw,0.2803924083709717,0.3496232330799103
s2_gw,0.1548604816198349,0.10102318972349167
s2_gw,0.30594560503959656,0.2678518295288086
s2_gw,0.25563931465148926,0.1216961219906807
s2_gw,0.7438619136810303,0.5786710381507874
s2_gw,0.6515019536018372,0.6727182865142822
s2_gw,0.6978831887245178,0.08301571011543274
s2_gw,0.12023614346981049,0.14095617830753326
s2_gw,0.5647764801979065,0.7581684589385986
s2_gw,0.13528168201446533,0.15770205855369568
s2_gw,0.3743063509464264,0.2976219058036804
s2_gw,0.587109386920929,0.3169441223144531
s2_gw,0.5760042667388916,0.7646353244781494
s2_gw,0.505336582660675,0.3424440026283264
s2_gw,0.5177679061889648,0.5373640060424805
s2_gw,0.4703342616558075,0.43886131048202515
s2_gw,0.6560099124908447,0.759075939655304
s2_gw,0.5625633597373962,0.44707122445106506
s2_gw,0.8691521286964417,0.8827879428863525
s2_gw,0.19882161915302277,0.21238301694393158
s2_gw,0.7213563919067383,0.8492488265037537
s2_gw,0.5628161430358887,0.6805382966995239
s2_gw,0.7999307513237,0.6750574707984924
s2_gw,0.27479252219200134,0.29768022894859314
s2_gw,0.7003219723701477,0.243661031126976
s2_gw,0.34116676449775696,0.4264775216579437
s2_gw,0.2906908094882965,0.24315263330936432
s2_gw,0.7740806937217712,0.8897828459739685
s2_gw,0.6907056570053101,0.3779103755950928
s2_gw,0.5564140677452087,0.3329704701900482
s2_gw,0.4983764886856079,0.5563758611679077
s2_gw,0.4881316125392914,0.47245535254478455
s2_gw,0.4650394022464752,0.42799368500709534
s2_gw,0.4410220682621002,0.44647184014320374
s2_gw,0.4755735397338867,0.6027957201004028
s2_gw,0.2983004152774811,0.3999328017234802
s2_gw,0.3114474415779114,0.2514907717704773
s2_gw,0.15908002853393555,0.14201948046684265
s2_gw,0.35328197479248047,0.3133499324321747
s2_gw,0.7463133335113525,0.3692065477371216
s2_gw,0.4564113914966583,0.2598659098148346
s2_gw,0.694545567035675,0.6143007278442383
s2_gw,0.6239067316055298,0.7909733057022095
s2_gw,0.4024063050746918,0.38946303725242615
s2_gw,0.1785542517900467,0.09960787743330002
s2_gw,0.1859123259782791,0.2004062831401825
s2_gw,0.47479602694511414,0.38121458888053894
s2_gw,0.7059798836708069,0.6822249293327332
s2_gw,0.6564975380897522,0.7293658256530762
s2_gw,0.7062985897064209,0.8309454321861267
s2_gw,0.5435534119606018,0.4591335654258728
s2_gw,0.10018520057201385,0.10242259502410889
s2_gw,0.5789859294891357,0.7089359760284424
s2_gw,0.4717675447463989,0.6466825008392334
s2_gw,0.6464064717292786,0.44690510630607605
s2_gw,0.4377354085445404,0.55634605884552
s2_gw,0.8524324297904968,0.9025508761405945
s2_gw,0.5802982449531555,0.7082991600036621
s2_gw,0.6884539723396301,0.2723633944988251
s2_gw,0.0753595158457756,0.10742372274398804
s2_gw,0.29436415433883667,0.12391849607229233
s2_gw,0.644298255443573,0.5753033757209778
s2_gw,0.46352240443229675,0.5552664399147034
s2_gw,0.5864837169647217,0.5960612297058105
s2_gw,0.42140835523605347,0.471251517534256
s2_gw,0.39855191111564636,0.5636605024337769
s2_gw,0.8017594814300537,0.6375383138656616
s2_gw,0.61800616979599,0.3296845853328705
s2_gw,0.49921759963035583,0.5927004814147949
s2_gw,0.675152599811554,0.3842966854572296
s2_gw,0.3048417866230011,0.18193382024765015
s2_gw,0.2706751227378845,0.37543654441833496
s2_gw,0.8370009660720825,0.8552544713020325
s2_gw,0.749391496181488,0.8843086361885071
s2_gw,0.5739873051643372,0.16106611490249634
s2_gw,0.47778844833374023,0.6767697334289551
s2_gw,0.7916994094848633,0.8593944311141968
s2_gw,0.515849769115448,0.4314945638179779
s2_gw,0.6509209871292114,0.8159513473510742
s2_gw,0.6804613471031189,0.15188688039779663
s2_gw,0.8453144431114197,0.9377250075340271
s2_gw,0.8296845555305481,0.839860200881958
s2_gw,0.3276228606700897,0.40691351890563965
s2_gw,0.5198693871498108,0.7164298295974731
s2_gw,0.3947034776210785,0.30086031556129456
s2_gw,0.3600142300128937,0.46735382080078125
s2_gw,0.5510766506195068,0.058355189859867096
s2_gw,0.666640043258667,0.721872866153717
s2_gw,0.1839423030614853,0.21170984208583832
s2_gw,0.4950107932090759,0.6570084691047668
s2_gw,0.8293365240097046,0.8814680576324463
s2_gw,0.5287022590637207,0.6713500618934631
s2_gw,0.6319341659545898,0.479997843503952
s2_gw,0.36613208055496216,0.30539730191230774
s2_gw,0.8988330364227295,0.8766350746154785
s2_gw,0.5022830367088318,0.6744375824928284
s2_gw,0.5537803769111633,0.32597342133522034
s2_gw,0.25248825550079346,0.1902816891670227
s2_gw,0.6989286541938782,0.7066386938095093
s2_gw,0.7169661521911621,0.739463746547699
s2_gw,0.8166913986206055,0.8285005688667297
s2_gw,0.6652457118034363,0.860725998878479
s2_gw,0.42958617210388184,0.6025766730308533
s2_gw,0.30724287033081055,0.05201483517885208
s2_gw,0.10759475082159042,0.169333815574646
s2_gw,0.4933863580226898,0.48899906873703003
s2_gw,0.6512063145637512,0.7243242263793945
s2_gw,0.2641851305961609,0.340632826089859
s2_gw,0.42831507325172424,0.38283246755599976
s2_gw,0.40000486373901367,0.43434324860572815
s2_gw,0.6332055926322937,0.528501570224762
s2_gw,0.871258020401001,0.9298831820487976
s2_gw,0.7941026091575623,0.5537459850311279
s2_gw,0.11505688726902008,0.16011466085910797
s2_gw,0.3311797082424164,0.44428086280822754
s2_gw,0.5249136686325073,0.2957414984703064
s2_gw,0.7276837825775146,0.34470510482788086
s2_gw,0.6977578997612,0.7522022724151611
s2_gw,0.39424851536750793,0.251078724861145
s2_gw,0.6853148937225342,0.6802948117256165
s2_gw,0.58604896068573,0.4610539674758911
s2_gw,0.9754420518875122,0.8750903606414795
s2_gw,0.8157203793525696,0.7912658452987671
s2_gw,0.9295351505279541,0.9685595035552979
s2_gw,0.5381467938423157,0.6515465974807739
s2_gw,0.4738460183143616,0.2159842550754547
s2_gw,0.7870243191719055,0.6770188212394714
s2_gw,0.5047029256820679,0.49052926898002625
s2_gw,0.4195620119571686,0.5587286353111267
s2_gw,0.7283943295478821,0.6834811568260193
s2_gw,0.716453492641449,0.5397883653640747
s2_gw,0.6704185009002686,0.5439561605453491
s2_gw,0.7438861727714539,0.9234330654144287
s2_gw,0.3424917757511139,0.4448353052139282
s2_gw,0.5191466808319092,0.7087718844413757
s2_gw,0.6655457615852356,0.17713132500648499
s2_gw,0.6795662045478821,0.7717039585113525
s2_gw,0.5948474407196045,0.48198506236076355
s2_gw,0.8365957736968994,0.8968460559844971
s2_gw,0.6510192155838013,0.34155377745628357
s2_gw,0.579158365726471,0.5733776092529297
s2_gw,0.5666923522949219,0.46808719635009766
s2_gw,0.751288115978241,0.6365891098976135
s2_gw,0.5459755659103394,0.5442262887954712
s2_gw,0.7585625648498535,0.8001245260238647
s2_gw,0.9167507290840149,0.7325951457023621
s2_gw,0.6164445877075195,0.0954328328371048
t2_recon,0.5552399158477783,0.7856279015541077
t2_recon,0.6516332030296326,0.9025375247001648
t2_recon,0.7904899716377258,0.7563633322715759
t2_recon,0.7631297707557678,0.7784950733184814
t2_recon,0.42257922887802124,0.4826068878173828
t2_recon,0.6920635104179382,0.35472849011421204
t2_recon,0.19609297811985016,0.21887245774269104
t2_recon,0.5862903594970703,0.25122174620628357
t2_recon,0.7906373143196106,0.6580645442008972
t2_recon,0.34107622504234314,0.612739622592926
t2_recon,0.43574750423431396,0.47550758719444275
t2_recon,0.8893371820449829,0.5149468183517456
t2_recon,0.8417873382568359,0.7042798399925232
t2_recon,0.7623529434204102,0.7527072429656982
t2_recon,0.6510962247848511,0.5995829701423645
t2_recon,0.6162998080253601,0.6585263609886169
t2_recon,0.5873058438301086,0.783774197101593
t2_recon,0.7613023519515991,0.40178996324539185
t2_recon,0.6269909143447876,0.5009248852729797
t2_recon,0.3056170344352722,0.5506750345230103
t2_recon,0.2207840532064438,0.13210804760456085
t2_recon,0.9290722608566284,0.7317363023757935
t2_recon,0.35036447644233704,0.4828648567199707
t2_recon,0.6488169431686401,0.5371026992797852
t2_recon,0.7306861281394958,0.5214172005653381
t2_recon,0.7072638869285583,0.6934528946876526
t2_recon,0.4321461021900177,0.5091783404350281
t2_recon,0.7678660154342651,0.7500001192092896
t2_recon,0.4574313163757324,0.103663370013237
t2_recon,0.3620568513870239,0.2824259400367737
t2_recon,0.8331843614578247,0.7683318257331848
t2_recon,0.6195408701896667,0.30730271339416504
t2_recon,0.32282355427742004,0.34285491704940796
t2_recon,0.40697017312049866,0.6917493343353271
t2_recon,0.2823590338230133,0.5086436867713928
t2_recon,0.4812527596950531,0.22131121158599854
t2_recon,0.26275718212127686,0.43974408507347107
t2_recon,0.7130751609802246,0.4252711534500122
t2_recon,0.6372503638267517,0.4385245740413666
t2_recon,0.8534092307090759,0.7369309663772583
t2_recon,0.6986514329910278,0.2502096891403198
t2_recon,0.7610896825790405,0.7750242352485657
t2_recon,0.3998112976551056,0.4695678651332855
t2_recon,0.5826429724693298,0.6265367269515991
t2_recon,0.5794057250022888,0.2974921464920044
t2_recon,0.7395362257957458,0.6162262558937073
t2_recon,0.5082756876945496,0.20861853659152985
t2_recon,0.455983430147171,0.5874959826469421
t2_recon,0.3140130937099457,0.5268470644950867
t2_recon,0.6211449503898621,0.3659743666648865
t2_recon,0.4435799717903137,0.5055676102638245
t2_recon,0.6927938461303711,0.5721520185470581
t2_recon,0.7447856068611145,0.6496061682701111
t2_recon,0.5453676581382751,0.624029815196991
t2_recon,0.5577422976493835,0.7450751662254333
t2_recon,0.5825890898704529,0.31159648299217224
t2_recon,0.5520771145820618,0.6718957424163818
t2_recon,0.7592456340789795,0.6001507639884949
t2_recon,0.21790146827697754,0.06044378504157066
t2_recon,0.7295995354652405,0.5447758436203003
t2_recon,0.42750585079193115,0.47819966077804565
t2_recon,0.647071123123169,0.49832314252853394
t2_recon,0.40920713543891907,0.6188737154006958
t2_recon,0.5070492029190063,0.3782535791397095
t2_recon,0.41968369483947754,0.5281276106834412
t2_recon,0.6850559711456299,0.5232476592063904
t2_recon,0.5971349477767944,0.5655156970024109
t2_recon,0.418555349111557,0.20553725957870483
t2_recon,0.07457607239484787,0.13729269802570343
t2_recon,0.22195972502231598,0.1990348845720291
t2_recon,0.443814218044281,0.17816828191280365
t2_recon,0.22872081398963928,0.15496543049812317
t2_recon,0.4384884834289551,0.2532777786254883
t2_recon,0.48618921637535095,0.3135661482810974
t2_recon,0.6330145597457886,0.33098104596138
t2_recon,0.399862140417099,0.520365834236145
t2_recon,0.4532277286052704,0.13656766712665558
t2_recon,0.5132212042808533,0.4013505280017853
t2_recon,0.5392669439315796,0.5312951803207397
t2_recon,0.575620174407959,0.21831825375556946
t2_recon,0.44641295075416565,0.6943591833114624
t2_recon,0.5781509876251221,0.6286678910255432
t2_recon,0.3977353870868683,0.6647931933403015
t2_recon,0.8832778334617615,0.6530973315238953
t2_recon,0.8408620953559875,0.6704590916633606
t2_recon,0.7340697646141052,0.7324294447898865
t2_recon,0.32979074120521545,0.2097189724445343
t2_recon,0.40573960542678833,0.2682268023490906
t2_recon,0.5854377746582031,0.4886837601661682
t2_recon,0.6015016436576843,0.30839231610298157
t2_recon,0.6075987219810486,0.5787923336029053
t2_recon,0.5969621539115906,0.879591703414917
t2_recon,0.7015356421470642,0.6488826274871826
t2_recon,0.7762230038642883,0.5078707337379456
t2_recon,0.2083943635225296,0.17804557085037231
t2_recon,0.5764928460121155,0.5824710130691528
t2_recon,0.30389294028282166,0.37835565209388733
t2_recon,0.2155904769897461,0.12230397015810013
t2_recon,0.8314831852912903,0.7193988561630249
t2_recon,0.6267513036727905,0.7684017419815063
t2_recon,0.2193569391965866,0.3428593575954437
t2_recon,0.16744525730609894,0.24703514575958252
t2_recon,0.3799537420272827,0.27747929096221924
t2_recon,0.5629158020019531,0.5943554043769836
t2_recon,0.4113730192184448,0.0384957380592823
t2_recon,0.5634426474571228,0.4842616021633148
t2_recon,0.5920088291168213,0.7018622756004333
t2_recon,0.7113538384437561,0.6824464797973633
t2_recon,0.8943567276000977,0.7797309160232544
t2_recon,0.832831859588623,0.5023247599601746
t2_recon,0.6181875467300415,0.375285267829895
t2_recon,0.6786901950836182,0.6758521795272827
t2_recon,0.2550724148750305,0.6213263869285583
t2_recon,0.6481859683990479,0.5982630848884583
t2_recon,0.5299286842346191,0.6558399796485901
t2_recon,0.8048911690711975,0.4540528953075409
t2_recon,0.8464927077293396,0.6063745021820068
t2_recon,0.5582152605056763,0.6457668542861938
t2_recon,0.7657902240753174,0.7027326226234436
t2_recon,0.31224238872528076,0.2805434465408325
t2_recon,0.8950697183609009,0.6280665397644043
t2_recon,0.6350876092910767,0.5327845215797424
t2_recon,0.7390723824501038,0.6826221942901611
t2_recon,0.35468408465385437,0.2506483197212219
t2_recon,0.2815949320793152,0.5994165539741516
t2_recon,0.3198526203632355,0.5808509588241577
t2_recon,0.9831951856613159,0.7700102925300598
t2_recon,0.3540163040161133,0.5891561508178711
t2_recon,0.3270792067050934,0.6474397778511047
t2_recon,0.7372968792915344,0.5167998671531677
t2_recon,0.44734495878219604,0.7011831998825073
t2_recon,0.6747115254402161,0.46434876322746277
t2_recon,0.6367950439453125,0.6562525033950806
t2_recon,0.6525052785873413,0.5228255391120911
t2_recon,0.4656975269317627,0.4523751437664032
t2_recon,0.5063620805740356,0.5712180733680725
t2_recon,0.65525221824646,0.5898648500442505
t2_recon,0.4052359461784363,0.16282469034194946
t2_recon,0.7146631479263306,0.5751924514770508
t2_recon,0.666323721408844,0.5975093841552734
t2_recon,0.41229429841041565,0.28836849331855774
t2_recon,0.44424962997436523,0.296115905046463
t2_recon,0.5140033960342407,0.19657158851623535
t2_recon,0.8703088164329529,0.5415884256362915
t2_recon,0.6710453033447266,0.7875633239746094
t2_recon,0.08648643642663956,0.12518563866615295
t2_recon,0.5041489005088806,0.5380958318710327
t2_recon,0.20911110937595367,0.11625228077173233
t2_recon,0.41215550899505615,0.6027339100837708
t2_recon,0.278079092502594,0.2963593602180481
t2_recon,0.32538047432899475,0.5370886921882629
t2_recon,0.6496198177337646,0.8005781173706055
t2_recon,0.3448602259159088,0.4026806950569153
t2_recon,0.12477077543735504,0.055416423827409744
t2_recon,0.7144160866737366,0.27970051765441895
t2_recon,0.8400157690048218,0.8114031553268433
t2_recon,0.5782636404037476,0.34851327538490295
t2_recon,0.24952971935272217,0.33407506346702576
t2_recon,0.4408431351184845,0.3629809021949768
t2_recon,0.5204648971557617,0.6746545433998108
t2_recon,0.5023413300514221,0.14116808772087097
t2_recon,0.3910127580165863,0.6278887987136841
t2_recon,0.8514661192893982,0.7007860541343689
t2_recon,0.4919680953025818,0.43470433354377747
t2_recon,0.4655107259750366,0.598045289516449
t2_recon,0.5039384365081787,0.5828831195831299
t2_recon,0.7983806133270264,0.5877818465232849
t2_recon,0.6230658888816833,0.6578002572059631
t2_recon,0.4229046404361725,0.6042956113815308
t2_recon,0.564789354801178,0.5406781435012817
t2_recon,0.4900088608264923,0.3483774662017822
t2_recon,0.604600727558136,0.47198259830474854
t2_recon,0.7200816869735718,0.694343090057373
t2_recon,0.2617977559566498,0.3197955787181854
t2_recon,0.8468329906463623,0.645067572593689
t2_recon,0.36912304162979126,0.11425710469484329
t2_recon,0.42515799403190613,0.4379325211048126
t2_recon,0.5516768097877502,0.41195181012153625
t2_recon,0.9869263768196106,0.7496345043182373
t2_recon,0.6549002528190613,0.18713240325450897
t2_recon,0.6671342253684998,0.23497869074344635
t2_recon,0.5380980968475342,0.5578919053077698
t2_recon,0.4471297562122345,0.6216310858726501
t2_recon,0.07058369368314743,0.0507621243596077
t2_recon,0.1922347992658615,0.13721591234207153
t2_recon,0.747999370098114,0.7334413528442383
t2_recon,0.4094577133655548,0.0988539531826973
t2_recon,0.6425319910049438,0.11897223442792892
t2_recon,0.35424456000328064,0.21814116835594177
t2_recon,0.4230985641479492,0.6761536598205566
t2_recon,0.8523375988006592,0.6470901966094971
t2_recon,0.4865630567073822,0.5484880805015564
t2_recon,0.6351168155670166,0.2192031890153885
t2_recon,0.6277320384979248,0.6500272154808044
t2_recon,0.6154952645301819,0.47780951857566833
t2_recon,0.8306079506874084,0.5989063382148743
t2_recon,0.8391718864440918,0.6721361875534058
t2_recon,0.4538462460041046,0.4902002215385437
t2_recon,0.5132629871368408,0.574380099773407
t2_recon,0.10292322188615799,0.07434863597154617
t2_recon,0.7011107206344604,0.7190447449684143
t2_recon,0.6667279005050659,0.5773923993110657
t2_recon,0.3876805901527405,0.2406993955373764
t2_recon,0.5975186824798584,0.49904865026474
t2_recon,0.5424903631210327,0.2513905465602875
t2_recon,0.5874473452568054,0.5397906303405762
t2_recon,0.8511307239532471,0.6096842885017395
t2_recon,0.6760740280151367,0.6972386240959167
t2_recon,0.6396769881248474,0.6260287761688232
t2_recon,0.7082808017730713,0.3333331346511841
t2_recon,0.7287108302116394,0.643730103969574
t2_recon,0.7839660048484802,0.6306592226028442
t2_recon,0.5001122355461121,0.4195643663406372
t2_recon,0.7976930737495422,0.7024840712547302
t2_recon,0.5004993677139282,0.32269155979156494
t2_recon,0.6515681743621826,0.1498919427394867
t2_recon,0.9219225645065308,0.43152329325675964
t2_recon,0.6161235570907593,0.4789101183414459
t2_recon,0.19220422208309174,0.23753270506858826
t2_recon,0.4990219473838806,0.35833460092544556
t2_recon,0.21947188675403595,0.35428839921951294
t2_recon,0.978534460067749,0.716004490852356
t2_recon,0.4764554500579834,0.44294124841690063
t2_recon,0.6854600310325623,0.5514875054359436
t2_recon,0.5474123954772949,0.9105743169784546
t2_recon,0.7976400852203369,0.670200765132904
t2_recon,0.6065061092376709,0.8022844791412354
t2_recon,0.7287791967391968,0.30362260341644287
t2_recon,0.5319364666938782,0.40383365750312805
t2_recon,0.4131275415420532,0.6886800527572632
t2_recon,0.3156156837940216,0.1635599583387375
t2_recon,0.4726857841014862,0.2061413675546646
t2_recon,0.7101507186889648,0.6784698963165283
t2_recon,0.8561341166496277,0.8502290844917297
t2_recon,0.46495679020881653,0.5003328323364258
t2_recon,0.8697373270988464,0.6929505467414856
t2_recon,0.27935925126075745,0.23742793500423431
t2_recon,0.3173668682575226,0.2777484655380249
t2_recon,0.5507493019104004,0.7484727501869202
t2_recon,0.5345305800437927,0.3280431628227234
t2_recon,0.5737987756729126,0.20579242706298828
t2_recon,0.8562426567077637,0.7709116339683533
t2_recon,0.4771713614463806,0.8235021233558655
t2_recon,0.9555317163467407,0.775822639465332
t2_recon,0.307830274105072,0.5607153177261353
t2_recon,0.8105249404907227,0.7216346859931946
t2_recon,0.522691547870636,0.6965968012809753
t2_recon,0.7457875609397888,0.7039282321929932
t2_recon,0.5745238661766052,0.31347009539604187
t2_recon,0.6776607632637024,0.44523489475250244
t2_recon,0.419582724571228,0.15173093974590302
t2_recon,0.783351480960846,0.6451508402824402
t2_recon,0.1357838362455368,0.1773630976676941
t2_recon,0.0444522462785244,0.0027596268337219954
t2_recon,0.62285977602005,0.8131101727485657
t2_recon,0.6012261509895325,0.4532328248023987
t2_recon,0.5347772836685181,0.7770469188690186
t2_recon,0.5605970621109009,0.2711411416530609
t2_recon,0.691878616809845,0.600212812423706
t2_recon,0.8959178328514099,0.5896368622779846
t2_recon,0.5782228708267212,0.24589349329471588
t2_recon,0.5386731624603271,0.4284573495388031
t2_recon,0.3852757215499878,0.40237802267074585
t2_recon,0.6500359177589417,0.9092033505439758
t2_recon,0.39678338170051575,0.5039098858833313
t2_recon,0.2900548279285431,0.23540104925632477
t2_recon,0.5624688267707825,0.8685094118118286
t2_recon,0.2516535520553589,0.12669606506824493
t2_recon,0.6460261940956116,0.3420575261116028
t2_recon,0.6133673191070557,0.4228190779685974
t2_recon,0.6704781651496887,0.6947129368782043
t2_recon,0.31978610157966614,0.2627508044242859
t2_recon,0.3229482173919678,0.6525165438652039
t2_recon,0.4276428818702698,0.29991161823272705
t2_recon,0.7381207346916199,0.3810020387172699
t2_recon,0.27115580439567566,0.3543684780597687
t2_recon,0.6266537308692932,0.35275372862815857
t2_recon,0.8146687746047974,0.6699371933937073
t2_recon,0.5228899717330933,0.5642713308334351
t2_recon,0.48777416348457336,0.6451752185821533
t2_recon,0.6402121186256409,0.471161812543869
t2_recon,0.30491939187049866,0.09189743548631668
t2_recon,0.3251272141933441,0.18241114914417267
t2_recon,0.4889572262763977,0.6332529783248901
t2_recon,0.5758565664291382,0.5057456493377686
t2_recon,0.6891838312149048,0.1857006698846817
t2_recon,0.28552526235580444,0.08800838142633438
t2_recon,0.4865432381629944,0.7243832945823669
t2_recon,0.42150959372520447,0.347999632358551
t2_recon,0.3069855272769928,0.2535940408706665
t2_recon,0.7898898124694824,0.6365177631378174
t2_recon,0.41331106424331665,0.38335099816322327
t2_recon,0.26999327540397644,0.6407886743545532
t2_recon,0.2234816998243332,0.23853778839111328
t2_recon,0.8152378797531128,0.704850435256958
t2_recon,0.8702690005302429,0.6297851800918579
t2_recon,0.41237807273864746,0.09222002327442169
t2_recon,0.44070345163345337,0.7236432433128357
t2_recon,0.9170286655426025,0.7005520462989807
t2_recon,0.48392605781555176,0.6417402029037476
t2_recon,0.7954599857330322,0.618768036365509
t2_recon,0.7281068563461304,0.774494469165802
t2_recon,0.7820878624916077,0.6037214994430542
t2_recon,0.5603395104408264,0.6082688570022583
t2_recon,0.5877108573913574,0.7060348987579346
t2_recon,0.38443827629089355,0.6914756298065186
t2_recon,0.3185617923736572,0.4739912450313568
t2_recon,0.6531714797019958,0.27733051776885986
t2_recon,0.47041916847229004,0.2102220207452774
t2_recon,0.4589206874370575,0.4884796142578125
t2_recon,0.41110581159591675,0.14283154904842377
t2_recon,0.7027765512466431,0.6176212430000305
t2_recon,0.836863100528717,0.6758711934089661
t2_recon,0.3429200053215027,0.31983864307403564
t2_recon,0.6896258592605591,0.6451384425163269
t2_recon,0.8549968600273132,0.8007320165634155
t2_recon,0.1418319046497345,0.30698707699775696
t2_recon,0.5598684549331665,0.6634649038314819
t2_recon,0.6456760168075562,0.668645977973938
t2_recon,0.2832748591899872,0.48820701241493225
t2_recon,0.1740938127040863,0.23133647441864014
t2_recon,0.3166221082210541,0.4007880389690399
t2_recon,0.7057612538337708,0.48067331314086914
t2_recon,0.2670091390609741,0.3672545254230499
t2_recon,0.7949059009552002,0.7092680931091309
t2_recon,0.669380247592926,0.09048008173704147
t2_recon,0.372236967086792,0.4058963358402252
t2_recon,0.644547700881958,0.41342970728874207
t2_recon,0.7353126406669617,0.9275403022766113
t2_recon,0.7280064225196838,0.5698079466819763
t2_recon,0.7011096477508545,0.6131221652030945
t2_recon,0.7301629781723022,0.42904922366142273
t2_recon,0.8105968236923218,0.5705023407936096
t2_recon,0.6826937794685364,0.642137348651886
t2_recon,0.6093696355819702,0.6437620520591736
t2_recon,0.7926194071769714,0.5875710844993591
t2_recon,0.7110732793807983,0.7020366787910461
t2_recon,0.39099663496017456,0.2535421848297119
t2_recon,0.23571793735027313,0.19010691344738007
t2_recon,0.6820098757743835,0.5557771325111389
t2_recon,0.23553305864334106,0.2125350534915924
t2_recon,0.5144314765930176,0.18445228040218353
t2_recon,0.25412869453430176,0.17793691158294678
t2_recon,0.6361865401268005,0.7456234693527222
t2_recon,0.5725934505462646,0.48147904872894287
t2_recon,0.7500048279762268,0.5573646426200867
t2_recon,0.03261914476752281,0.04216320440173149
t2_recon,0.14961232244968414,0.20594923198223114
t2_recon,0.20110487937927246,0.23690909147262573
t2_recon,0.6046428680419922,0.4032333791255951
t2_recon,0.6112661957740784,0.40323254466056824
t2_recon,0.5577436685562134,0.666686475276947
t2_recon,0.7040032148361206,0.5810856223106384
t2_recon,0.4292319715023041,0.19650407135486603
t2_recon,0.7808146476745605,0.7638070583343506
t2_recon,0.7564734816551208,0.5541436672210693
t2_recon,0.5669565200805664,0.47982341051101685
t2_recon,0.7187595963478088,0.5135499835014343
t2_recon,0.47148361802101135,0.4663615822792053
t2_recon,0.7364192605018616,0.7498078942298889
t2_recon,0.6733812093734741,0.2988068759441376
t2_recon,0.5368112921714783,0.3125448226928711
t2_recon,0.4063263237476349,0.6708661317825317
t2_recon,0.32988378405570984,0.3345237374305725
t2_recon,0.9265347719192505,0.6030824184417725
t2_recon,0.5788677930831909,0.6556181907653809
t2_recon,0.8748299479484558,0.7797023057937622
t2_recon,0.7159096002578735,0.4916554093360901
t2_recon,0.8007062077522278,0.6706868410110474
t2_recon,0.38492485880851746,0.5587686896324158
t2_recon,0.5853905081748962,0.7696313261985779
t2_recon,0.5774645805358887,0.7012460827827454
t2_recon,0.2987489104270935,0.5956653952598572
t2_recon,0.728374719619751,0.7131386995315552
t2_recon,0.23032887279987335,0.26015886664390564
t2_recon,0.6794238686561584,0.6147809028625488
t2_recon,0.49246320128440857,0.21539603173732758
t2_recon,0.3742334246635437,0.3167817294597626
t2_recon,0.353441059589386,0.1357482522726059
t2_recon,0.5130881071090698,0.5018978714942932
t2_recon,0.29102203249931335,0.3494258522987366
t2_recon,0.7841013669967651,0.6029435396194458
t2_recon,0.6144506931304932,0.28466689586639404
t2_recon,0.5583593845367432,0.9198380708694458
t2_recon,0.6443773508071899,0.5688474178314209
t2_recon,0.16700094938278198,0.21603527665138245
t2_recon,0.722680389881134,0.797432541847229
t2_recon,0.6583987474441528,0.5739979147911072
t2_recon,0.13824306428432465,0.1451716274023056
t2_recon,0.38018858432769775,0.27110689878463745
t2_recon,0.8397419452667236,0.6572811603546143
t2_recon,0.6755335927009583,0.7603692412376404
t2_recon,0.5358996987342834,0.19054482877254486
t2_recon,0.5994400978088379,0.29279187321662903
t2_recon,0.6293424367904663,0.4236252009868622
t2_recon,0.6307119131088257,0.2724761962890625
t2_recon,0.7554299235343933,0.6700600981712341
t2_recon,0.18022862076759338,0.201252743601799
t2_recon,0.6221150159835815,0.402706503868103
t2_recon,0.9359709620475769,0.7132657766342163
t2_recon,0.6214272379875183,0.6168891191482544
t2_recon,0.5724644064903259,0.3434201776981354
t2_recon,0.7940283417701721,0.6255233883857727
t2_recon,0.9462148547172546,0.7951239943504333
t2_recon,0.27875277400016785,0.1466410756111145
t2_recon,0.6075290441513062,0.4153359532356262
t2_recon,0.7508944272994995,0.6289104223251343
t2_recon,0.6954514384269714,0.6624654531478882
t2_recon,0.17391686141490936,0.26002931594848633
t2_recon,0.3626447319984436,0.5516893267631531
t2_recon,0.4123227596282959,0.24682210385799408
t2_recon,0.46414804458618164,0.331460177898407
t2_recon,0.5293828248977661,0.8195528984069824
t2_recon,0.6988465189933777,0.26287370920181274
t2_recon,0.4523915648460388,0.29411014914512634
t2_recon,0.3411685526371002,0.5699474811553955
t2_recon,0.8414266705513,0.6434789896011353
t2_recon,0.07848237454891205,0.07703947275876999
t2_recon,0.8334305882453918,0.6772496700286865
t2_recon,0.5637099146842957,0.6294151544570923
t2_recon,0.701191782951355,0.6181037425994873
t2_recon,0.475243479013443,0.22478312253952026
t2_recon,0.5024523735046387,0.5474661588668823
t2_recon,0.6199226975440979,0.3720339238643646
t2_recon,0.4517691135406494,0.2879009246826172
t2_recon,0.6833623647689819,0.7860868573188782
t2_recon,0.48123258352279663,0.23130135238170624
t2_recon,0.5515522360801697,0.42983049154281616
t2_recon,0.6404710412025452,0.6913043856620789
t2_recon,0.07370307296514511,0.07672743499279022
t2_recon,0.566675066947937,0.7911766171455383
t2_recon,0.42092761397361755,0.6369143128395081
t2_recon,0.5886158347129822,0.6422854661941528
t2_recon,0.606037437915802,0.4643824100494385
t2_recon,0.542351484298706,0.5435969829559326
t2_recon,0.7549477815628052,0.5837160348892212
t2_recon,0.3272768259048462,0.2464113086462021
t2_recon,0.8595860004425049,0.6849351525306702
t2_recon,0.5854275226593018,0.6035925149917603
t2_recon,0.3658100664615631,0.5149374604225159
t2_recon,0.46047937870025635,0.5838204026222229
t2_recon,0.8155887126922607,0.6848645210266113
t2_recon,0.4602336585521698,0.6257246136665344
t2_recon,0.320011705160141,0.1258372664451599
t2_recon,0.7261895537376404,0.49284252524375916
t2_recon,0.562464714050293,0.6731581091880798
t2_recon,0.11874769628047943,0.10973922163248062
t2_recon,0.4594477713108063,0.7115620374679565
t2_recon,0.1728813499212265,0.09441429376602173
t2_recon,0.6316349506378174,0.7484979629516602
t2_recon,0.6566347479820251,0.6730221509933472
t2_recon,0.17702265083789825,0.4050835967063904
t2_recon,0.07172685116529465,0.10555239766836166
t2_recon,0.8740095496177673,0.8376438021659851
t2_recon,0.9011775851249695,0.699608564376831
t2_recon,0.4615844488143921,0.542759895324707
t2_recon,0.42575743794441223,0.28901606798171997
t2_recon,0.6305769681930542,0.6360698342323303
t2_recon,0.716697633266449,0.5085639357566833
t2_recon,0.26532667875289917,0.4403460919857025
t2_recon,0.2992766499519348,0.21185337007045746
t2_recon,0.6911590099334717,0.5734153985977173
t2_recon,0.26656854152679443,0.3645690083503723
t2_recon,0.48140576481819153,0.45734289288520813
t2_recon,0.6961349248886108,0.39872732758522034
t2_recon,0.665939450263977,0.5290443897247314
t2_recon,0.3923780620098114,0.2861059010028839
t2_recon,0.5661870837211609,0.6497007608413696
t2_recon,0.6835670471191406,0.7096766829490662
t2_recon,0.3312675654888153,0.5574038028717041
t2_recon,0.13140445947647095,0.07506377249956131
t2_recon,0.4149470627307892,0.4565730392932892
t2_recon,0.5924956798553467,0.36242514848709106
t2_recon,0.5317726731300354,0.13456448912620544
t2_recon,0.5317118167877197,0.2218223661184311
t2_recon,0.3809857666492462,0.24502329528331757
t2_recon,0.4021717309951782,0.3731677830219269
t2_recon,0.6270360946655273,0.7024362087249756
t2_recon,0.4063829183578491,0.46026262640953064
t2_recon,0.2539028823375702,0.2748981714248657
t2_recon,0.5932433009147644,0.24804580211639404
t2_recon,0.891530454158783,0.6907532215118408
t2_recon,0.6682948470115662,0.5785593390464783
t2_recon,0.5033761262893677,0.314777135848999
t2_recon,0.6972302794456482,0.640670657157898
t2_recon,0.5626610517501831,0.7399221062660217
t2_recon,0.9255816340446472,0.7864935994148254
t2_recon,0.5102633237838745,0.8544998168945312
t2_recon,0.6477519869804382,0.5329214930534363
t2_recon,0.3932637870311737,0.5832592844963074
t2_recon,0.2534005045890808,0.42535293102264404
t2_recon,0.5926647186279297,0.5310651659965515
t2_recon,0.5975363254547119,0.5920800566673279
t2_recon,0.4217526912689209,0.6134307980537415
t2_recon,0.702140748500824,0.30440735816955566
t2_recon,0.5326279401779175,0.507968008518219
t2_recon,0.775979220867157,0.7962440252304077
t2_recon,0.2128690928220749,0.20297427475452423
t2_recon,0.43210071325302124,0.05336218327283859
t2_recon,0.6777944564819336,0.2640308141708374
t2_recon,0.7963138222694397,0.61159348487854
t2_recon,0.6595392823219299,0.5277292728424072
t2_recon,0.4581095576286316,0.5309833288192749
t2_recon,0.3030936121940613,0.4919622540473938
t2_recon,0.7045899629592896,0.30164700746536255
t2_recon,0.24633389711380005,0.38666555285453796
t2_recon,0.2836679518222809,0.46741971373558044
t2_recon,0.40038689970970154,0.6462559700012207
t2_recon,0.31213146448135376,0.5077208876609802
t2_recon,0.6475685834884644,0.5898794531822205
t2_recon,0.5729207992553711,0.7149184346199036
t2_recon,0.7326656579971313,0.6956120133399963
t2_recon,0.2607842683792114,0.5030918121337891
t2_recon,0.3521592915058136,0.21717175841331482
t2_recon,0.500470757484436,0.4743357002735138
t2_recon,0.3528120815753937,0.5861184597015381
t2_recon,0.4112791121006012,0.424095094203949
t2_recon,0.5095388293266296,0.16643622517585754
t2_recon,0.8185292482376099,0.6382542848587036
t2_recon,0.5520159006118774,0.17505891621112823
t2_recon,0.5303782224655151,0.5100838541984558
t2_recon,0.8523117899894714,0.7535992860794067
t2_recon,0.2682324945926666,0.3317510187625885
t2_recon,0.6953908801078796,0.6166334748268127
t2_recon,0.8006883263587952,0.82049560546875
t2_recon,0.8464702367782593,0.5074723362922668
t2_recon,0.9654608368873596,0.7066377997398376
t2_recon,0.5736042857170105,0.24160806834697723
t2_recon,0.24785085022449493,0.3965330421924591
t2_recon,0.33612188696861267,0.1715845763683319
t2_recon,0.5640666484832764,0.6782382726669312
t2_recon,0.6865488290786743,0.3728633224964142
t2_recon,0.2859872281551361,0.227161705493927
t2_recon,0.6248449087142944,0.16610504686832428
t2_recon,0.05555891618132591,0.004491280298680067
t2_recon,0.3695439398288727,0.451690137386322
t2_recon,0.5357226729393005,0.5642905235290527
t2_recon,0.3249545991420746,0.680292010307312
t2_recon,0.6938000917434692,0.6392893195152283
t2_recon,0.6709479093551636,0.4838096499443054
t2_recon,0.291987806558609,0.2682841420173645
t2_recon,0.44366079568862915,0.46527916193008423
t2_recon,0.5038282871246338,0.24323464930057526
t2_recon,0.4289196729660034,0.5912286043167114
t2_recon,0.6447582840919495,0.6650391817092896
t2_recon,0.5564786195755005,0.3889922797679901
t2_recon,0.6003797054290771,0.8021214008331299
t2_recon,0.5983738899230957,0.6603226065635681
t2_recon,0.7974140644073486,0.5293026566505432
t2_recon,0.37584054470062256,0.43613332509994507
t2_recon,0.184738889336586,0.27532151341438293
t2_recon,0.49500370025634766,0.7034796476364136
t2_recon,0.9090133905410767,0.802454948425293
t2_recon,0.7851299047470093,0.6691574454307556
t2_recon,0.6473912000656128,0.6739012002944946
t2_recon,0.31863686442375183,0.3646295964717865
t2_recon,0.46537166833877563,0.20981058478355408
t2_recon,0.8570411205291748,0.6292339563369751
t2_recon,0.864639937877655,0.8109000325202942
t2_recon,0.1732587367296219,0.1976390928030014
t2_recon,0.36749395728111267,0.49519795179367065
t2_recon,0.5815325975418091,0.720859944820404
t2_recon,0.7531116008758545,0.6120004653930664
t2_recon,0.6978831887245178,0.09526584297418594
t2_recon,0.4053308367729187,0.37602493166923523
t2_recon,0.5276374220848083,0.5072864890098572
t2_recon,0.6696569919586182,0.7049753665924072
t2_recon,0.6728025078773499,0.4288543164730072
t2_recon,0.6677769422531128,0.3110159933567047
t2_recon,0.2172311693429947,0.4883793890476227
t2_recon,0.5676866173744202,0.5984495282173157
t2_recon,0.6887710094451904,0.42534634470939636
t2_recon,0.28372788429260254,0.0698983445763588
t2_recon,0.23178108036518097,0.4480764865875244
t2_recon,0.5584601759910583,0.4919429123401642
t2_recon,0.6088055372238159,0.6203929781913757
t2_recon,0.502568244934082,0.41708338260650635
t2_recon,0.5168771743774414,0.6086273789405823
t2_recon,0.2897386848926544,0.3016916811466217
t2_recon,0.6656439304351807,0.6072499752044678
t2_recon,0.7059464454650879,0.7249444723129272
t2_recon,0.6475520133972168,0.7172206044197083
t2_recon,0.5546953678131104,0.7281081676483154
t2_recon,0.5163354873657227,0.48261892795562744
t2_recon,0.4624579846858978,0.35473766922950745
t2_recon,0.7315697073936462,0.5298759937286377
t2_recon,0.3928191065788269,0.2931446433067322
t2_recon,0.4435257315635681,0.5809943079948425
t2_recon,0.29132482409477234,0.18433083593845367
t2_recon,0.5749850869178772,0.5773330926895142
t2_recon,0.6794365048408508,0.35482245683670044
t2_recon,0.6714069843292236,0.7007100582122803
t2_recon,0.3665606379508972,0.13236933946609497
t2_recon,0.24196608364582062,0.22097529470920563
t2_recon,0.4156278967857361,0.6391702890396118
t2_recon,0.6011107563972473,0.3439212143421173
t2_recon,0.6531872749328613,0.15918326377868652
t2_recon,0.6731881499290466,0.8740743398666382
t2_recon,0.36777231097221375,0.33900541067123413
t2_recon,0.6604320406913757,0.25342631340026855
t2_recon,0.5439733266830444,0.42796310782432556
t2_recon,0.8526061177253723,0.7899698615074158
t2_recon,0.6486291885375977,0.37766045331954956
t2_recon,0.6531987190246582,0.6919664740562439
t2_recon,0.8002802729606628,0.7698866128921509
t2_recon,0.2269335389137268,0.10867387056350708
t2_recon,0.5630783438682556,0.6845853924751282
t2_recon,0.839827299118042,0.6645433306694031
t2_recon,0.3952040672302246,0.40214383602142334
t2_recon,0.648699164390564,0.4752759337425232
t2_recon,0.25235557556152344,0.2657794654369354
t2_recon,0.21288427710533142,0.3061448633670807
t2_recon,0.18652088940143585,0.1236981600522995
t2_recon,0.8438848257064819,0.6957250833511353
t2_recon,0.5292984843254089,0.44471102952957153
t2_recon,0.5223385095596313,0.3340150713920593
t2_recon,0.2424633800983429,0.3068627119064331
t2_recon,0.6447777152061462,0.29321160912513733
t2_recon,0.49116238951683044,0.7999722361564636
t2_recon,0.6204197406768799,0.15952691435813904
t2_recon,0.3965691328048706,0.5862624645233154
t2_recon,0.5832559466362,0.512927770614624
t2_recon,0.6425715684890747,0.37363356351852417
t2_recon,0.488551527261734,0.9063915014266968
t2_recon,0.6199109554290771,0.26683148741722107
t2_recon,0.6721543669700623,0.7586541771888733
t2_recon,0.6823649406433105,0.49170148372650146
t2_recon,0.20132751762866974,0.15585002303123474
t2_recon,0.3766716420650482,0.14348477125167847
t2_recon,0.707294225692749,0.6988701820373535
t2_recon,0.3336977958679199,0.3963879644870758
t2_recon,0.7204377055168152,0.7132046222686768
t2_recon,0.44523435831069946,0.6529101133346558
t2_recon,0.2547915279865265,0.245480015873909
t2_recon,0.4704379439353943,0.08382133394479752
t2_recon,0.5231432318687439,0.5343165993690491
t2_recon,0.6413324475288391,0.5921087861061096
t2_recon,0.46108028292655945,0.41580450534820557
t2_recon,0.5112465620040894,0.5088735818862915
t2_recon,0.21561329066753387,0.1670936942100525
t2_recon,0.7243792414665222,0.7062304615974426
t2_recon,0.5866646766662598,0.6249593496322632
t2_recon,0.3859519362449646,0.2794797420501709
t2_recon,0.9432359933853149,0.53437340259552
t2_recon,0.10619405657052994,0.1351286917924881
t2_recon,0.8391112089157104,0.6101632714271545
t2_recon,0.4994106590747833,0.5107120275497437
t2_recon,0.6685528755187988,0.29355934262275696
t2_recon,0.5259256362915039,0.6743308901786804
t2_recon,0.3873681426048279,0.508673369884491
t2_recon,0.7942698001861572,0.837993323802948
t2_recon,0.7581793069839478,0.6499682664871216
t2_recon,0.29646292328834534,0.09575013816356659
t2_recon,0.7439889907836914,0.5412853360176086
t2_recon,0.8132565021514893,0.6179368495941162
t2_recon,0.40696093440055847,0.6801645755767822
t2_recon,0.35573437809944153,0.5751402378082275
t2_recon,0.6247277855873108,0.6916752457618713
t2_recon,0.5397458076477051,0.2726675271987915
t2_recon,0.3973444700241089,0.539722204208374
t2_recon,0.43435221910476685,0.6588634848594666
t2_recon,0.781975507736206,0.7417064905166626
t2_recon,0.52271968126297,0.11523598432540894
t2_recon,0.3848089575767517,0.42776060104370117
t2_recon,0.13023684918880463,0.17532536387443542
t2_recon,0.22372141480445862,0.2188965082168579
t2_recon,0.7245608568191528,0.6094593405723572
t2_recon,0.7751612067222595,0.6712818145751953
t2_recon,0.6026021838188171,0.864342451095581
t2_recon,0.5255773067474365,0.49952396750450134
t2_recon,0.6491405963897705,0.20836900174617767
t2_recon,0.36623263359069824,0.1466394066810608
t2_recon,0.08621668070554733,0.10237040370702744
t2_recon,0.47720587253570557,0.5498068332672119
t2_recon,0.5870458483695984,0.6158425211906433
t2_recon,0.5844683051109314,0.8712379336357117
t2_recon,0.3185165822505951,0.20666052401065826
t2_recon,0.35309502482414246,0.4745558798313141
t2_recon,0.7484841346740723,0.6804287433624268
t2_recon,0.8962042927742004,0.6607017517089844
t2_recon,0.1550292819738388,0.19347497820854187
t2_recon,0.3817567825317383,0.4960424602031708
t2_recon,0.6576468348503113,0.682336151599884
t2_recon,0.7541415095329285,0.433799147605896
t2_recon,0.6675308346748352,0.48927178978919983
t2_recon,0.6839842796325684,0.884173572063446
t2_recon,0.6597675085067749,0.6990683674812317
t2_recon,0.5335717797279358,0.6521568298339844
t2_recon,0.9104107618331909,0.5550728440284729
t2_recon,0.8950607180595398,0.6540824770927429
t2_recon,0.3522343635559082,0.5732095241546631
t2_recon,0.4279579818248749,0.45693477988243103
t2_recon,0.6682718992233276,0.08226034045219421
t2_recon,0.40692421793937683,0.5609839558601379
t2_recon,0.4089736044406891,0.6258997321128845
t2_recon,0.5865647792816162,0.7012550830841064
t2_recon,0.7050305604934692,0.2988813817501068
t2_recon,0.5018277168273926,0.6219011545181274
t2_recon,0.2706042230129242,0.29207703471183777
t2_recon,0.5410991907119751,0.7396693825721741
t2_gw,0.6722128391265869,0.8521547317504883
t2_gw,0.6923744678497314,0.15942181646823883
t2_gw,0.6041635274887085,0.746199905872345
t2_gw,0.6375307440757751,0.6980781555175781
t2_gw,0.25256770849227905,0.20493841171264648
t2_gw,0.6855026483535767,0.26418620347976685
t2_gw,0.33250662684440613,0.5781935453414917
t2_gw,0.5981888175010681,0.37031370401382446
t2_gw,0.19532886147499084,0.19161508977413177
t2_gw,0.5288853049278259,0.11149127036333084
t2_gw,0.5980750918388367,0.12234716862440109
t2_gw,0.7411211133003235,0.482048362493515
t2_gw,0.3966282606124878,0.34087586402893066
t2_gw,0.4031238555908203,0.6889728903770447
t2_gw,0.5320050120353699,0.6678677797317505
t2_gw,0.6639357209205627,0.3378605842590332
t2_gw,0.6673371195793152,0.12901411950588226
t2_gw,0.6201834678649902,0.6093846559524536
t2_gw,0.6316667199134827,0.5951520800590515
t2_gw,0.4348776638507843,0.5810399651527405
t2_gw,0.4653898775577545,0.7874265313148499
t2_gw,0.5217828154563904,0.29180869460105896
t2_gw,0.7134137749671936,0.9054847955703735
t2_gw,0.3572862446308136,0.6651922464370728
t2_gw,0.12176802009344101,0.11904231458902359
t2_gw,0.4748515784740448,0.1111600250005722
t2_gw,0.6814644932746887,0.9945422410964966
t2_gw,0.775964617729187,0.9669455885887146
t2_gw,0.23992183804512024,0.21106840670108795
t2_gw,0.5012626647949219,0.6400343179702759
t2_gw,0.7040987014770508,0.1916174292564392
t2_gw,0.7119409441947937,0.6371365785598755
t2_gw,0.5960404872894287,0.9002007246017456
t2_gw,0.4888141453266144,0.7872344851493835
t2_gw,0.67606520652771,0.9520862102508545
t2_gw,0.46561434864997864,0.2575978934764862
t2_gw,0.6681094765663147,0.7275981903076172
t2_gw,0.7109102606773376,0.6250750422477722
t2_gw,0.6665847301483154,0.4074598252773285
t2_gw,0.2179446816444397,0.06252801418304443
t2_gw,0.33182817697525024,0.41317349672317505
t2_gw,0.6323946118354797,0.23975855112075806
t2_gw,0.28668010234832764,0.5222551226615906
t2_gw,0.6892414093017578,0.1598707139492035
t2_gw,0.7195399403572083,0.453523725271225
t2_gw,0.4406168758869171,0.194932758808136
t2_gw,0.5768558382987976,0.19199781119823456
t2_gw,0.30603277683258057,0.37466973066329956
t2_gw,0.46034371852874756,0.3810569643974304
t2_gw,0.1546136736869812,0.11741973459720612
t2_gw,0.826561689376831,0.7853220105171204
t2_gw,0.5480884909629822,0.7043749690055847
t2_gw,0.6815760731697083,0.41536518931388855
t2_gw,0.3502323627471924,0.12926365435123444
t2_gw,0.6864508390426636,0.28312063217163086
t2_gw,0.4697575569152832,0.41264772415161133
t2_gw,0.6172534227371216,0.5888638496398926
t2_gw,0.14933264255523682,0.07887536287307739
t2_gw,0.3665606379508972,0.2785837650299072
t2_gw,0.6963769793510437,0.25342386960983276
t2_gw,0.4906842112541199,0.4024113118648529
t2_gw,0.6426010131835938,0.12096172571182251
t2_gw,0.6454780101776123,0.03549427539110184
t2_gw,0.2084350883960724,0.20197057723999023
t2_gw,0.6825850009918213,0.7326033115386963
t2_gw,0.3899328112602234,0.5874115824699402
t2_gw,0.16102367639541626,0.08483488857746124
t2_gw,0.3442828357219696,0.46392351388931274
t2_gw,0.4274316430091858,0.2731107771396637
t2_gw,0.11742936819791794,0.0667908638715744
t2_gw,0.783351480960846,0.7772417664527893
t2_gw,0.41775837540626526,0.6072092652320862
t2_gw,0.7941168546676636,0.8526840806007385
t2_gw,0.5070766806602478,0.526424765586853
t2_gw,0.6709479093551636,0.4771614372730255
t2_gw,0.7661570906639099,0.6899360418319702
t2_gw,0.6001632213592529,0.7705713510513306
t2_gw,0.6451821327209473,0.7867968678474426
t2_gw,0.7982839345932007,0.5482457280158997
t2_gw,0.7536454796791077,0.5415906310081482
t2_gw,0.5178701281547546,0.5809008479118347
t2_gw,0.5625338554382324,0.36462417244911194
t2_gw,0.5926864147186279,0.32886168360710144
t2_gw,0.36081716418266296,0.5757728219032288
t2_gw,0.6725191473960876,0.7020329236984253
t2_gw,0.9255259037017822,0.823604941368103
t2_gw,0.681771993637085,0.7033530473709106
t2_gw,0.7302289605140686,0.5026050806045532
t2_gw,0.8406795263290405,0.7493765354156494
t2_gw,0.7345775961875916,0.6800037622451782
t2_gw,0.390102356672287,0.29772862792015076
t2_gw,0.3231827914714813,0.364465594291687
t2_gw,0.47582533955574036,0.3846834897994995
t2_gw,0.2398652583360672,0.4059081971645355
t2_gw,0.3505168855190277,0.08390670269727707
t2_gw,0.5969924330711365,0.17287109792232513
t2_gw,0.29633116722106934,0.684331476688385
t2_gw,0.26108333468437195,0.6205841898918152
t2_gw,0.4749119281768799,0.09321335703134537
t2_gw,0.5508828163146973,0.8444635272026062
t2_gw,0.39060622453689575,0.24922877550125122
t2_gw,0.6817679405212402,0.5951016545295715
t2_gw,0.5806399583816528,0.39555466175079346
t2_gw,0.6690271496772766,0.8564311265945435
t2_gw,0.43665197491645813,0.677967369556427
t2_gw,0.6160547137260437,0.7570047974586487
t2_gw,0.7580825686454773,0.9080679416656494
t2_gw,0.5191723108291626,0.6768599152565002
t2_gw,0.71576327085495,0.6251505613327026
t2_gw,0.22624114155769348,0.29282185435295105
t2_gw,0.6763280034065247,0.896205484867096
t2_gw,0.7209561467170715,0.9202811121940613
t2_gw,0.2329988330602646,0.24263571202754974
t2_gw,0.33501219749450684,0.3900589644908905
t2_gw,0.5143541097640991,0.5808160901069641
t2_gw,0.5030090808868408,0.4858761727809906
t2_gw,0.5454819798469543,0.2483985275030136
t2_gw,0.3618903160095215,0.3001490831375122
t2_gw,0.272144615650177,0.06475737690925598
t2_gw,0.7662677764892578,0.6354897618293762
t2_gw,0.3367999792098999,0.5799565315246582
t2_gw,0.1566757708787918,0.2646014988422394
t2_gw,0.15500399470329285,0.22830937802791595
t2_gw,0.31895095109939575,0.06861412525177002
t2_gw,0.3648190498352051,0.5744574069976807
t2_gw,0.569147527217865,0.80446457862854
t2_gw,0.8360212445259094,0.9173338413238525
t2_gw,0.09387049823999405,0.019535984843969345
t2_gw,0.3562849164009094,0.6134304404258728
t2_gw,0.4238395690917969,0.5774890184402466
t2_gw,0.4400005340576172,0.23585163056850433
t2_gw,0.7098618745803833,0.7021434307098389
t2_gw,0.9065062403678894,0.7767524719238281
t2_gw,0.5858457088470459,0.6617946624755859
t2_gw,0.36710748076438904,0.216664656996727
t2_gw,0.41885507106781006,0.6345284581184387
t2_gw,0.3227885663509369,0.5328875780105591
t2_gw,0.15144741535186768,0.07971543818712234
t2_gw,0.26506292819976807,0.18300442397594452
t2_gw,0.7260636687278748,0.8648865222930908
t2_gw,0.5433802008628845,0.18982566893100739
t2_gw,0.7362068295478821,0.8028614521026611
t2_gw,0.5037966966629028,0.5991889834403992
t2_gw,0.6353128552436829,0.06202813982963562
t2_gw,0.677454948425293,0.5980268120765686
t2_gw,0.5190284252166748,0.6887916922569275
t2_gw,0.7659897804260254,0.9287325143814087
t2_gw,0.9396837949752808,0.7320832014083862
t2_gw,0.5329930186271667,0.524964451789856
t2_gw,0.23464399576187134,0.5383307933807373
t2_gw,0.8683801293373108,0.9668235778808594
t2_gw,0.38093018531799316,0.6827308535575867
t2_gw,0.6701684594154358,0.7588110566139221
t2_gw,0.8028170466423035,0.5769311189651489
t2_gw,0.47830021381378174,0.12588419020175934
t2_gw,0.42244967818260193,0.5829659104347229
t2_gw,0.5822300910949707,0.7396577000617981
t2_gw,0.4384884834289551,0.10080600529909134
t2_gw,0.7594465017318726,0.7747946977615356
t2_gw,0.40026965737342834,0.5512436032295227
t2_gw,0.7281366586685181,0.5134347677230835
t2_gw,0.045821238309144974,0.12641118466854095
t2_gw,0.8004825115203857,0.982631504535675
t2_gw,0.5560430884361267,0.7531126141548157
t2_gw,0.3609611392021179,0.42755240201950073
t2_gw,0.8212133049964905,0.7649443745613098
t2_gw,0.7686335444450378,0.7980661392211914
t2_gw,0.3579011559486389,0.4260459840297699
t2_gw,0.44116106629371643,0.6373952627182007
t2_gw,0.8041103482246399,0.7024369239807129
t2_gw,0.6285566687583923,0.8149747848510742
t2_gw,0.4508422911167145,0.39687058329582214
t2_gw,0.4030672013759613,0.3059996962547302
t2_gw,0.555292010307312,0.25139695405960083
t2_gw,0.5920040607452393,0.8453630208969116
t2_gw,0.20905332267284393,0.4089505076408386
t2_gw,0.418244332075119,0.4772123098373413
t2_gw,0.9525507092475891,0.7182717323303223
t2_gw,0.25253424048423767,0.17829695343971252
t2_gw,0.6081061959266663,0.7212982177734375
t2_gw,0.7440950274467468,0.8125010132789612
t2_gw,0.3657618463039398,0.562118411064148
t2_gw,0.6658838391304016,0.34872832894325256
t2_gw,0.587164580821991,0.639789342880249
t2_gw,0.6490488052368164,0.29505521059036255
t2_gw,0.776619553565979,0.7293035387992859
t2_gw,0.20320813357830048,0.12138041853904724
t2_gw,0.7206043601036072,0.647724986076355
t2_gw,0.6364783644676208,0.628690779209137
t2_gw,0.8275460600852966,0.7253267168998718
t2_gw,0.3888763189315796,0.4076509475708008
t2_gw,0.3744978606700897,0.28083720803260803
t2_gw,0.36654219031333923,0.24441443383693695
t2_gw,0.6986440420150757,0.8974230289459229
t2_gw,0.524346113204956,0.6387223601341248
t2_gw,0.7875349521636963,0.6794076561927795
t2_gw,0.7501028180122375,0.8519274592399597
t2_gw,0.343497097492218,0.5077062249183655
t2_gw,0.5904648900032043,0.7678788304328918
t2_gw,0.3693199157714844,0.16414591670036316
t2_gw,0.2679324150085449,0.34718191623687744
t2_gw,0.6651773452758789,0.6740051507949829
t2_gw,0.5761168599128723,0.665349006652832
t2_gw,0.4189598858356476,0.5127800703048706
t2_gw,0.39981016516685486,0.6373559832572937
t2_gw,0.47009411454200745,0.3254074156284332
t2_gw,0.5920997858047485,0.4632224142551422
t2_gw,0.24189282953739166,0.4887998700141907
t2_gw,0.3695838153362274,0.07725702226161957
t2_gw,0.8478593230247498,0.9475274085998535
t2_gw,0.6863661408424377,0.5506888628005981
t2_gw,0.5220471024513245,0.279556006193161
t2_gw,0.7955343127250671,0.7370335459709167
t2_gw,0.5128540396690369,0.711235761642456
t2_gw,0.49928632378578186,0.6187713742256165
t2_gw,0.5779767632484436,0.7528002262115479
t2_gw,0.8135715126991272,0.7107936143875122
t2_gw,0.7757337093353271,0.6071776747703552
t2_gw,0.6151225566864014,0.735392153263092
t2_gw,0.2568321228027344,0.3507946729660034
t2_gw,0.5626358985900879,0.8416890501976013
t2_gw,0.8098394274711609,0.9488038420677185
t2_gw,0.5220534801483154,0.2601323425769806
t2_gw,0.6728684306144714,0.7475633025169373
t2_gw,0.772456169128418,0.8095178008079529
t2_gw,0.1543281525373459,0.44365501403808594
t2_gw,0.49953678250312805,0.42241019010543823
t2_gw,0.7062636613845825,0.06841805577278137
t2_gw,0.5835733413696289,0.774014413356781
t2_gw,0.5843530893325806,0.6499177813529968
t2_gw,0.8042258620262146,0.9167324900627136
t2_gw,0.77524733543396,0.9129274487495422
t2_gw,0.45198091864585876,0.5855416655540466
t2_gw,0.5024523735046387,0.6776700615882874
t2_gw,0.4551995098590851,0.33143818378448486
t2_gw,0.6573696136474609,0.6276468634605408
t2_gw,0.8829850554466248,0.8053873777389526
t2_gw,0.47244611382484436,0.04587339982390404
t2_gw,0.7275949120521545,0.8981805443763733
t2_gw,0.6167619228363037,0.35420680046081543
t2_gw,0.2206103503704071,0.22556424140930176
t2_gw,0.9227129817008972,0.8298376798629761
t2_gw,0.8327710032463074,0.681308925151825
t2_gw,0.6799767017364502,0.8413832783699036
t2_gw,0.46098390221595764,0.6684062480926514
t2_gw,0.30273404717445374,0.11637667566537857
t2_gw,0.6745871305465698,0.8342821598052979
t2_gw,0.5370347499847412,0.5274907946586609
t2_gw,0.29679712653160095,0.49083220958709717
t2_gw,0.2540301978588104,0.2735534906387329
t2_gw,0.5647794604301453,0.6649919748306274
t2_gw,0.566900372505188,0.5402622222900391
t2_gw,0.43545374274253845,0.4024060070514679
t2_gw,0.6882427930831909,0.8112025856971741
t2_gw,0.6834532618522644,0.7238338589668274
t2_gw,0.8041732907295227,0.8957615494728088
t2_gw,0.7216653823852539,0.730518102645874
t2_gw,0.25453728437423706,0.14090551435947418
t2_gw,0.306021511554718,0.4931287169456482
t2_gw,0.6786901950836182,0.7780985236167908
t2_gw,0.4946141242980957,0.4135840833187103
t2_gw,0.8443224430084229,0.6724013090133667
t2_gw,0.7415903210639954,0.6802038550376892
t2_gw,0.21570108830928802,0.39564740657806396
t2_gw,0.7216727137565613,0.49966105818748474
t2_gw,0.665178656578064,0.7127353549003601
t2_gw,0.34578996896743774,0.3341269791126251
t2_gw,0.6827101707458496,0.5575909614562988
t2_gw,0.5211241841316223,0.7224920988082886
t2_gw,0.331278920173645,0.42114436626434326
t2_gw,0.09654825180768967,0.19414320588111877
t2_gw,0.35855159163475037,0.2399453967809677
t2_gw,0.5627925992012024,0.5013138055801392
t2_gw,0.2650490999221802,0.13204216957092285
t2_gw,0.6735466718673706,0.7331907749176025
t2_gw,0.4475177824497223,0.5032360553741455
t2_gw,0.4522004723548889,0.2326650470495224
t2_gw,0.8915619254112244,0.8537346720695496
t2_gw,0.586453378200531,0.6557140350341797
t2_gw,0.5561986565589905,0.513859748840332
t2_gw,0.473103404045105,0.6300462484359741
t2_gw,0.6204755902290344,0.7637314200401306
t2_gw,0.6128935217857361,0.7908745408058167
t2_gw,0.7719709873199463,0.7267038226127625
t2_gw,0.07450465857982635,0.02157595008611679
t2_gw,0.6334542036056519,0.4376014173030853
t2_gw,0.12673240900039673,0.1645553559064865
t2_gw,0.8782995343208313,0.9247785806655884
t2_gw,0.7682880163192749,0.6291437745094299
t2_gw,0.17622022330760956,0.06285247951745987
t2_gw,0.6536279320716858,0.8149533867835999
t2_gw,0.5786135792732239,0.8322038054466248
t2_gw,0.052114494144916534,0.11000601202249527
t2_gw,0.7412174344062805,0.708357572555542
t2_gw,0.7711828351020813,0.5361815690994263
t2_gw,0.9010748863220215,0.7345121502876282
t2_gw,0.7214154005050659,0.7006540894508362
t2_gw,0.64043790102005,0.41645294427871704
t2_gw,0.8032830357551575,0.60299152135849
t2_gw,0.47748497128486633,0.7364878058433533
t2_gw,0.5032391548156738,0.5584579110145569
t2_gw,0.6931263208389282,0.1633235663175583
t2_gw,0.7235540747642517,0.7723376154899597
t2_gw,0.5611284971237183,0.7230387330055237
t2_gw,0.1242193877696991,0.3106915354728699
t2_gw,0.2240803986787796,0.24932323396205902
t2_gw,0.7703431844711304,0.5620903968811035
t2_gw,0.6113835573196411,0.6503525376319885
t2_gw,0.4905072748661041,0.7536611557006836
t2_gw,0.5572056770324707,0.4120095670223236
t2_gw,0.7030015587806702,0.6069000959396362
t2_gw,0.4695584774017334,0.6502513885498047
t2_gw,0.303189218044281,0.11091776192188263
t2_gw,0.6249478459358215,0.7413058876991272
t2_gw,0.6501325964927673,0.19671884179115295
t2_gw,0.61366868019104,0.6031934022903442
t2_gw,0.972458004951477,0.6864835619926453
t2_gw,0.24532049894332886,0.12478838115930557
t2_gw,0.1428675353527069,0.1783904880285263
t2_gw,0.25660037994384766,0.42434602975845337
t2_gw,0.534428596496582,0.3262127935886383
t2_gw,0.6478017568588257,0.7926350235939026
t2_gw,0.7003751397132874,0.7157415151596069
t2_gw,0.2121567279100418,0.3325706422328949
t2_gw,0.6586449146270752,0.6511844396591187
t2_gw,0.37900349497795105,0.34945613145828247
t2_gw,0.31782227754592896,0.45405179262161255
t2_gw,0.5789548754692078,0.6649333834648132
t2_gw,0.36694344878196716,0.25957584381103516
t2_gw,0.42073845863342285,0.5585840344429016
t2_gw,0.38262709975242615,0.37738075852394104
t2_gw,0.7120835781097412,0.309763103723526
t2_gw,0.8122634887695312,0.7213429808616638
t2_gw,0.5776139497756958,0.6938313245773315
t2_gw,0.1728813499212265,0.08020229637622833
t2_gw,0.5347508788108826,0.11649727821350098
t2_gw,0.9016340374946594,0.8200473785400391
t2_gw,0.27663174271583557,0.08745622634887695
t2_gw,0.6615813374519348,0.09788352996110916
t2_gw,0.15465745329856873,0.13378722965717316
t2_gw,0.6179643273353577,0.8285347819328308
t2_gw,0.44655391573905945,0.11659702658653259
t2_gw,0.4462526738643646,0.6185632944107056
t2_gw,0.6639848351478577,0.27233028411865234
t2_gw,0.7635514140129089,0.5182256698608398
t2_gw,0.24058984220027924,0.5190567374229431
t2_gw,0.9169763922691345,0.8692521452903748
t2_gw,0.3439236581325531,0.4944095313549042
t2_gw,0.7457875609397888,0.7023550271987915
t2_gw,0.6193684339523315,0.8476395606994629
t2_gw,0.6416685581207275,0.7086508870124817
t2_gw,0.5066887140274048,0.696554958820343
t2_gw,0.6245969533920288,0.13729675114154816
t2_gw,0.09983523935079575,0.3104345202445984
t2_gw,0.6512041687965393,0.8747897744178772
t2_gw,0.6134878396987915,0.6100242733955383
t2_gw,0.7608722448348999,0.7057390809059143
t2_gw,0.2670091390609741,0.27066418528556824
t2_gw,0.46848613023757935,0.5173441767692566
t2_gw,0.640487551689148,0.407484769821167
t2_gw,0.5651389956474304,0.18424539268016815
t2_gw,0.5351848602294922,0.5854280591011047
t2_gw,0.7074418067932129,0.851760745048523
t2_gw,0.35076937079429626,0.19193357229232788
t2_gw,0.7315697073936462,0.6390253305435181
t2_gw,0.7524122595787048,0.8806602954864502
t2_gw,0.33556053042411804,0.42192354798316956
t2_gw,0.2679654657840729,0.4427604377269745
t2_gw,0.29775169491767883,0.35458043217658997
t2_gw,0.11799255758523941,0.1758788526058197
t2_gw,0.20027293264865875,0.3893592357635498
t2_gw,0.14463162422180176,0.23972856998443604
t2_gw,0.863002598285675,0.8524127006530762
t2_gw,0.7685025334358215,0.6934118866920471
t2_gw,0.19799895584583282,0.23651286959648132
t2_gw,0.36742261052131653,0.17949143052101135
t2_gw,0.6862952709197998,0.9179766774177551
t2_gw,0.47236374020576477,0.6679786443710327
t2_gw,0.5368015766143799,0.09482918679714203
t2_gw,0.3558538854122162,0.050542932003736496
t2_gw,0.44991016387939453,0.6301491260528564
t2_gw,0.655788004398346,0.7914032936096191
t2_gw,0.46835094690322876,0.573713481426239
t2_gw,0.7633081078529358,0.9024016261100769
t2_gw,0.2609182298183441,0.2307884246110916
t2_gw,0.22365377843379974,0.31735363602638245
t2_gw,0.6294580698013306,0.5134369134902954
t2_gw,0.6285908222198486,0.749285101890564
t2_gw,0.7845674753189087,0.8042381405830383
t2_gw,0.6388582587242126,0.726769745349884
t2_gw,0.6227841377258301,0.7680727243423462
t2_gw,0.41918304562568665,0.4672894775867462
t2_gw,0.6922558546066284,0.7087060809135437
t2_gw,0.16463661193847656,0.22379185259342194
t2_gw,0.35781487822532654,0.1317565143108368
t2_gw,0.5745425224304199,0.6921787261962891
t2_gw,0.8813875317573547,0.8349411487579346
t2_gw,0.12328258156776428,0.01665155030786991
t2_gw,0.6942483186721802,0.7752489447593689
t2_gw,0.5168794989585876,0.5972418189048767
t2_gw,0.3386293053627014,0.23805539309978485
t2_gw,0.8725343942642212,0.7286942601203918
t2_gw,0.3899378776550293,0.23953315615653992
t2_gw,0.39507362246513367,0.6975191235542297
t2_gw,0.4941202998161316,0.6882648468017578
t2_gw,0.5594308376312256,0.16188126802444458
t2_gw,0.8134908080101013,0.6770685315132141
t2_gw,0.7043712139129639,0.17794904112815857
t2_gw,0.6202316880226135,0.7657800912857056
t2_gw,0.7325007915496826,0.6607842445373535
t2_gw,0.5000806450843811,0.6898823976516724
t2_gw,0.5565516948699951,0.5899756550788879
t2_gw,0.5447028875350952,0.2294575273990631
t2_gw,0.3671266734600067,0.06316900998353958
t2_gw,0.48395997285842896,0.13924597203731537
t2_gw,0.7048873901367188,0.8374426960945129
t2_gw,0.8185098767280579,0.7453908920288086
t2_gw,0.7197221517562866,0.708041250705719
t2_gw,0.747999370098114,0.8592702150344849
t2_gw,0.5333030223846436,0.788237988948822
t2_gw,0.708484947681427,0.6927846074104309
t2_gw,0.5575692057609558,0.1290176510810852
t2_gw,0.33057403564453125,0.239329993724823
t2_gw,0.23462921380996704,0.43574607372283936
t2_gw,0.5533298254013062,0.6333490610122681
t2_gw,0.8495569229125977,0.7546160817146301
t2_gw,0.48352015018463135,0.511664628982544
t2_gw,0.45456844568252563,0.7224718928337097
t2_gw,0.9045449495315552,0.7627657055854797
t2_gw,0.4064730405807495,0.4750576317310333
t2_gw,0.42475128173828125,0.33826762437820435
t2_gw,0.6070878505706787,0.7213383316993713
t2_gw,0.5143572092056274,0.6519040465354919
t2_gw,0.7188140153884888,0.4217800498008728
t2_gw,0.8397419452667236,0.7314444184303284
t2_gw,0.6652870774269104,0.7041357159614563
t2_gw,0.6634331941604614,0.010713117197155952
t2_gw,0.2642844319343567,0.3575274646282196
t2_gw,0.27924466133117676,0.27570244669914246
t2_gw,0.5047980546951294,0.17922306060791016
t2_gw,0.49170932173728943,0.10437548160552979
t2_gw,0.5197443962097168,0.17923130095005035
t2_gw,0.5770744681358337,0.40681931376457214
t2_gw,0.11774713546037674,0.14706197381019592
t2_gw,0.2796567380428314,0.4430341124534607
t2_gw,0.28353241086006165,0.127326101064682
t2_gw,0.37654441595077515,0.6379886269569397
t2_gw,0.8921075463294983,0.8561862111091614
t2_gw,0.6734033226966858,0.7537420392036438
t2_gw,0.8732751607894897,0.8033954501152039
t2_gw,0.4721581041812897,0.7285608053207397
t2_gw,0.6277548670768738,0.6774498820304871
t2_gw,0.4447692036628723,0.5639353394508362
t2_gw,0.6886357069015503,0.44018620252609253
t2_gw,0.31319552659988403,0.41460058093070984
t2_gw,0.8939830660820007,0.7717559933662415
t2_gw,0.10608743131160736,0.037009820342063904
t2_gw,0.3139662742614746,0.45993030071258545
t2_gw,0.6688467264175415,0.7605141997337341
t2_gw,0.5992099046707153,0.41779160499572754
t2_gw,0.36179742217063904,0.15279661118984222
t2_gw,0.5816219449043274,0.2616552710533142
t2_gw,0.6620252132415771,0.7995470762252808
t2_gw,0.6784799695014954,0.8552713394165039
t2_gw,0.665431797504425,0.7309423089027405
t2_gw,0.8160514235496521,0.5929570198059082
t2_gw,0.8779122233390808,0.8090640306472778
t2_gw,0.46747875213623047,0.24084492027759552
t2_gw,0.7603618502616882,0.6580313444137573
t2_gw,0.6073200106620789,0.2311863899230957
t2_gw,0.6865273118019104,0.29871416091918945
t2_gw,0.3500484824180603,0.6604335904121399
t2_gw,0.34442058205604553,0.48051655292510986
t2_gw,0.42825189232826233,0.5719636678695679
t2_gw,0.543420672416687,0.649363100528717
t2_gw,0.6917673349380493,0.7535284161567688
t2_gw,0.4455452263355255,0.46455493569374084
t2_gw,0.21967795491218567,0.16506583988666534
t2_gw,0.925283670425415,0.9419283270835876
t2_gw,0.42981165647506714,0.5796186327934265
t2_gw,0.8136379718780518,0.957355260848999
t2_gw,0.705691933631897,0.8050953149795532
t2_gw,0.4455087184906006,0.7105538845062256
t2_gw,0.30130985379219055,0.09164278209209442
t2_gw,0.4062172770500183,0.15402978658676147
t2_gw,0.22370019555091858,0.4655970633029938
t2_gw,0.48784106969833374,0.4423600733280182
t2_gw,0.577840268611908,0.6294105052947998
t2_gw,0.1536758542060852,0.4589574337005615
t2_gw,0.5766599178314209,0.6554458737373352
t2_gw,0.6373593211174011,0.8509173393249512
t2_gw,0.34695419669151306,0.269953191280365
t2_gw,0.2851184010505676,0.2580113112926483
t2_gw,0.6996628642082214,0.8744476437568665
t2_gw,0.8501023650169373,0.7519322633743286
t2_gw,0.7175124287605286,0.7868736982345581
t2_gw,0.8511356115341187,0.6911174058914185
t2_gw,0.672670304775238,0.6562801599502563
t2_gw,0.35473403334617615,0.5755425095558167
t2_gw,0.6711191534996033,0.2526569962501526
t2_gw,0.16567879915237427,0.08362270891666412
t2_gw,0.3936865031719208,0.5219106078147888
t2_gw,0.2955365478992462,0.507120668888092
t2_gw,0.47450533509254456,0.15047544240951538
t2_gw,0.7195829749107361,0.36654138565063477
t2_gw,0.36855119466781616,0.6913653612136841
t2_gw,0.8021296262741089,0.5841163396835327
t2_gw,0.349582701921463,0.4569281041622162
t2_gw,0.6125192046165466,0.7807307243347168
t2_gw,0.8662065863609314,0.7897072434425354
t2_gw,0.8164946436882019,0.7829076051712036
t2_gw,0.8694398999214172,0.7284477949142456
t2_gw,0.7194603085517883,0.3742731213569641
t2_gw,0.8872276544570923,0.6831654906272888
t2_gw,0.6417844891548157,0.5091037154197693
t2_gw,0.6461270451545715,0.8970651030540466
t2_gw,0.5178611278533936,0.13263002038002014
t2_gw,0.799167811870575,0.7656538486480713
t2_gw,0.9267527461051941,0.7939673066139221
t2_gw,0.6983205676078796,0.7520753741264343
t2_gw,0.6898584365844727,0.8583265542984009
t2_gw,0.3005409240722656,0.28499743342399597
t2_gw,0.37043750286102295,0.10000225156545639
t2_gw,0.3489242196083069,0.5233237743377686
t2_gw,0.4356214106082916,0.5707974433898926
t2_gw,0.6767755746841431,0.38900500535964966
t2_gw,0.38476645946502686,0.0825054720044136
t2_gw,0.5715153813362122,0.2912405729293823
t2_gw,0.7257980108261108,0.8989992141723633
t2_gw,0.34602952003479004,0.49414971470832825
t2_gw,0.6321465969085693,0.06631837040185928
t2_gw,0.44817405939102173,0.7236731648445129
t2_gw,0.3749847412109375,0.4432245194911957
t2_gw,0.39553630352020264,0.25796693563461304
t2_gw,0.34964773058891296,0.44722554087638855
t2_gw,0.49367135763168335,0.5309215784072876
t2_gw,0.544960618019104,0.4016827642917633
t2_gw,0.6551997661590576,0.15706296265125275
t2_gw,0.47057849168777466,0.7116600871086121
t2_gw,0.46674972772598267,0.3804611563682556
t2_gw,0.6348900198936462,0.4196585416793823
t2_gw,0.6388806700706482,0.71379154920578
t2_gw,0.3037431836128235,0.2596260905265808
t2_gw,0.6556510329246521,0.8745874166488647
t2_gw,0.5032052397727966,0.5912978053092957
t2_gw,0.6162195801734924,0.2226029485464096
t2_gw,0.3176927864551544,0.28699082136154175
t2_gw,0.3767167031764984,0.5823124647140503
t2_gw,0.6204065680503845,0.7728140950202942
t2_gw,0.46918946504592896,0.5710026621818542
t2_gw,0.16964249312877655,0.2401113510131836
t2_gw,0.5075414180755615,0.6467142701148987
t2_gw,0.17109276354312897,0.3938802480697632
t2_gw,0.2803924083709717,0.39140909910202026
t2_gw,0.1548604816198349,0.12960942089557648
t2_gw,0.30594560503959656,0.3638243079185486
t2_gw,0.25563931465148926,0.16026802361011505
t2_gw,0.7438619136810303,0.6576868295669556
t2_gw,0.6515019536018372,0.720804750919342
t2_gw,0.6978831887245178,0.0835084617137909
t2_gw,0.12023614346981049,0.1421806663274765
t2_gw,0.5647764801979065,0.8761782646179199
t2_gw,0.13528168201446533,0.2294207066297531
t2_gw,0.3743063509464264,0.37339648604393005
t2_gw,0.587109386920929,0.35003766417503357
t2_gw,0.5760042667388916,0.727721631526947
t2_gw,0.505336582660675,0.3306332230567932
t2_gw,0.5177679061889648,0.6883842349052429
t2_gw,0.4703342616558075,0.4474904537200928
t2_gw,0.6560099124908447,0.871677041053772
t2_gw,0.5625633597373962,0.388443261384964
t2_gw,0.8691521286964417,0.7773718237876892
t2_gw,0.19882161915302277,0.24843475222587585
t2_gw,0.7213563919067383,0.9098519086837769
t2_gw,0.5628161430358887,0.759952187538147
t2_gw,0.7999307513237,0.7162500619888306
t2_gw,0.27479252219200134,0.44351381063461304
t2_gw,0.7003219723701477,0.17586016654968262
t2_gw,0.34116676449775696,0.5140681266784668
t2_gw,0.2906908094882965,0.25962570309638977
t2_gw,0.7740806937217712,0.9590897560119629
t2_gw,0.6907056570053101,0.580365002155304
t2_gw,0.5564140677452087,0.4088217616081238
t2_gw,0.4983764886856079,0.6034383177757263
t2_gw,0.4881316125392914,0.4956565797328949
t2_gw,0.4650394022464752,0.427346795797348
t2_gw,0.4410220682621002,0.6594057679176331
t2_gw,0.4755735397338867,0.7121034264564514
t2_gw,0.2983004152774811,0.4623306393623352
t2_gw,0.3114474415779114,0.36854851245880127
t2_gw,0.15908002853393555,0.16095221042633057
t2_gw,0.35328197479248047,0.34976911544799805
t2_gw,0.7463133335113525,0.386646568775177
t2_gw,0.4564113914966583,0.23871654272079468
t2_gw,0.694545567035675,0.6040924787521362
t2_gw,0.6239067316055298,0.786502480506897
t2_gw,0.4024063050746918,0.461620956659317
t2_gw,0.1785542517900467,0.10588127374649048
t2_gw,0.1859123259782791,0.3330633342266083
t2_gw,0.47479602694511414,0.43590590357780457
t2_gw,0.7059798836708069,0.6264790892601013
t2_gw,0.6564975380897522,0.8595473170280457
t2_gw,0.7062985897064209,0.7316073179244995
t2_gw,0.5435534119606018,0.40730834007263184
t2_gw,0.10018520057201385,0.1310521960258484
t2_gw,0.5789859294891357,0.7393327951431274
t2_gw,0.4717675447463989,0.7513878345489502
t2_gw,0.6464064717292786,0.5185787081718445
t2_gw,0.4377354085445404,0.6810621619224548
t2_gw,0.8524324297904968,0.7080115675926208
t2_gw,0.5802982449531555,0.7501345276832581
t2_gw,0.6884539723396301,0.24623362720012665
t2_gw,0.0753595158457756,0.11046124249696732
t2_gw,0.29436415433883667,0.14193293452262878
t2_gw,0.644298255443573,0.5833505392074585
t2_gw,0.46352240443229675,0.6508846879005432
t2_gw,0.5864837169647217,0.7030269503593445
t2_gw,0.42140835523605347,0.7086389064788818
t2_gw,0.39855191111564636,0.6544197797775269
t2_gw,0.8017594814300537,0.561668872833252
t2_gw,0.61800616979599,0.36255279183387756
t2_gw,0.49921759963035583,0.6257914900779724
t2_gw,0.675152599811554,0.3908410668373108
t2_gw,0.3048417866230011,0.27864566445350647
t2_gw,0.2706751227378845,0.5104353427886963
t2_gw,0.8370009660720825,0.8880544304847717
t2_gw,0.749391496181488,0.8413293957710266
t2_gw,0.5739873051643372,0.18069426715373993
t2_gw,0.47778844833374023,0.7395225763320923
t2_gw,0.7916994094848633,0.9295682311058044
t2_gw,0.515849769115448,0.5850902199745178
t2_gw,0.6509209871292114,0.7908187508583069
t2_gw,0.6804613471031189,0.10723833739757538
t2_gw,0.8453144431114197,0.9815359711647034
t2_gw,0.8296845555305481,0.8894853591918945
t2_gw,0.3276228606700897,0.4959647059440613
t2_gw,0.5198693871498108,0.7068515419960022
t2_gw,0.3947034776210785,0.30424752831459045
t2_gw,0.3600142300128937,0.5281009674072266
t2_gw,0.5510766506195068,0.07540977746248245
t2_gw,0.666640043258667,0.7930163145065308
t2_gw,0.1839423030614853,0.2541656792163849
t2_gw,0.4950107932090759,0.6727055311203003
t2_gw,0.8293365240097046,0.7811947464942932
t2_gw,0.5287022590637207,0.6725037097930908
t2_gw,0.6319341659545898,0.42266973853111267
t2_gw,0.36613208055496216,0.36477425694465637
t2_gw,0.8988330364227295,0.6849942207336426
t2_gw,0.5022830367088318,0.6988725662231445
t2_gw,0.5537803769111633,0.4418908357620239
t2_gw,0.25248825550079346,0.22913077473640442
t2_gw,0.6989286541938782,0.7520840764045715
t2_gw,0.7169661521911621,0.8071199059486389
t2_gw,0.8166913986206055,0.7673505544662476
t2_gw,0.6652457118034363,0.7366414666175842
t2_gw,0.42958617210388184,0.6750274300575256
t2_gw,0.30724287033081055,0.08709539473056793
t2_gw,0.10759475082159042,0.25643545389175415
t2_gw,0.4933863580226898,0.49277785420417786
t2_gw,0.6512063145637512,0.7791798710823059
t2_gw,0.2641851305961609,0.4695606231689453
t2_gw,0.42831507325172424,0.4125148057937622
t2_gw,0.40000486373901367,0.3840138614177704
t2_gw,0.6332055926322937,0.5733063817024231
t2_gw,0.871258020401001,0.9224472641944885
t2_gw,0.7941026091575623,0.6040483713150024
t2_gw,0.11505688726902008,0.2197461724281311
t2_gw,0.3311797082424164,0.6171466112136841
t2_gw,0.5249136686325073,0.30229300260543823
t2_gw,0.7276837825775146,0.3517739474773407
t2_gw,0.6977578997612,0.8359887003898621
t2_gw,0.39424851536750793,0.30764296650886536
t2_gw,0.6853148937225342,0.7305543422698975
t2_gw,0.58604896068573,0.5344905853271484
t2_gw,0.9754420518875122,0.7107384204864502
t2_gw,0.8157203793525696,0.8075681924819946
t2_gw,0.9295351505279541,0.8367846608161926
t2_gw,0.5381467938423157,0.6684947609901428
t2_gw,0.4738460183143616,0.098288394510746
t2_gw,0.7870243191719055,0.6944296956062317
t2_gw,0.5047029256820679,0.5926901698112488
t2_gw,0.4195620119571686,0.5954441428184509
t2_gw,0.7283943295478821,0.7027301788330078
t2_gw,0.716453492641449,0.6874041557312012
t2_gw,0.6704185009002686,0.6021004319190979
t2_gw,0.7438861727714539,0.8791595101356506
t2_gw,0.3424917757511139,0.4724579453468323
t2_gw,0.5191466808319092,0.6500401496887207
t2_gw,0.6655457615852356,0.19628438353538513
t2_gw,0.6795662045478821,0.7972611784934998
t2_gw,0.5948474407196045,0.5090152621269226
t2_gw,0.8365957736968994,0.8624763488769531
t2_gw,0.6510192155838013,0.3473462462425232
t2_gw,0.579158365726471,0.7176150679588318
t2_gw,0.5666923522949219,0.4925905168056488
t2_gw,0.751288115978241,0.6256393790245056
t2_gw,0.5459755659103394,0.6445988416671753
t2_gw,0.7585625648498535,0.8425790667533875
t2_gw,0.9167507290840149,0.7360422015190125
t2_gw,0.6164445877075195,0.08683393895626068
