teacher,method,repeat,width,step,value_loss,jacobian_loss,objective
plain,value,0,4,1.0,0.31961047470001197,0.0,0.31961047470001197
plain,value,0,4,100.0,0.1222995812632315,0.0,0.1222995812632315
plain,value,0,4,200.0,0.08030014859945307,0.0,0.08030014859945307
plain,value,0,4,300.0,0.06772025523604984,0.0,0.06772025523604984
plain,value,0,4,400.0,0.044450588280453396,0.0,0.044450588280453396
plain,value,0,4,500.0,0.005437695841848025,0.0,0.005437695841848025
plain,value,0,4,600.0,0.0037169633925655692,0.0,0.0037169633925655692
plain,value,0,4,700.0,0.002523255244218979,0.0,0.002523255244218979
plain,value,0,4,800.0,0.0022668529038327957,0.0,0.0022668529038327957
plain,value,0,4,900.0,0.0018010625518876486,0.0,0.0018010625518876486
plain,value,0,4,1000.0,0.0016438829795154878,0.0,0.0016438829795154878
plain,value,0,4,1100.0,0.0013717242746425033,0.0,0.0013717242746425033
plain,value,0,4,1200.0,0.0012368567077061094,0.0,0.0012368567077061094
plain,value,0,4,1300.0,0.001061826551965812,0.0,0.001061826551965812
plain,value,0,4,1400.0,0.0009312004139863066,0.0,0.0009312004139863066
plain,value,0,4,1500.0,0.0008448163318036155,0.0,0.0008448163318036155
plain,value,0,4,1600.0,0.0008325672588468501,0.0,0.0008325672588468501
plain,value,0,4,1700.0,0.000762749118302681,0.0,0.000762749118302681
plain,value,0,4,1800.0,0.0007240461814010966,0.0,0.0007240461814010966
plain,value,0,4,1900.0,0.0006930798098303305,0.0,0.0006930798098303305
plain,value,0,4,2000.0,0.0006048289000276517,0.0,0.0006048289000276517
plain,value,0,4,2100.0,0.0006685188267646708,0.0,0.0006685188267646708
plain,value,0,4,2200.0,0.0006251618804537207,0.0,0.0006251618804537207
plain,value,0,4,2300.0,0.0006552098717759777,0.0,0.0006552098717759777
plain,value,0,4,2400.0,0.0006142371948572,0.0,0.0006142371948572
plain,value,0,4,2500.0,0.0006484069309739442,0.0,0.0006484069309739442
plain,value,0,8,1.0,0.27661078925887966,0.0,0.27661078925887966
plain,value,0,8,100.0,0.0039095554536535,0.0,0.0039095554536535
plain,value,0,8,200.0,0.0014663601199024253,0.0,0.0014663601199024253
plain,value,0,8,300.0,0.0010088186293267987,0.0,0.0010088186293267987
plain,value,0,8,400.0,0.000658844910788877,0.0,0.000658844910788877
plain,value,0,8,500.0,0.00046771469805507066,0.0,0.00046771469805507066
plain,value,0,8,600.0,0.0003838216035156275,0.0,0.0003838216035156275
plain,value,0,8,700.0,0.00031588301993905283,0.0,0.00031588301993905283
plain,value,0,8,800.0,0.0002499680955317168,0.0,0.0002499680955317168
plain,value,0,8,900.0,0.0002197474179295113,0.0,0.0002197474179295113
plain,value,0,8,1000.0,0.0001959026419463846,0.0,0.0001959026419463846
plain,value,0,8,1100.0,0.00017469157753331418,0.0,0.00017469157753331418
plain,value,0,8,1200.0,0.00014671391740823508,0.0,0.00014671391740823508
plain,value,0,8,1300.0,0.00013635783323833825,0.0,0.00013635783323833825
plain,value,0,8,1400.0,0.00012473569423657714,0.0,0.00012473569423657714
plain,value,0,8,1500.0,0.00011169839833541947,0.0,0.00011169839833541947
plain,value,0,8,1600.0,0.0001103519517659322,0.0,0.0001103519517659322
plain,value,0,8,1700.0,9.600332936103092e-05,0.0,9.600332936103092e-05
plain,value,0,8,1800.0,9.537036333533463e-05,0.0,9.537036333533463e-05
plain,value,0,8,1900.0,8.668875139121927e-05,0.0,8.668875139121927e-05
plain,value,0,8,2000.0,8.565337710840993e-05,0.0,8.565337710840993e-05
plain,value,0,8,2100.0,8.031843891294383e-05,0.0,8.031843891294383e-05
plain,value,0,8,2200.0,8.029770050407122e-05,0.0,8.029770050407122e-05
plain,value,0,8,2300.0,7.907117782391028e-05,0.0,7.907117782391028e-05
plain,value,0,8,2400.0,7.678201799350152e-05,0.0,7.678201799350152e-05
plain,value,0,8,2500.0,7.026805663609731e-05,0.0,7.026805663609731e-05
plain,value,0,16,1.0,0.30013129745426176,0.0,0.30013129745426176
plain,value,0,16,100.0,0.0014115287407255879,0.0,0.0014115287407255879
plain,value,0,16,200.0,0.0007843365984834947,0.0,0.0007843365984834947
plain,value,0,16,300.0,0.00047533875325755925,0.0,0.00047533875325755925
plain,value,0,16,400.0,0.00028762538561211533,0.0,0.00028762538561211533
plain,value,0,16,500.0,0.0001957329364130474,0.0,0.0001957329364130474
plain,value,0,16,600.0,0.0001359039047504044,0.0,0.0001359039047504044
plain,value,0,16,700.0,0.00010348011800131947,0.0,0.00010348011800131947
plain,value,0,16,800.0,7.483399475016285e-05,0.0,7.483399475016285e-05
plain,value,0,16,900.0,6.237132950133479e-05,0.0,6.237132950133479e-05
plain,value,0,16,1000.0,5.124872507404813e-05,0.0,5.124872507404813e-05
plain,value,0,16,1100.0,4.4198713717566e-05,0.0,4.4198713717566e-05
plain,value,0,16,1200.0,3.837377375945755e-05,0.0,3.837377375945755e-05
plain,value,0,16,1300.0,3.3425879091368235e-05,0.0,3.3425879091368235e-05
plain,value,0,16,1400.0,2.98191868413357e-05,0.0,2.98191868413357e-05
plain,value,0,16,1500.0,2.8467479382923393e-05,0.0,2.8467479382923393e-05
plain,value,0,16,1600.0,2.572494042257622e-05,0.0,2.572494042257622e-05
plain,value,0,16,1700.0,2.4625677054607354e-05,0.0,2.4625677054607354e-05
plain,value,0,16,1800.0,2.3021406352843866e-05,0.0,2.3021406352843866e-05
plain,value,0,16,1900.0,2.1818781234025225e-05,0.0,2.1818781234025225e-05
plain,value,0,16,2000.0,2.0882555170142487e-05,0.0,2.0882555170142487e-05
plain,value,0,16,2100.0,1.9916293315672685e-05,0.0,1.9916293315672685e-05
plain,value,0,16,2200.0,1.943443065206634e-05,0.0,1.943443065206634e-05
plain,value,0,16,2300.0,1.922986575887615e-05,0.0,1.922986575887615e-05
plain,value,0,16,2400.0,1.9355069029010095e-05,0.0,1.9355069029010095e-05
plain,value,0,16,2500.0,1.954960984592436e-05,0.0,1.954960984592436e-05
plain,value,0,32,1.0,0.23649546414614905,0.0,0.23649546414614905
plain,value,0,32,100.0,0.0004166875398693212,0.0,0.0004166875398693212
plain,value,0,32,200.0,0.00020261057359550363,0.0,0.00020261057359550363
plain,value,0,32,300.0,0.00011124089935607986,0.0,0.00011124089935607986
plain,value,0,32,400.0,6.844750704507292e-05,0.0,6.844750704507292e-05
plain,value,0,32,500.0,3.8562081630706e-05,0.0,3.8562081630706e-05
plain,value,0,32,600.0,2.607507324049427e-05,0.0,2.607507324049427e-05
plain,value,0,32,700.0,1.8264773297633142e-05,0.0,1.8264773297633142e-05
plain,value,0,32,800.0,1.6019678914318305e-05,0.0,1.6019678914318305e-05
plain,value,0,32,900.0,1.1601616293037265e-05,0.0,1.1601616293037265e-05
plain,value,0,32,1000.0,9.617733377193712e-06,0.0,9.617733377193712e-06
plain,value,0,32,1100.0,8.487001621044753e-06,0.0,8.487001621044753e-06
plain,value,0,32,1200.0,7.573248339071675e-06,0.0,7.573248339071675e-06
plain,value,0,32,1300.0,6.8220330201019396e-06,0.0,6.8220330201019396e-06
plain,value,0,32,1400.0,5.859769283489713e-06,0.0,5.859769283489713e-06
plain,value,0,32,1500.0,6.030697875073059e-06,0.0,6.030697875073059e-06
plain,value,0,32,1600.0,5.6769304047079e-06,0.0,5.6769304047079e-06
plain,value,0,32,1700.0,4.825004734019244e-06,0.0,4.825004734019244e-06
plain,value,0,32,1800.0,4.950816022909475e-06,0.0,4.950816022909475e-06
plain,value,0,32,1900.0,4.8684874491794115e-06,0.0,4.8684874491794115e-06
plain,value,0,32,2000.0,4.548264831218257e-06,0.0,4.548264831218257e-06
plain,value,0,32,2100.0,4.741739014067049e-06,0.0,4.741739014067049e-06
plain,value,0,32,2200.0,4.252908551415066e-06,0.0,4.252908551415066e-06
plain,value,0,32,2300.0,4.336861249655858e-06,0.0,4.336861249655858e-06
plain,value,0,32,2400.0,4.3184512853494735e-06,0.0,4.3184512853494735e-06
plain,value,0,32,2500.0,4.347920139140487e-06,0.0,4.347920139140487e-06
plain,value,0,64,1.0,0.27201667262352053,0.0,0.27201667262352053
plain,value,0,64,100.0,0.00011409453957346597,0.0,0.00011409453957346597
plain,value,0,64,200.0,4.934125327357825e-05,0.0,4.934125327357825e-05
plain,value,0,64,300.0,2.2541418031152273e-05,0.0,2.2541418031152273e-05
plain,value,0,64,400.0,1.2030868878497319e-05,0.0,1.2030868878497319e-05
plain,value,0,64,500.0,7.143373396520685e-06,0.0,7.143373396520685e-06
plain,value,0,64,600.0,5.28508223873361e-06,0.0,5.28508223873361e-06
plain,value,0,64,700.0,4.13184574877746e-06,0.0,4.13184574877746e-06
plain,value,0,64,800.0,3.3677982951200343e-06,0.0,3.3677982951200343e-06
plain,value,0,64,900.0,2.8458588849523014e-06,0.0,2.8458588849523014e-06
plain,value,0,64,1000.0,2.689717514883019e-06,0.0,2.689717514883019e-06
plain,value,0,64,1100.0,2.396863752228611e-06,0.0,2.396863752228611e-06
plain,value,0,64,1200.0,2.274593684318359e-06,0.0,2.274593684318359e-06
plain,value,0,64,1300.0,2.2632453000306946e-06,0.0,2.2632453000306946e-06
plain,value,0,64,1400.0,2.003006774822815e-06,0.0,2.003006774822815e-06
plain,value,0,64,1500.0,1.9386967195149637e-06,0.0,1.9386967195149637e-06
plain,value,0,64,1600.0,1.8157099099177973e-06,0.0,1.8157099099177973e-06
plain,value,0,64,1700.0,1.6754852594483706e-06,0.0,1.6754852594483706e-06
plain,value,0,64,1800.0,1.7087837186545475e-06,0.0,1.7087837186545475e-06
plain,value,0,64,1900.0,1.6501516997519034e-06,0.0,1.6501516997519034e-06
plain,value,0,64,2000.0,1.6445524243279029e-06,0.0,1.6445524243279029e-06
plain,value,0,64,2100.0,1.550565032684617e-06,0.0,1.550565032684617e-06
plain,value,0,64,2200.0,1.5716356546206112e-06,0.0,1.5716356546206112e-06
plain,value,0,64,2300.0,1.6347921217411762e-06,0.0,1.6347921217411762e-06
plain,value,0,64,2400.0,1.560160020990021e-06,0.0,1.560160020990021e-06
plain,value,0,64,2500.0,1.58612292011867e-06,0.0,1.58612292011867e-06
plain,value,0,128,1.0,0.29032072050852803,0.0,0.29032072050852803
plain,value,0,128,100.0,5.045140765600382e-05,0.0,5.045140765600382e-05
plain,value,0,128,200.0,1.4532376041257995e-05,0.0,1.4532376041257995e-05
plain,value,0,128,300.0,6.56050530438767e-06,0.0,6.56050530438767e-06
plain,value,0,128,400.0,4.5102447714708e-06,0.0,4.5102447714708e-06
plain,value,0,128,500.0,2.754902214804798e-06,0.0,2.754902214804798e-06
plain,value,0,128,600.0,2.4179549706360547e-06,0.0,2.4179549706360547e-06
plain,value,0,128,700.0,2.0132115404328736e-06,0.0,2.0132115404328736e-06
plain,value,0,128,800.0,1.639714073637815e-06,0.0,1.639714073637815e-06
plain,value,0,128,900.0,2.110167944670457e-06,0.0,2.110167944670457e-06
plain,value,0,128,1000.0,2.0669601305364483e-06,0.0,2.0669601305364483e-06
plain,value,0,128,1100.0,1.2912809982937221e-06,0.0,1.2912809982937221e-06
plain,value,0,128,1200.0,1.2166108411262079e-06,0.0,1.2166108411262079e-06
plain,value,0,128,1300.0,1.1752826514030884e-06,0.0,1.1752826514030884e-06
plain,value,0,128,1400.0,1.2417501340039805e-06,0.0,1.2417501340039805e-06
plain,value,0,128,1500.0,1.0154545364791698e-06,0.0,1.0154545364791698e-06
plain,value,0,128,1600.0,9.869088992832421e-07,0.0,9.869088992832421e-07
plain,value,0,128,1700.0,9.27639288763674e-07,0.0,9.27639288763674e-07
plain,value,0,128,1800.0,9.002964865311796e-07,0.0,9.002964865311796e-07
plain,value,0,128,1900.0,8.059956274200957e-07,0.0,8.059956274200957e-07
plain,value,0,128,2000.0,8.121420830046064e-07,0.0,8.121420830046064e-07
plain,value,0,128,2100.0,7.87157420851047e-07,0.0,7.87157420851047e-07
plain,value,0,128,2200.0,7.923538380054333e-07,0.0,7.923538380054333e-07
plain,value,0,128,2300.0,7.688240732739182e-07,0.0,7.688240732739182e-07
plain,value,0,128,2400.0,7.241259420374349e-07,0.0,7.241259420374349e-07
plain,value,0,128,2500.0,6.784596937913835e-07,0.0,6.784596937913835e-07
plain,value,0,256,1.0,0.2753420315384915,0.0,0.2753420315384915
plain,value,0,256,100.0,6.718905449513362e-05,0.0,6.718905449513362e-05
plain,value,0,256,200.0,1.2866419958659702e-05,0.0,1.2866419958659702e-05
plain,value,0,256,300.0,5.5348200137343805e-06,0.0,5.5348200137343805e-06
plain,value,0,256,400.0,3.218434792885066e-06,0.0,3.218434792885066e-06
plain,value,0,256,500.0,2.0733111538483618e-06,0.0,2.0733111538483618e-06
plain,value,0,256,600.0,1.6384964479765146e-06,0.0,1.6384964479765146e-06
plain,value,0,256,700.0,1.2921770064999401e-06,0.0,1.2921770064999401e-06
plain,value,0,256,800.0,1.502141752216545e-06,0.0,1.502141752216545e-06
plain,value,0,256,900.0,1.096649870727058e-06,0.0,1.096649870727058e-06
plain,value,0,256,1000.0,4.1751448305019045e-06,0.0,4.1751448305019045e-06
plain,value,0,256,1100.0,1.3656048030536223e-06,0.0,1.3656048030536223e-06
plain,value,0,256,1200.0,8.743700505459043e-07,0.0,8.743700505459043e-07
plain,value,0,256,1300.0,7.690390998659272e-07,0.0,7.690390998659272e-07
plain,value,0,256,1400.0,7.284295693636238e-07,0.0,7.284295693636238e-07
plain,value,0,256,1500.0,6.744179286194608e-07,0.0,6.744179286194608e-07
plain,value,0,256,1600.0,6.454812353843811e-07,0.0,6.454812353843811e-07
plain,value,0,256,1700.0,6.31822788273951e-07,0.0,6.31822788273951e-07
plain,value,0,256,1800.0,5.877211243209425e-07,0.0,5.877211243209425e-07
plain,value,0,256,1900.0,5.088462600511622e-07,0.0,5.088462600511622e-07
plain,value,0,256,2000.0,5.450078939374398e-07,0.0,5.450078939374398e-07
plain,value,0,256,2100.0,4.847076819454583e-07,0.0,4.847076819454583e-07
plain,value,0,256,2200.0,4.7565630563275924e-07,0.0,4.7565630563275924e-07
plain,value,0,256,2300.0,5.080059351874845e-07,0.0,5.080059351874845e-07
plain,value,0,256,2400.0,4.777838728890981e-07,0.0,4.777838728890981e-07
plain,value,0,256,2500.0,4.846633272678034e-07,0.0,4.846633272678034e-07
plain,value,1,4,1.0,0.3523722311819404,0.0,0.3523722311819404
plain,value,1,4,100.0,0.1420509932834363,0.0,0.1420509932834363
plain,value,1,4,200.0,0.06580432021397094,0.0,0.06580432021397094
plain,value,1,4,300.0,0.06306855770289105,0.0,0.06306855770289105
plain,value,1,4,400.0,0.0633587478098193,0.0,0.0633587478098193
plain,value,1,4,500.0,0.005696467448156633,0.0,0.005696467448156633
plain,value,1,4,600.0,0.0034049481780745448,0.0,0.0034049481780745448
plain,value,1,4,700.0,0.0025483176742856508,0.0,0.0025483176742856508
plain,value,1,4,800.0,0.00199484606935906,0.0,0.00199484606935906
plain,value,1,4,900.0,0.0014594449769236104,0.0,0.0014594449769236104
plain,value,1,4,1000.0,0.0012841663438639655,0.0,0.0012841663438639655
plain,value,1,4,1100.0,0.001187755395498375,0.0,0.001187755395498375
plain,value,1,4,1200.0,0.0010174000653379387,0.0,0.0010174000653379387
plain,value,1,4,1300.0,0.0009085244583552248,0.0,0.0009085244583552248
plain,value,1,4,1400.0,0.0008697252296542942,0.0,0.0008697252296542942
plain,value,1,4,1500.0,0.0008652857446926763,0.0,0.0008652857446926763
plain,value,1,4,1600.0,0.0007614493682487428,0.0,0.0007614493682487428
plain,value,1,4,1700.0,0.0006962735975859221,0.0,0.0006962735975859221
plain,value,1,4,1800.0,0.0007131043319150205,0.0,0.0007131043319150205
plain,value,1,4,1900.0,0.0007129850352185973,0.0,0.0007129850352185973
plain,value,1,4,2000.0,0.0006451808711220411,0.0,0.0006451808711220411
plain,value,1,4,2100.0,0.0006027136372762558,0.0,0.0006027136372762558
plain,value,1,4,2200.0,0.0006553780285132112,0.0,0.0006553780285132112
plain,value,1,4,2300.0,0.0005755716575387508,0.0,0.0005755716575387508
plain,value,1,4,2400.0,0.0005579493599495027,0.0,0.0005579493599495027
plain,value,1,4,2500.0,0.0006247981878170363,0.0,0.0006247981878170363
plain,value,1,8,1.0,0.30169443495753284,0.0,0.30169443495753284
plain,value,1,8,100.0,0.02076220101639278,0.0,0.02076220101639278
plain,value,1,8,200.0,0.002220838240883659,0.0,0.002220838240883659
plain,value,1,8,300.0,0.0015808105972091198,0.0,0.0015808105972091198
plain,value,1,8,400.0,0.001060161985882926,0.0,0.001060161985882926
plain,value,1,8,500.0,0.0007673145802721236,0.0,0.0007673145802721236
plain,value,1,8,600.0,0.0005507309485342211,0.0,0.0005507309485342211
plain,value,1,8,700.0,0.00044674092224276034,0.0,0.00044674092224276034
plain,value,1,8,800.0,0.0003291718103827423,0.0,0.0003291718103827423
plain,value,1,8,900.0,0.00028442848271514225,0.0,0.00028442848271514225
plain,value,1,8,1000.0,0.00022368972969817139,0.0,0.00022368972969817139
plain,value,1,8,1100.0,0.0001955430567558365,0.0,0.0001955430567558365
plain,value,1,8,1200.0,0.00017501135050771986,0.0,0.00017501135050771986
plain,value,1,8,1300.0,0.00015921716496001634,0.0,0.00015921716496001634
plain,value,1,8,1400.0,0.00014284835506567394,0.0,0.00014284835506567394
plain,value,1,8,1500.0,0.00012781923190299802,0.0,0.00012781923190299802
plain,value,1,8,1600.0,0.00011775304989529217,0.0,0.00011775304989529217
plain,value,1,8,1700.0,0.00010612251849815469,0.0,0.00010612251849815469
plain,value,1,8,1800.0,9.959257511285876e-05,0.0,9.959257511285876e-05
plain,value,1,8,1900.0,9.814550448537615e-05,0.0,9.814550448537615e-05
plain,value,1,8,2000.0,9.518320035573247e-05,0.0,9.518320035573247e-05
plain,value,1,8,2100.0,9.229867833583483e-05,0.0,9.229867833583483e-05
plain,value,1,8,2200.0,8.998198846813293e-05,0.0,8.998198846813293e-05
plain,value,1,8,2300.0,8.839168233921362e-05,0.0,8.839168233921362e-05
plain,value,1,8,2400.0,9.08075504823557e-05,0.0,9.08075504823557e-05
plain,value,1,8,2500.0,8.384590235401685e-05,0.0,8.384590235401685e-05
plain,value,1,16,1.0,0.2828444409836772,0.0,0.2828444409836772
plain,value,1,16,100.0,0.0012131389268057887,0.0,0.0012131389268057887
plain,value,1,16,200.0,0.0005603663957434664,0.0,0.0005603663957434664
plain,value,1,16,300.0,0.0002899894983218841,0.0,0.0002899894983218841
plain,value,1,16,400.0,0.00018403139911947496,0.0,0.00018403139911947496
plain,value,1,16,500.0,0.00013289069260157956,0.0,0.00013289069260157956
plain,value,1,16,600.0,9.728232458690857e-05,0.0,9.728232458690857e-05
plain,value,1,16,700.0,7.685478708027607e-05,0.0,7.685478708027607e-05
plain,value,1,16,800.0,6.251754027997852e-05,0.0,6.251754027997852e-05
plain,value,1,16,900.0,5.2163039144624935e-05,0.0,5.2163039144624935e-05
plain,value,1,16,1000.0,4.350123252416581e-05,0.0,4.350123252416581e-05
plain,value,1,16,1100.0,3.900434728720346e-05,0.0,3.900434728720346e-05
plain,value,1,16,1200.0,3.3750994630803663e-05,0.0,3.3750994630803663e-05
plain,value,1,16,1300.0,2.9257058283223338e-05,0.0,2.9257058283223338e-05
plain,value,1,16,1400.0,2.7271736630317318e-05,0.0,2.7271736630317318e-05
plain,value,1,16,1500.0,2.6607297766952843e-05,0.0,2.6607297766952843e-05
plain,value,1,16,1600.0,2.3232990034709284e-05,0.0,2.3232990034709284e-05
plain,value,1,16,1700.0,2.2525757556472145e-05,0.0,2.2525757556472145e-05
plain,value,1,16,1800.0,2.1488587516594265e-05,0.0,2.1488587516594265e-05
plain,value,1,16,1900.0,2.1188502708852103e-05,0.0,2.1188502708852103e-05
plain,value,1,16,2000.0,2.0160329799796048e-05,0.0,2.0160329799796048e-05
plain,value,1,16,2100.0,1.888792822526799e-05,0.0,1.888792822526799e-05
plain,value,1,16,2200.0,1.842788270435716e-05,0.0,1.842788270435716e-05
plain,value,1,16,2300.0,1.6797093161401027e-05,0.0,1.6797093161401027e-05
plain,value,1,16,2400.0,1.7892495067651432e-05,0.0,1.7892495067651432e-05
plain,value,1,16,2500.0,1.8112727524282336e-05,0.0,1.8112727524282336e-05
plain,value,1,32,1.0,0.3021097872774086,0.0,0.3021097872774086
plain,value,1,32,100.0,0.0003817728039533697,0.0,0.0003817728039533697
plain,value,1,32,200.0,0.00018082965669862197,0.0,0.00018082965669862197
plain,value,1,32,300.0,0.00010068640410757156,0.0,0.00010068640410757156
plain,value,1,32,400.0,6.317488837171778e-05,0.0,6.317488837171778e-05
plain,value,1,32,500.0,4.237833626093953e-05,0.0,4.237833626093953e-05
plain,value,1,32,600.0,2.8412524349336894e-05,0.0,2.8412524349336894e-05
plain,value,1,32,700.0,2.1924494231840626e-05,0.0,2.1924494231840626e-05
plain,value,1,32,800.0,1.732210623097006e-05,0.0,1.732210623097006e-05
plain,value,1,32,900.0,1.4103146251468962e-05,0.0,1.4103146251468962e-05
plain,value,1,32,1000.0,1.1731524480648533e-05,0.0,1.1731524480648533e-05
plain,value,1,32,1100.0,9.950754070378328e-06,0.0,9.950754070378328e-06
plain,value,1,32,1200.0,8.139248214570687e-06,0.0,8.139248214570687e-06
plain,value,1,32,1300.0,7.645341975036612e-06,0.0,7.645341975036612e-06
plain,value,1,32,1400.0,6.995283910056969e-06,0.0,6.995283910056969e-06
plain,value,1,32,1500.0,6.664266822435713e-06,0.0,6.664266822435713e-06
plain,value,1,32,1600.0,6.305759909128449e-06,0.0,6.305759909128449e-06
plain,value,1,32,1700.0,5.367687721805782e-06,0.0,5.367687721805782e-06
plain,value,1,32,1800.0,4.9791745729466595e-06,0.0,4.9791745729466595e-06
plain,value,1,32,1900.0,4.8889072146405645e-06,0.0,4.8889072146405645e-06
plain,value,1,32,2000.0,4.888757019823161e-06,0.0,4.888757019823161e-06
plain,value,1,32,2100.0,4.727520429482251e-06,0.0,4.727520429482251e-06
plain,value,1,32,2200.0,4.559569821739905e-06,0.0,4.559569821739905e-06
plain,value,1,32,2300.0,4.4739439247348605e-06,0.0,4.4739439247348605e-06
plain,value,1,32,2400.0,4.246353397866935e-06,0.0,4.246353397866935e-06
plain,value,1,32,2500.0,4.449647573691441e-06,0.0,4.449647573691441e-06
plain,value,1,64,1.0,0.24868130758041987,0.0,0.24868130758041987
plain,value,1,64,100.0,0.00023003370099327985,0.0,0.00023003370099327985
plain,value,1,64,200.0,7.686546276702723e-05,0.0,7.686546276702723e-05
plain,value,1,64,300.0,3.232869887936446e-05,0.0,3.232869887936446e-05
plain,value,1,64,400.0,1.6265774936403168e-05,0.0,1.6265774936403168e-05
plain,value,1,64,500.0,8.652138103507772e-06,0.0,8.652138103507772e-06
plain,value,1,64,600.0,6.485486952329788e-06,0.0,6.485486952329788e-06
plain,value,1,64,700.0,4.518186204439027e-06,0.0,4.518186204439027e-06
plain,value,1,64,800.0,3.969571366385058e-06,0.0,3.969571366385058e-06
plain,value,1,64,900.0,3.2356259071503094e-06,0.0,3.2356259071503094e-06
plain,value,1,64,1000.0,3.025041762721254e-06,0.0,3.025041762721254e-06
plain,value,1,64,1100.0,2.6558475717192753e-06,0.0,2.6558475717192753e-06
plain,value,1,64,1200.0,2.352774661746672e-06,0.0,2.352774661746672e-06
plain,value,1,64,1300.0,2.4904206192280355e-06,0.0,2.4904206192280355e-06
plain,value,1,64,1400.0,2.2425319308138506e-06,0.0,2.2425319308138506e-06
plain,value,1,64,1500.0,2.1454644964316992e-06,0.0,2.1454644964316992e-06
plain,value,1,64,1600.0,2.1606537016920776e-06,0.0,2.1606537016920776e-06
plain,value,1,64,1700.0,1.951206826893356e-06,0.0,1.951206826893356e-06
plain,value,1,64,1800.0,1.8059372389406436e-06,0.0,1.8059372389406436e-06
plain,value,1,64,1900.0,1.889150368656298e-06,0.0,1.889150368656298e-06
plain,value,1,64,2000.0,1.7573147164936092e-06,0.0,1.7573147164936092e-06
plain,value,1,64,2100.0,1.63341305676245e-06,0.0,1.63341305676245e-06
plain,value,1,64,2200.0,1.7091585016368477e-06,0.0,1.7091585016368477e-06
plain,value,1,64,2300.0,1.700060473197241e-06,0.0,1.700060473197241e-06
plain,value,1,64,2400.0,1.614596901265414e-06,0.0,1.614596901265414e-06
plain,value,1,64,2500.0,1.6135383809410875e-06,0.0,1.6135383809410875e-06
plain,value,1,128,1.0,0.2697722965562503,0.0,0.2697722965562503
plain,value,1,128,100.0,6.281450728654263e-05,0.0,6.281450728654263e-05
plain,value,1,128,200.0,1.6549542012167255e-05,0.0,1.6549542012167255e-05
plain,value,1,128,300.0,7.321872679760231e-06,0.0,7.321872679760231e-06
plain,value,1,128,400.0,3.745888129678947e-06,0.0,3.745888129678947e-06
plain,value,1,128,500.0,2.5397070892630022e-06,0.0,2.5397070892630022e-06
plain,value,1,128,600.0,1.7565393331604133e-06,0.0,1.7565393331604133e-06
plain,value,1,128,700.0,1.7731795704338874e-06,0.0,1.7731795704338874e-06
plain,value,1,128,800.0,1.4343410539062572e-06,0.0,1.4343410539062572e-06
plain,value,1,128,900.0,1.2747760280069534e-06,0.0,1.2747760280069534e-06
plain,value,1,128,1000.0,1.1989383002969408e-06,0.0,1.1989383002969408e-06
plain,value,1,128,1100.0,1.113007578693518e-06,0.0,1.113007578693518e-06
plain,value,1,128,1200.0,1.140256402450425e-06,0.0,1.140256402450425e-06
plain,value,1,128,1300.0,1.1155817266296624e-06,0.0,1.1155817266296624e-06
plain,value,1,128,1400.0,9.529872768972087e-07,0.0,9.529872768972087e-07
plain,value,1,128,1500.0,8.457092659506388e-07,0.0,8.457092659506388e-07
plain,value,1,128,1600.0,8.557435383681798e-07,0.0,8.557435383681798e-07
plain,value,1,128,1700.0,8.016400041847615e-07,0.0,8.016400041847615e-07
plain,value,1,128,1800.0,7.68487810389639e-07,0.0,7.68487810389639e-07
plain,value,1,128,1900.0,6.742817745773624e-07,0.0,6.742817745773624e-07
plain,value,1,128,2000.0,7.776956346742176e-07,0.0,7.776956346742176e-07
plain,value,1,128,2100.0,7.105211769110336e-07,0.0,7.105211769110336e-07
plain,value,1,128,2200.0,6.892889244788344e-07,0.0,6.892889244788344e-07
plain,value,1,128,2300.0,6.159538414437713e-07,0.0,6.159538414437713e-07
plain,value,1,128,2400.0,6.81144758352185e-07,0.0,6.81144758352185e-07
plain,value,1,128,2500.0,6.675271923134466e-07,0.0,6.675271923134466e-07
plain,value,1,256,1.0,0.24035017684017856,0.0,0.24035017684017856
plain,value,1,256,100.0,7.071153941351102e-05,0.0,7.071153941351102e-05
plain,value,1,256,200.0,2.113527650012224e-05,0.0,2.113527650012224e-05
plain,value,1,256,300.0,7.926055822368724e-06,0.0,7.926055822368724e-06
plain,value,1,256,400.0,3.625413310547487e-06,0.0,3.625413310547487e-06
plain,value,1,256,500.0,2.057344143902554e-06,0.0,2.057344143902554e-06
plain,value,1,256,600.0,1.6301545051048622e-06,0.0,1.6301545051048622e-06
plain,value,1,256,700.0,1.1749230515546419e-06,0.0,1.1749230515546419e-06
plain,value,1,256,800.0,1.4870190196894253e-06,0.0,1.4870190196894253e-06
plain,value,1,256,900.0,9.520722152364639e-07,0.0,9.520722152364639e-07
plain,value,1,256,1000.0,1.0919092897490965e-06,0.0,1.0919092897490965e-06
plain,value,1,256,1100.0,9.659969949664022e-07,0.0,9.659969949664022e-07
plain,value,1,256,1200.0,8.757767285526002e-07,0.0,8.757767285526002e-07
plain,value,1,256,1300.0,8.177191570621572e-07,0.0,8.177191570621572e-07
plain,value,1,256,1400.0,7.409728680876907e-07,0.0,7.409728680876907e-07
plain,value,1,256,1500.0,6.615288273828954e-07,0.0,6.615288273828954e-07
plain,value,1,256,1600.0,6.820357513242081e-07,0.0,6.820357513242081e-07
plain,value,1,256,1700.0,6.504168291908933e-07,0.0,6.504168291908933e-07
plain,value,1,256,1800.0,6.227756297302933e-07,0.0,6.227756297302933e-07
plain,value,1,256,1900.0,6.421332857847051e-07,0.0,6.421332857847051e-07
plain,value,1,256,2000.0,5.896269383678129e-07,0.0,5.896269383678129e-07
plain,value,1,256,2100.0,5.493227671561675e-07,0.0,5.493227671561675e-07
plain,value,1,256,2200.0,5.66725455233595e-07,0.0,5.66725455233595e-07
plain,value,1,256,2300.0,5.246538340116971e-07,0.0,5.246538340116971e-07
plain,value,1,256,2400.0,5.375242481810996e-07,0.0,5.375242481810996e-07
plain,value,1,256,2500.0,5.431616873695245e-07,0.0,5.431616873695245e-07
plain,value,2,4,1.0,0.3669420822778114,0.0,0.3669420822778114
plain,value,2,4,100.0,0.15610174322519466,0.0,0.15610174322519466
plain,value,2,4,200.0,0.06891294331325887,0.0,0.06891294331325887
plain,value,2,4,300.0,0.06294903719372512,0.0,0.06294903719372512
plain,value,2,4,400.0,0.06926512143661874,0.0,0.06926512143661874
plain,value,2,4,500.0,0.05190026012566396,0.0,0.05190026012566396
plain,value,2,4,600.0,0.0037465245570614688,0.0,0.0037465245570614688
plain,value,2,4,700.0,0.0025749953070971633,0.0,0.0025749953070971633
plain,value,2,4,800.0,0.0019194086612779864,0.0,0.0019194086612779864
plain,value,2,4,900.0,0.0015934027997445267,0.0,0.0015934027997445267
plain,value,2,4,1000.0,0.00124054160938102,0.0,0.00124054160938102
plain,value,2,4,1100.0,0.0011399254262052154,0.0,0.0011399254262052154
plain,value,2,4,1200.0,0.0009589352307164172,0.0,0.0009589352307164172
plain,value,2,4,1300.0,0.0009317748480987166,0.0,0.0009317748480987166
plain,value,2,4,1400.0,0.0008378713954412757,0.0,0.0008378713954412757
plain,value,2,4,1500.0,0.0007140691815215519,0.0,0.0007140691815215519
plain,value,2,4,1600.0,0.0006919643018793304,0.0,0.0006919643018793304
plain,value,2,4,1700.0,0.0006445326249729842,0.0,0.0006445326249729842
plain,value,2,4,1800.0,0.000643116715880244,0.0,0.000643116715880244
plain,value,2,4,1900.0,0.0006202508362071142,0.0,0.0006202508362071142
plain,value,2,4,2000.0,0.000587530663553392,0.0,0.000587530663553392
plain,value,2,4,2100.0,0.0005907308943434174,0.0,0.0005907308943434174
plain,value,2,4,2200.0,0.0005704649217392979,0.0,0.0005704649217392979
plain,value,2,4,2300.0,0.0005899133944358272,0.0,0.0005899133944358272
plain,value,2,4,2400.0,0.0005383042385249947,0.0,0.0005383042385249947
plain,value,2,4,2500.0,0.0005478365387136369,0.0,0.0005478365387136369
plain,value,2,8,1.0,0.2624337929557927,0.0,0.2624337929557927
plain,value,2,8,100.0,0.006916055041007754,0.0,0.006916055041007754
plain,value,2,8,200.0,0.0015255098548271606,0.0,0.0015255098548271606
plain,value,2,8,300.0,0.0009883418563383032,0.0,0.0009883418563383032
plain,value,2,8,400.0,0.0007717430301816959,0.0,0.0007717430301816959
plain,value,2,8,500.0,0.0005584473754284088,0.0,0.0005584473754284088
plain,value,2,8,600.0,0.0004375749305902689,0.0,0.0004375749305902689
plain,value,2,8,700.0,0.00039940993789616366,0.0,0.00039940993789616366
plain,value,2,8,800.0,0.0003242113873377449,0.0,0.0003242113873377449
plain,value,2,8,900.0,0.0002752460082842713,0.0,0.0002752460082842713
plain,value,2,8,1000.0,0.00023639213668169044,0.0,0.00023639213668169044
plain,value,2,8,1100.0,0.00020661969171299624,0.0,0.00020661969171299624
plain,value,2,8,1200.0,0.00016272076498580453,0.0,0.00016272076498580453
plain,value,2,8,1300.0,0.00013957332576293056,0.0,0.00013957332576293056
plain,value,2,8,1400.0,0.00012572630035193142,0.0,0.00012572630035193142
plain,value,2,8,1500.0,0.00011478245714012633,0.0,0.00011478245714012633
plain,value,2,8,1600.0,0.00010590239332561015,0.0,0.00010590239332561015
plain,value,2,8,1700.0,0.00010632930946343016,0.0,0.00010632930946343016
plain,value,2,8,1800.0,0.00010282469406106466,0.0,0.00010282469406106466
plain,value,2,8,1900.0,9.096253385497649e-05,0.0,9.096253385497649e-05
plain,value,2,8,2000.0,8.400922853463921e-05,0.0,8.400922853463921e-05
plain,value,2,8,2100.0,8.19591318078396e-05,0.0,8.19591318078396e-05
plain,value,2,8,2200.0,7.89493128454598e-05,0.0,7.89493128454598e-05
plain,value,2,8,2300.0,7.640420907802774e-05,0.0,7.640420907802774e-05
plain,value,2,8,2400.0,7.980970453658397e-05,0.0,7.980970453658397e-05
plain,value,2,8,2500.0,8.185558716085799e-05,0.0,8.185558716085799e-05
plain,value,2,16,1.0,0.2914647581823481,0.0,0.2914647581823481
plain,value,2,16,100.0,0.001304937123989429,0.0,0.001304937123989429
plain,value,2,16,200.0,0.000634647234187619,0.0,0.000634647234187619
plain,value,2,16,300.0,0.00042806057111507805,0.0,0.00042806057111507805
plain,value,2,16,400.0,0.0002610869552875581,0.0,0.0002610869552875581
plain,value,2,16,500.0,0.00017712370540758028,0.0,0.00017712370540758028
plain,value,2,16,600.0,0.00013236248696604203,0.0,0.00013236248696604203
plain,value,2,16,700.0,9.954120884620924e-05,0.0,9.954120884620924e-05
plain,value,2,16,800.0,7.623075683357577e-05,0.0,7.623075683357577e-05
plain,value,2,16,900.0,6.1882569158256e-05,0.0,6.1882569158256e-05
plain,value,2,16,1000.0,5.23798017078239e-05,0.0,5.23798017078239e-05
plain,value,2,16,1100.0,4.299630075025202e-05,0.0,4.299630075025202e-05
plain,value,2,16,1200.0,3.8143500262494946e-05,0.0,3.8143500262494946e-05
plain,value,2,16,1300.0,3.2787905921254594e-05,0.0,3.2787905921254594e-05
plain,value,2,16,1400.0,2.7129466530705927e-05,0.0,2.7129466530705927e-05
plain,value,2,16,1500.0,2.675214942980328e-05,0.0,2.675214942980328e-05
plain,value,2,16,1600.0,2.4753730015274195e-05,0.0,2.4753730015274195e-05
plain,value,2,16,1700.0,2.1627532350760494e-05,0.0,2.1627532350760494e-05
plain,value,2,16,1800.0,2.10217106323767e-05,0.0,2.10217106323767e-05
plain,value,2,16,1900.0,2.0004681917412674e-05,0.0,2.0004681917412674e-05
plain,value,2,16,2000.0,1.9588432955848012e-05,0.0,1.9588432955848012e-05
plain,value,2,16,2100.0,1.8234320442496907e-05,0.0,1.8234320442496907e-05
plain,value,2,16,2200.0,1.72919639694787e-05,0.0,1.72919639694787e-05
plain,value,2,16,2300.0,1.7819569616014462e-05,0.0,1.7819569616014462e-05
plain,value,2,16,2400.0,1.693869334507623e-05,0.0,1.693869334507623e-05
plain,value,2,16,2500.0,1.7318096128543794e-05,0.0,1.7318096128543794e-05
plain,value,2,32,1.0,0.29230113247848766,0.0,0.29230113247848766
plain,value,2,32,100.0,0.0006147268527340297,0.0,0.0006147268527340297
plain,value,2,32,200.0,0.00023179510897073359,0.0,0.00023179510897073359
plain,value,2,32,300.0,0.00011863440450852547,0.0,0.00011863440450852547
plain,value,2,32,400.0,7.22136241081232e-05,0.0,7.22136241081232e-05
plain,value,2,32,500.0,4.672238114482595e-05,0.0,4.672238114482595e-05
plain,value,2,32,600.0,3.264402090801099e-05,0.0,3.264402090801099e-05
plain,value,2,32,700.0,2.5837000357264514e-05,0.0,2.5837000357264514e-05
plain,value,2,32,800.0,2.034568086344281e-05,0.0,2.034568086344281e-05
plain,value,2,32,900.0,1.4784196420337031e-05,0.0,1.4784196420337031e-05
plain,value,2,32,1000.0,1.4299797710547257e-05,0.0,1.4299797710547257e-05
plain,value,2,32,1100.0,1.3079778995032959e-05,0.0,1.3079778995032959e-05
plain,value,2,32,1200.0,1.0248441274264363e-05,0.0,1.0248441274264363e-05
plain,value,2,32,1300.0,9.571827251575883e-06,0.0,9.571827251575883e-06
plain,value,2,32,1400.0,8.424403868640683e-06,0.0,8.424403868640683e-06
plain,value,2,32,1500.0,7.744843737982206e-06,0.0,7.744843737982206e-06
plain,value,2,32,1600.0,7.384768916145137e-06,0.0,7.384768916145137e-06
plain,value,2,32,1700.0,7.1333706221751255e-06,0.0,7.1333706221751255e-06
plain,value,2,32,1800.0,7.014414612404076e-06,0.0,7.014414612404076e-06
plain,value,2,32,1900.0,6.122176254910847e-06,0.0,6.122176254910847e-06
plain,value,2,32,2000.0,6.120935612559234e-06,0.0,6.120935612559234e-06
plain,value,2,32,2100.0,5.977982960530777e-06,0.0,5.977982960530777e-06
plain,value,2,32,2200.0,5.879270333769119e-06,0.0,5.879270333769119e-06
plain,value,2,32,2300.0,5.878049931797731e-06,0.0,5.878049931797731e-06
plain,value,2,32,2400.0,5.794987484989176e-06,0.0,5.794987484989176e-06
plain,value,2,32,2500.0,5.495654290052669e-06,0.0,5.495654290052669e-06
plain,value,2,64,1.0,0.27216474944224295,0.0,0.27216474944224295
plain,value,2,64,100.0,0.00015841007548946285,0.0,0.00015841007548946285
plain,value,2,64,200.0,6.362413575630739e-05,0.0,6.362413575630739e-05
plain,value,2,64,300.0,3.1089836270210016e-05,0.0,3.1089836270210016e-05
plain,value,2,64,400.0,1.8114078317638236e-05,0.0,1.8114078317638236e-05
plain,value,2,64,500.0,1.1057681606376678e-05,0.0,1.1057681606376678e-05
plain,value,2,64,600.0,7.292390805876234e-06,0.0,7.292390805876234e-06
plain,value,2,64,700.0,5.591180631648061e-06,0.0,5.591180631648061e-06
plain,value,2,64,800.0,4.281062531597551e-06,0.0,4.281062531597551e-06
plain,value,2,64,900.0,3.13416324970052e-06,0.0,3.13416324970052e-06
plain,value,2,64,1000.0,2.8654591646734382e-06,0.0,2.8654591646734382e-06
plain,value,2,64,1100.0,2.4145361339069525e-06,0.0,2.4145361339069525e-06
plain,value,2,64,1200.0,2.2033637655648686e-06,0.0,2.2033637655648686e-06
plain,value,2,64,1300.0,2.140397763655304e-06,0.0,2.140397763655304e-06
plain,value,2,64,1400.0,1.8767952697857593e-06,0.0,1.8767952697857593e-06
plain,value,2,64,1500.0,1.7014147432424225e-06,0.0,1.7014147432424225e-06
plain,value,2,64,1600.0,1.6541368984857916e-06,0.0,1.6541368984857916e-06
plain,value,2,64,1700.0,1.5414151865870101e-06,0.0,1.5414151865870101e-06
plain,value,2,64,1800.0,1.60617148721215e-06,0.0,1.60617148721215e-06
plain,value,2,64,1900.0,1.37690388767483e-06,0.0,1.37690388767483e-06
plain,value,2,64,2000.0,1.354047390779516e-06,0.0,1.354047390779516e-06
plain,value,2,64,2100.0,1.3296363449629183e-06,0.0,1.3296363449629183e-06
plain,value,2,64,2200.0,1.374166697645993e-06,0.0,1.374166697645993e-06
plain,value,2,64,2300.0,1.3668927505727513e-06,0.0,1.3668927505727513e-06
plain,value,2,64,2400.0,1.3332787739104761e-06,0.0,1.3332787739104761e-06
plain,value,2,64,2500.0,1.3229936431788065e-06,0.0,1.3229936431788065e-06
plain,value,2,128,1.0,0.27141247427298204,0.0,0.27141247427298204
plain,value,2,128,100.0,5.2584737895153945e-05,0.0,5.2584737895153945e-05
plain,value,2,128,200.0,1.4729484766166207e-05,0.0,1.4729484766166207e-05
plain,value,2,128,300.0,7.5998377383533414e-06,0.0,7.5998377383533414e-06
plain,value,2,128,400.0,4.4677719241907205e-06,0.0,4.4677719241907205e-06
plain,value,2,128,500.0,2.998147662355752e-06,0.0,2.998147662355752e-06
plain,value,2,128,600.0,2.406480073053142e-06,0.0,2.406480073053142e-06
plain,value,2,128,700.0,2.0952574966221453e-06,0.0,2.0952574966221453e-06
plain,value,2,128,800.0,1.655008798543566e-06,0.0,1.655008798543566e-06
plain,value,2,128,900.0,1.670242099311791e-06,0.0,1.670242099311791e-06
plain,value,2,128,1000.0,1.1840106652700327e-06,0.0,1.1840106652700327e-06
plain,value,2,128,1100.0,1.195675860897223e-06,0.0,1.195675860897223e-06
plain,value,2,128,1200.0,1.1122099236728614e-06,0.0,1.1122099236728614e-06
plain,value,2,128,1300.0,1.0569337818552716e-06,0.0,1.0569337818552716e-06
plain,value,2,128,1400.0,9.037979800963552e-07,0.0,9.037979800963552e-07
plain,value,2,128,1500.0,8.983101039445863e-07,0.0,8.983101039445863e-07
plain,value,2,128,1600.0,8.629992264976111e-07,0.0,8.629992264976111e-07
plain,value,2,128,1700.0,7.666907858275495e-07,0.0,7.666907858275495e-07
plain,value,2,128,1800.0,6.891641459552499e-07,0.0,6.891641459552499e-07
plain,value,2,128,1900.0,6.85980707866362e-07,0.0,6.85980707866362e-07
plain,value,2,128,2000.0,7.346046689303952e-07,0.0,7.346046689303952e-07
plain,value,2,128,2100.0,6.629343089790853e-07,0.0,6.629343089790853e-07
plain,value,2,128,2200.0,6.318129536398108e-07,0.0,6.318129536398108e-07
plain,value,2,128,2300.0,6.13367420521716e-07,0.0,6.13367420521716e-07
plain,value,2,128,2400.0,6.450454866236544e-07,0.0,6.450454866236544e-07
plain,value,2,128,2500.0,6.548268606798546e-07,0.0,6.548268606798546e-07
plain,value,2,256,1.0,0.28281960104678733,0.0,0.28281960104678733
plain,value,2,256,100.0,4.443740617160101e-05,0.0,4.443740617160101e-05
plain,value,2,256,200.0,1.0764859296320467e-05,0.0,1.0764859296320467e-05
plain,value,2,256,300.0,5.088552520753256e-06,0.0,5.088552520753256e-06
plain,value,2,256,400.0,2.7154125720429413e-06,0.0,2.7154125720429413e-06
plain,value,2,256,500.0,2.191799228742409e-06,0.0,2.191799228742409e-06
plain,value,2,256,600.0,1.7265613751879508e-06,0.0,1.7265613751879508e-06
plain,value,2,256,700.0,1.8261049645857226e-06,0.0,1.8261049645857226e-06
plain,value,2,256,800.0,1.479540641320167e-06,0.0,1.479540641320167e-06
plain,value,2,256,900.0,1.4549203293349937e-06,0.0,1.4549203293349937e-06
plain,value,2,256,1000.0,1.2203414058409912e-06,0.0,1.2203414058409912e-06
plain,value,2,256,1100.0,1.3165097844240286e-06,0.0,1.3165097844240286e-06
plain,value,2,256,1200.0,1.100058741944342e-06,0.0,1.100058741944342e-06
plain,value,2,256,1300.0,1.114424822873987e-06,0.0,1.114424822873987e-06
plain,value,2,256,1400.0,9.387110950939204e-07,0.0,9.387110950939204e-07
plain,value,2,256,1500.0,7.465915048601304e-07,0.0,7.465915048601304e-07
plain,value,2,256,1600.0,8.273747464860284e-07,0.0,8.273747464860284e-07
plain,value,2,256,1700.0,6.852626446142987e-07,0.0,6.852626446142987e-07
plain,value,2,256,1800.0,7.178189168567567e-07,0.0,7.178189168567567e-07
plain,value,2,256,1900.0,7.139634815898841e-07,0.0,7.139634815898841e-07
plain,value,2,256,2000.0,5.975261116758892e-07,0.0,5.975261116758892e-07
plain,value,2,256,2100.0,6.29771538738542e-07,0.0,6.29771538738542e-07
plain,value,2,256,2200.0,5.957641960652816e-07,0.0,5.957641960652816e-07
plain,value,2,256,2300.0,6.087353515967249e-07,0.0,6.087353515967249e-07
plain,value,2,256,2400.0,5.740987738821519e-07,0.0,5.740987738821519e-07
plain,value,2,256,2500.0,5.798326569078839e-07,0.0,5.798326569078839e-07
plain,c1,0,4,1.0,0.3014815710655589,0.1251944320059696,0.927453731095407
plain,c1,0,4,100.0,0.10216380286599219,0.051295803942779904,0.3586428225798917
plain,c1,0,4,200.0,0.06695329148517108,0.03472201874988811,0.24056338523461163
plain,c1,0,4,300.0,0.057386842920057655,0.03619344360865446,0.23835406096332995
plain,c1,0,4,400.0,0.06610557863236448,0.030354894815648608,0.2178800527106075
plain,c1,0,4,500.0,0.05952937210383712,0.028737037773816424,0.20321456097291926
plain,c1,0,4,600.0,0.0019484307987986064,0.003377484184373053,0.01883585172066387
plain,c1,0,4,700.0,0.0008365324031872932,0.0018216400249338697,0.009944732527856642
plain,c1,0,4,800.0,0.0006196700920630716,0.0013616022020853866,0.0074276811024900045
plain,c1,0,4,900.0,0.0005029907314560038,0.001069528698021884,0.005850634221565423
plain,c1,0,4,1000.0,0.00035093579352553795,0.0009214695738516566,0.004958283662783821
plain,c1,0,4,1100.0,0.0003161529581182738,0.0008075601199312032,0.00435395355777429
plain,c1,0,4,1200.0,0.00030040199044485894,0.000764521037678423,0.004123007178836974
plain,c1,0,4,1300.0,0.000277631090790984,0.0006638123707395791,0.0035966929444888793
plain,c1,0,4,1400.0,0.00023821241422469007,0.0006277279409566275,0.0033768521190078275
plain,c1,0,4,1500.0,0.0002275861111109361,0.0005703243894453433,0.0030792080583376524
plain,c1,0,4,1600.0,0.0002164774773494397,0.0005780267185759104,0.0031066110702289915
plain,c1,0,4,1700.0,0.00021129195188361084,0.0005327326563779516,0.002874955233773369
plain,c1,0,4,1800.0,0.00018748966816163796,0.0005260213487516137,0.0028175964119197066
plain,c1,0,4,1900.0,0.00019916903886736353,0.0004986116198073409,0.002692227137904068
plain,c1,0,4,2000.0,0.0001998847065064551,0.00047782517831762285,0.002589010598094569
plain,c1,0,4,2100.0,0.00018778936429761803,0.0004790721656769083,0.0025831501926821595
plain,c1,0,4,2200.0,0.00018265956031520225,0.00046592899186128077,0.002512304519621606
plain,c1,0,4,2300.0,0.0001709493743039983,0.00048335661304031236,0.00258773243950556
plain,c1,0,4,2400.0,0.0001857273598820606,0.00045528199554380563,0.0024621373376010887
plain,c1,0,4,2500.0,0.00016337913880107606,0.0004614995786284162,0.002470877031943157
plain,c1,0,8,1.0,0.317724565142411,0.12738066518284932,0.9546278910566576
plain,c1,0,8,100.0,0.012712161585094842,0.008702350628181879,0.056223914726004236
plain,c1,0,8,200.0,0.0005041527974634171,0.0013477433382765747,0.007242869488846291
plain,c1,0,8,300.0,0.00025321260664329083,0.0006709198733460842,0.0036078119733737118
plain,c1,0,8,400.0,0.00014767100407787217,0.0004469788325879047,0.0023825651670173957
plain,c1,0,8,500.0,0.00010008228807837536,0.0003141083669279531,0.0016706241227181409
plain,c1,0,8,600.0,7.795129730710047e-05,0.00022843513489551406,0.0012201269717846707
plain,c1,0,8,700.0,5.7170028933366475e-05,0.00018627901696447485,0.0009885651137557408
plain,c1,0,8,800.0,4.732079534303012e-05,0.0001475799069762972,0.0007852203302245162
plain,c1,0,8,900.0,3.902615725721887e-05,0.00011353133241379711,0.0006066828193262044
plain,c1,0,8,1000.0,2.947288412022513e-05,9.773344381573321e-05,0.0005181401031988912
plain,c1,0,8,1100.0,2.34173919986637e-05,7.933587214993753e-05,0.00042009675274835135
plain,c1,0,8,1200.0,1.926564344282654e-05,7.123687379373948e-05,0.00037545001241152395
plain,c1,0,8,1300.0,1.6510808529935508e-05,5.824721395280054e-05,0.0003077468782939382
plain,c1,0,8,1400.0,1.4008973555801031e-05,5.298468661702429e-05,0.0002789324066409225
plain,c1,0,8,1500.0,1.2130031806916546e-05,4.650174089173135e-05,0.0002446387362655733
plain,c1,0,8,1600.0,1.0956936102291245e-05,4.589629259455462e-05,0.00024043839907506433
plain,c1,0,8,1700.0,9.651562076546845e-06,4.1182577446876326e-05,0.00021556444931092848
plain,c1,0,8,1800.0,9.169935976937372e-06,3.6825407029825217e-05,0.00019329697112606346
plain,c1,0,8,1900.0,8.666486755241832e-06,3.51772279726832e-05,0.0001845526266186578
plain,c1,0,8,2000.0,7.806307488759194e-06,3.555216253110134e-05,0.00018556712014426588
plain,c1,0,8,2100.0,7.224919744307333e-06,3.439056294083375e-05,0.00017917773444847606
plain,c1,0,8,2200.0,7.358649571062565e-06,3.1642592352503846e-05,0.00016557161133358178
plain,c1,0,8,2300.0,7.064835439051241e-06,3.297994999066128e-05,0.00017196458539235764
plain,c1,0,8,2400.0,7.595696197178176e-06,3.182406751248762e-05,0.00016671603375961624
plain,c1,0,8,2500.0,7.28449852071905e-06,3.171541563781643e-05,0.0001658615767098012
plain,c1,0,16,1.0,0.2558815725761682,0.12031309480578574,0.857447046605097
plain,c1,0,16,100.0,0.0006233784230282,0.0013575873530365247,0.007411315188210824
plain,c1,0,16,200.0,0.00019182862800292064,0.00043745227693567324,0.002379090012681287
plain,c1,0,16,300.0,8.247448565844924e-05,0.000206752948910716,0.0011162392302120293
plain,c1,0,16,400.0,4.268698960042632e-05,0.00011553369836228415,0.0006203554814118471
plain,c1,0,16,500.0,2.505727466126304e-05,6.906368427983267e-05,0.00037037569606042636
plain,c1,0,16,600.0,1.666528383344313e-05,4.984559824709844e-05,0.00026589327506893536
plain,c1,0,16,700.0,1.183329567657132e-05,3.679445838061272e-05,0.00019580558757963494
plain,c1,0,16,800.0,9.36203498152098e-06,2.862431803260214e-05,0.00015248362514453168
plain,c1,0,16,900.0,7.546517995197174e-06,2.34871220058203e-05,0.00012498212802429867
plain,c1,0,16,1000.0,6.739477750450035e-06,2.0353595975854825e-05,0.00010850745762972415
plain,c1,0,16,1100.0,5.352462907176024e-06,1.8360515925959734e-05,9.715504253697469e-05
plain,c1,0,16,1200.0,4.6206255844773e-06,1.725677005648003e-05,9.090447586687745e-05
plain,c1,0,16,1300.0,4.167383160476077e-06,1.580203123816473e-05,8.317753935129973e-05
plain,c1,0,16,1400.0,3.706648948498923e-06,1.4543856828253725e-05,7.642593308976755e-05
plain,c1,0,16,1500.0,3.4284498209580285e-06,1.3366422017665536e-05,7.02605599092857e-05
plain,c1,0,16,1600.0,3.223421041275088e-06,1.2439813910668118e-05,6.542249059461568e-05
plain,c1,0,16,1700.0,2.7976647322129186e-06,1.2140691670606597e-05,6.35011230852459e-05
plain,c1,0,16,1800.0,2.7876248401470446e-06,1.1613338582228767e-05,6.085431775129088e-05
plain,c1,0,16,1900.0,2.7369208252690203e-06,1.1384541857348743e-05,5.965963011201273e-05
plain,c1,0,16,2000.0,2.679132529343188e-06,1.0669226880489243e-05,5.602526693178941e-05
plain,c1,0,16,2100.0,2.630605091198404e-06,1.0594334290506776e-05,5.5602276543732284e-05
plain,c1,0,16,2200.0,2.5283769775789746e-06,1.0293981384474226e-05,5.3998283899950105e-05
plain,c1,0,16,2300.0,2.4260644532012267e-06,1.0588148315556594e-05,5.53668060309842e-05
plain,c1,0,16,2400.0,2.330648045191145e-06,1.0126230582827947e-05,5.296180095933088e-05
plain,c1,0,16,2500.0,2.299460823686888e-06,9.89124306065978e-06,5.175567612698579e-05
plain,c1,0,32,1.0,0.2672290093692797,0.13266252472340984,0.930541632986329
plain,c1,0,32,100.0,0.0001470074931500006,0.00030780792598483715,0.0016860471230741865
plain,c1,0,32,200.0,3.818372788574154e-05,9.857433850802204e-05,0.0005310554204258517
plain,c1,0,32,300.0,1.5719824525586523e-05,4.510218358495748e-05,0.0002412307424503739
plain,c1,0,32,400.0,8.75634317727991e-06,2.7400065041279327e-05,0.00014575666838367656
plain,c1,0,32,500.0,5.129491358714306e-06,1.889101864532205e-05,9.958458458532457e-05
plain,c1,0,32,600.0,3.5535863066392196e-06,1.3817616398464795e-05,7.26416682989632e-05
plain,c1,0,32,700.0,2.865617847498012e-06,1.1522027173504457e-05,6.0475753715020294e-05
plain,c1,0,32,800.0,2.248966319818421e-06,9.817491826129713e-06,5.133642545046699e-05
plain,c1,0,32,900.0,1.8305567461481618e-06,8.540459137811905e-06,4.453285243520769e-05
plain,c1,0,32,1000.0,1.6357388474713531e-06,7.957173928071723e-06,4.142160848782997e-05
plain,c1,0,32,1100.0,1.479925748190356e-06,7.4443632422978e-06,3.870174195967936e-05
plain,c1,0,32,1200.0,1.3257349014080072e-06,6.768178666064747e-06,3.516662823173175e-05
plain,c1,0,32,1300.0,1.131800073466049e-06,5.860059403661343e-06,3.0432097091772765e-05
plain,c1,0,32,1400.0,1.151021289974505e-06,5.774029998741537e-06,3.0021171283682193e-05
plain,c1,0,32,1500.0,1.0809431531615466e-06,5.273039007829456e-06,2.7446138192308828e-05
plain,c1,0,32,1600.0,9.075798297824201e-07,5.25485354019875e-06,2.718184753077617e-05
plain,c1,0,32,1700.0,9.442877918322169e-07,5.0173615516286835e-06,2.6031095549975635e-05
plain,c1,0,32,1800.0,9.16839986478876e-07,4.5999616564731e-06,2.3916648268844373e-05
plain,c1,0,32,1900.0,8.745547968627059e-07,4.957852428691604e-06,2.5663816940320728e-05
plain,c1,0,32,2000.0,7.878463761498658e-07,4.802477187642382e-06,2.4800232314361775e-05
plain,c1,0,32,2100.0,8.650825640116253e-07,4.900102870035891e-06,2.536559691419108e-05
plain,c1,0,32,2200.0,8.445266023466947e-07,4.134207953528631e-06,2.151556636998985e-05
plain,c1,0,32,2300.0,8.386457161816856e-07,4.471715612980882e-06,2.3197223781086098e-05
plain,c1,0,32,2400.0,7.722507363762882e-07,4.466822684680479e-06,2.3106364159778682e-05
plain,c1,0,32,2500.0,7.484014706579858e-07,4.418817411023633e-06,2.2842488525776146e-05
plain,c1,0,64,1.0,0.2792023184957278,0.13059607566579048,0.9321826968246802
plain,c1,0,64,100.0,5.129763266517208e-05,0.0001246847475674837,0.0006747213705025906
plain,c1,0,64,200.0,7.52820177880399e-06,2.9062698657585182e-05,0.0001528416950667299
plain,c1,0,64,300.0,3.4447662271658944e-06,1.5100890815742223e-05,7.894922030587701e-05
plain,c1,0,64,400.0,2.4612273688538613e-06,1.1106221748881659e-05,5.799233611326216e-05
plain,c1,0,64,500.0,1.7643469651413791e-06,8.519280777938855e-06,4.436075085483565e-05
plain,c1,0,64,600.0,1.4616731788922476e-06,6.994914335930815e-06,3.643624485854632e-05
plain,c1,0,64,700.0,1.3106433963752283e-06,5.854646377479977e-06,3.0583875283775115e-05
plain,c1,0,64,800.0,1.122618487718732e-06,5.374636419080361e-06,2.7995800583120538e-05
plain,c1,0,64,900.0,8.958918765175532e-07,4.539109257871429e-06,2.3591438165874696e-05
plain,c1,0,64,1000.0,7.265270334731474e-07,4.055398162053206e-06,2.1003517843739175e-05
plain,c1,0,64,1100.0,6.854533137618739e-07,3.685539607400641e-06,1.911315135076508e-05
plain,c1,0,64,1200.0,5.868241452440749e-07,3.2501590038164723e-06,1.6837619164326436e-05
plain,c1,0,64,1300.0,5.464476209344088e-07,2.896618151318966e-06,1.502953837752924e-05
plain,c1,0,64,1400.0,4.999207281212322e-07,2.7577237020462472e-06,1.4288539238352468e-05
plain,c1,0,64,1500.0,4.5746962462224607e-07,2.4479885906395836e-06,1.2697412577820165e-05
plain,c1,0,64,1600.0,4.3070974248534034e-07,2.349394948986614e-06,1.217768448741841e-05
plain,c1,0,64,1700.0,3.697065279990245e-07,2.2749608743280385e-06,1.1744510899639217e-05
plain,c1,0,64,1800.0,3.5559037902111946e-07,2.149042842527753e-06,1.1100804591659884e-05
plain,c1,0,64,1900.0,3.159242162316038e-07,2.0999631604936804e-06,1.0815740018700006e-05
plain,c1,0,64,2000.0,3.33319389651413e-07,1.9814013716373696e-06,1.0240326247838261e-05
plain,c1,0,64,2100.0,3.0110071855484647e-07,1.9439288363194218e-06,1.0020744900151956e-05
plain,c1,0,64,2200.0,2.957169736753163e-07,1.8163784569154174e-06,9.377609258252403e-06
plain,c1,0,64,2300.0,2.812606144884624e-07,1.8670001726826089e-06,9.616261477901506e-06
plain,c1,0,64,2400.0,2.6591368010177195e-07,1.8292173035228872e-06,9.412000197716208e-06
plain,c1,0,64,2500.0,2.860870278967245e-07,1.8094603465117887e-06,9.333388760455668e-06
plain,c1,0,128,1.0,0.2664718242686797,0.13565934774152447,0.9447685629763021
plain,c1,0,128,100.0,5.265525862310521e-06,1.8643846510906674e-05,9.84847584168439e-05
plain,c1,0,128,200.0,1.7973498093609492e-06,7.237598762829742e-06,3.798534362350966e-05
plain,c1,0,128,300.0,1.2038701241702228e-06,5.3126848559482125e-06,2.7767294403911287e-05
plain,c1,0,128,400.0,8.823684220646315e-07,4.10438432949237e-06,2.1404290069526484e-05
plain,c1,0,128,500.0,6.495168027825961e-07,3.224445031353122e-06,1.6771741959548206e-05
plain,c1,0,128,600.0,5.236805095594909e-07,2.4527780130381616e-06,1.27875705747503e-05
plain,c1,0,128,700.0,4.862288042651978e-07,2.2197855703084986e-06,1.158515665580769e-05
plain,c1,0,128,800.0,4.026128686745667e-07,1.7580446562983495e-06,9.192836150166314e-06
plain,c1,0,128,900.0,3.8875884167058616e-07,1.566391308815737e-06,8.22071538574927e-06
plain,c1,0,128,1000.0,2.522783223972422e-07,1.2234786709618732e-06,6.369671677206608e-06
plain,c1,0,128,1100.0,2.4733488455974464e-07,1.0858968897201621e-06,5.676819333160555e-06
plain,c1,0,128,1200.0,1.7861658105020788e-07,1.0084977807313125e-06,5.221105484706771e-06
plain,c1,0,128,1300.0,2.013723015470599e-07,9.088287098662838e-07,4.745515850878479e-06
plain,c1,0,128,1400.0,1.4639589652971583e-07,8.248518334118112e-07,4.270655063588772e-06
plain,c1,0,128,1500.0,1.4488699122753082e-07,7.827875678979344e-07,4.058824830717203e-06
plain,c1,0,128,1600.0,1.3962566562570553e-07,7.24488048110503e-07,3.7620659061782205e-06
plain,c1,0,128,1700.0,1.1388137727307816e-07,7.131305783629246e-07,3.679534269087701e-06
plain,c1,0,128,1800.0,1.0604055706578962e-07,6.732459069204933e-07,3.472270091668256e-06
plain,c1,0,128,1900.0,9.933533955196777e-08,6.348819497488142e-07,3.2737450882960386e-06
plain,c1,0,128,2000.0,9.061784160714157e-08,6.365630129171018e-07,3.2734329061926505e-06
plain,c1,0,128,2100.0,8.967972480255747e-08,5.921284988750115e-07,3.050322219177615e-06
plain,c1,0,128,2200.0,7.731192886269907e-08,5.593143451380476e-07,2.8738836545529367e-06
plain,c1,0,128,2300.0,7.55842453710314e-08,5.790544882804207e-07,2.970856686773135e-06
plain,c1,0,128,2400.0,8.14621131981087e-08,5.638860837362166e-07,2.900892531879192e-06
plain,c1,0,128,2500.0,7.513409387154785e-08,5.577081939275851e-07,2.8636750635094734e-06
plain,c1,0,256,1.0,0.25962617988824815,0.12710606235192015,0.8951564916478489
plain,c1,0,256,100.0,9.598858328200885e-06,1.0371273142333832e-05,6.145522403987004e-05
plain,c1,0,256,200.0,1.0293864524157856e-06,3.7257283946067924e-06,1.965802842544975e-05
plain,c1,0,256,300.0,6.644348042009072e-07,2.7061059651749175e-06,1.4194964630075494e-05
plain,c1,0,256,400.0,5.07281099384639e-07,1.9050691934013017e-06,1.0032627066391149e-05
plain,c1,0,256,500.0,3.888793835663386e-07,1.4030409227494426e-06,7.404083997313552e-06
plain,c1,0,256,600.0,3.978316244464306e-07,1.10522322196817e-06,5.92394773428728e-06
plain,c1,0,256,700.0,3.358968278406841e-07,1.035493597424555e-06,5.5133648149634585e-06
plain,c1,0,256,800.0,2.723912266911866e-07,7.864868029495033e-07,4.204825241438703e-06
plain,c1,0,256,900.0,2.2574008283207587e-07,6.607658513271774e-07,3.5295693394679627e-06
plain,c1,0,256,1000.0,1.6330383632621624e-07,6.017439670194525e-07,3.1720236714234786e-06
plain,c1,0,256,1100.0,1.7134439806109367e-07,5.351439761342198e-07,2.8470642787321927e-06
plain,c1,0,256,1200.0,1.2442848266572976e-07,4.472973763450369e-07,2.360915364390914e-06
plain,c1,0,256,1300.0,1.0030835387552003e-07,4.282683086418907e-07,2.2416498970849734e-06
plain,c1,0,256,1400.0,9.04168054988997e-08,3.844016113503486e-07,2.0124248622506427e-06
plain,c1,0,256,1500.0,9.644596405138288e-08,3.657546726821022e-07,1.925219327461894e-06
plain,c1,0,256,1600.0,5.8437553305178305e-08,3.163772418886794e-07,1.6403237627485753e-06
plain,c1,0,256,1700.0,5.527861190022423e-08,3.091965556285556e-07,1.6012613900430023e-06
plain,c1,0,256,1800.0,6.138077224135107e-08,2.9790786230266025e-07,1.5509200837546523e-06
plain,c1,0,256,1900.0,4.362546389897029e-08,2.8215483197516576e-07,1.454399623774799e-06
plain,c1,0,256,2000.0,4.302001002662617e-08,2.634332802654223e-07,1.3601864113537375e-06
plain,c1,0,256,2100.0,3.816660900718349e-08,2.64464579559976e-07,1.3604895068070634e-06
plain,c1,0,256,2200.0,3.386774334498301e-08,2.524399180846494e-07,1.29606733376823e-06
plain,c1,0,256,2300.0,3.485881342103337e-08,2.4807397448374897e-07,1.2752286858397784e-06
plain,c1,0,256,2400.0,3.327348589914293e-08,2.469228328288431e-07,1.2678876500433584e-06
plain,c1,0,256,2500.0,3.418229673317912e-08,2.359397019655673e-07,1.2138808065610157e-06
plain,c1,1,4,1.0,0.3942013532558441,0.11567982157207161,0.9726004611162022
plain,c1,1,4,100.0,0.10013289519576096,0.048229515032992804,0.34128047036072495
plain,c1,1,4,200.0,0.00797766847595189,0.008712996358949338,0.05154265027069858
plain,c1,1,4,300.0,0.002534737562049047,0.0043076968939596205,0.02407322203184715
plain,c1,1,4,400.0,0.0014842961797113783,0.002608164486355952,0.014525118611491139
plain,c1,1,4,500.0,0.0010007000876206898,0.001985544988913865,0.010928425032190015
plain,c1,1,4,600.0,0.0007761741634826373,0.00158283225162907,0.008690335421627986
plain,c1,1,4,700.0,0.0005879262254600021,0.0013461295104559665,0.007318573777739834
plain,c1,1,4,800.0,0.0005625823962013579,0.0011589488673999168,0.006357326733200942
plain,c1,1,4,900.0,0.00046740015064025497,0.001016076708054977,0.00554778369091514
plain,c1,1,4,1000.0,0.0004002187405663972,0.000911336960503298,0.004956903543082887
plain,c1,1,4,1100.0,0.00034803735409770167,0.0008168361893296141,0.004432218300745772
plain,c1,1,4,1200.0,0.00031654961205754544,0.0007868528727579036,0.004250813975847064
plain,c1,1,4,1300.0,0.00028520177629801736,0.0006993942091916243,0.003782172822256139
plain,c1,1,4,1400.0,0.00030035961419368857,0.0006945853047307751,0.003773286137847564
plain,c1,1,4,1500.0,0.00026639533294087604,0.000642566431472907,0.0034792274903054114
plain,c1,1,4,1600.0,0.0002521223019402203,0.0005923324922683151,0.0032137847632817958
plain,c1,1,4,1700.0,0.0002315353756630258,0.0006045767279166517,0.003254419015246284
plain,c1,1,4,1800.0,0.00021717825162526866,0.000586133176465716,0.003147844133953849
plain,c1,1,4,1900.0,0.00022268012992560375,0.0005418079364333927,0.002931719812092567
plain,c1,1,4,2000.0,0.0002010782658961088,0.0005556477229463754,0.002979316880627986
plain,c1,1,4,2100.0,0.00019126243294410018,0.0005526783598140465,0.002954654232014333
plain,c1,1,4,2200.0,0.0002037558555724444,0.0005203945920932805,0.002805728816038847
plain,c1,1,4,2300.0,0.0002055058680078348,0.0005310302229696325,0.002860656982855997
plain,c1,1,4,2400.0,0.00018453266138997596,0.0005182881981767705,0.0027759736522738284
plain,c1,1,4,2500.0,0.00020097883428976202,0.0005122562311256214,0.0027622599899178686
plain,c1,1,8,1.0,0.31443304961188906,0.14149874132885856,1.0219267562561818
plain,c1,1,8,100.0,0.02425533935772413,0.014673872056576755,0.0976246996406079
plain,c1,1,8,200.0,0.0010811845026174839,0.00226577958185495,0.012410082411892235
plain,c1,1,8,300.0,0.0004377882322377474,0.0011570045760609818,0.006222811112542656
plain,c1,1,8,400.0,0.00025114912079990756,0.0006555802920356828,0.003529050580978321
plain,c1,1,8,500.0,0.00014605475108010423,0.00040923771018054134,0.002192243301982811
plain,c1,1,8,600.0,9.848395763224133e-05,0.00027539367318158114,0.001475452323540147
plain,c1,1,8,700.0,6.496532198532393e-05,0.00019914439525923596,0.0010606872982815037
plain,c1,1,8,800.0,4.543444141479573e-05,0.00015050161740240152,0.0007979425284268032
plain,c1,1,8,900.0,3.807915027655834e-05,0.00011814783027927116,0.0006288183016729141
plain,c1,1,8,1000.0,2.991451195486935e-05,9.87715194802071e-05,0.0005237721093559048
plain,c1,1,8,1100.0,2.3537064476446648e-05,8.366392190724979e-05,0.0004418566740126956
plain,c1,1,8,1200.0,2.0679830692341028e-05,7.049294902090939e-05,0.000373144575796888
plain,c1,1,8,1300.0,1.8606177252679115e-05,6.588576609194913e-05,0.00034803500771242473
plain,c1,1,8,1400.0,1.6853597044107292e-05,5.8419409133188446e-05,0.0003089506427100495
plain,c1,1,8,1500.0,1.3111466877361816e-05,5.4685303051093235e-05,0.000286537982132828
plain,c1,1,8,1600.0,1.262861815648331e-05,4.959322232216232e-05,0.0002605947297672949
plain,c1,1,8,1700.0,1.1856092400038295e-05,4.707385700455422e-05,0.0002472253774228094
plain,c1,1,8,1800.0,1.1815361791095143e-05,4.3925443499408825e-05,0.00023144257928813926
plain,c1,1,8,1900.0,1.1446401888215412e-05,4.317584518015582e-05,0.00022732562778899452
plain,c1,1,8,2000.0,9.95452648147225e-06,4.36676437000913e-05,0.00022829274498192874
plain,c1,1,8,2100.0,1.0217967794386581e-05,4.004029680090615e-05,0.0002104194517989173
plain,c1,1,8,2200.0,9.897087304006245e-06,3.905922086906094e-05,0.00020519319164931095
plain,c1,1,8,2300.0,9.730908462040205e-06,3.767938683200572e-05,0.0001981278426220688
plain,c1,1,8,2400.0,8.918929211602852e-06,3.7929250756275094e-05,0.00019856518299297832
plain,c1,1,8,2500.0,8.209550256701014e-06,3.788371985484606e-05,0.0001976281495309313
plain,c1,1,16,1.0,0.2839496842898817,0.13687393191721686,0.9683193438759661
plain,c1,1,16,100.0,0.0004398352897194866,0.0009225441586404459,0.005052556082921716
plain,c1,1,16,200.0,0.00011447707216976641,0.0002874530934847927,0.0015517425395937298
plain,c1,1,16,300.0,4.429719815765751e-05,0.00012259521352671592,0.0006572732657912371
plain,c1,1,16,400.0,2.290734509089908e-05,6.549771939700654e-05,0.0003503959420759318
plain,c1,1,16,500.0,1.574713313913317e-05,4.454802537419907e-05,0.0002384872600101285
plain,c1,1,16,600.0,1.0282540662385006e-05,3.3725691940348544e-05,0.00017891100036412772
plain,c1,1,16,700.0,7.222022094054189e-06,2.621770170261471e-05,0.00013831053060712776
plain,c1,1,16,800.0,6.052492815305499e-06,2.2961380021871138e-05,0.00012085939292466118
plain,c1,1,16,900.0,5.183730488600656e-06,2.003463897690627e-05,0.000105356925373132
plain,c1,1,16,1000.0,4.010649851183133e-06,1.8572224037712828e-05,9.687177003974727e-05
plain,c1,1,16,1100.0,3.880848500131465e-06,1.6906896099145262e-05,8.841532899585778e-05
plain,c1,1,16,1200.0,3.4952200534288183e-06,1.63650718366554e-05,8.53205792367058e-05
plain,c1,1,16,1300.0,3.1216135578713676e-06,1.4806104118303604e-05,7.715213414938939e-05
plain,c1,1,16,1400.0,2.9041672872041317e-06,1.3494252340205416e-05,7.037542898823121e-05
plain,c1,1,16,1500.0,2.9231076530262594e-06,1.299935895898993e-05,6.791990244797591e-05
plain,c1,1,16,1600.0,2.6130159885018774e-06,1.2526506969902455e-05,6.524555083801415e-05
plain,c1,1,16,1700.0,2.512302806583104e-06,1.2039902265478034e-05,6.271181413397328e-05
plain,c1,1,16,1800.0,2.231812101506152e-06,1.1080473787274857e-05,5.763418103788044e-05
plain,c1,1,16,1900.0,2.382354183140889e-06,1.1052248791302213e-05,5.7643598139651954e-05
plain,c1,1,16,2000.0,2.239345468369349e-06,1.0912409492772547e-05,5.680139293223209e-05
plain,c1,1,16,2100.0,2.172576118262036e-06,1.0875936693680965e-05,5.655225958666686e-05
plain,c1,1,16,2200.0,2.11033787171762e-06,1.0819493020407078e-05,5.620780297375301e-05
plain,c1,1,16,2300.0,2.1152081819687465e-06,1.0245493344813096e-05,5.334267490603422e-05
plain,c1,1,16,2400.0,1.9512198488176524e-06,1.0621845760187291e-05,5.506044864975411e-05
plain,c1,1,16,2500.0,1.9564418883101906e-06,1.0595489098277555e-05,5.4933887379697966e-05
plain,c1,1,32,1.0,0.2700459519376294,0.13007563746947012,0.9204241392849801
plain,c1,1,32,100.0,0.00018373845277068403,0.00037373059810487684,0.0020523914432950684
plain,c1,1,32,200.0,4.577027107634702e-05,0.00011442648462722095,0.0006179026942124518
plain,c1,1,32,300.0,1.8390435793842583e-05,4.933559541480542e-05,0.0002650684128678697
plain,c1,1,32,400.0,9.80274939835282e-06,2.9810434771918392e-05,0.0001588549232579448
plain,c1,1,32,500.0,6.720566757067066e-06,2.1686420480021724e-05,0.00011515266915717569
plain,c1,1,32,600.0,4.7951949262934375e-06,1.7393803149489322e-05,9.176421067374005e-05
plain,c1,1,32,700.0,4.043512627970141e-06,1.350055235503505e-05,7.15462744031454e-05
plain,c1,1,32,800.0,2.915664390213849e-06,1.1329812740259071e-05,5.9564728091509203e-05
plain,c1,1,32,900.0,2.4305061139749242e-06,9.771019487008246e-06,5.128560354901615e-05
plain,c1,1,32,1000.0,2.15050338477313e-06,9.306784607704765e-06,4.868442642329696e-05
plain,c1,1,32,1100.0,1.7962534527440983e-06,8.410343850501807e-06,4.384797270525313e-05
plain,c1,1,32,1200.0,1.8083708249686234e-06,7.662970412752407e-06,4.012322288873066e-05
plain,c1,1,32,1300.0,1.448031286141612e-06,7.057488162281185e-06,3.673547209754754e-05
plain,c1,1,32,1400.0,1.3157079054382313e-06,6.665203813177531e-06,3.4641726971325886e-05
plain,c1,1,32,1500.0,1.1628735560507262e-06,6.112016407826552e-06,3.172295559518348e-05
plain,c1,1,32,1600.0,1.2280814489838618e-06,5.898833187018846e-06,3.0722247384078095e-05
plain,c1,1,32,1700.0,1.0788619046631218e-06,5.652662834555166e-06,2.9342176077438953e-05
plain,c1,1,32,1800.0,1.1378018752398108e-06,5.468564670719896e-06,2.8480625228839295e-05
plain,c1,1,32,1900.0,1.0010107050621398e-06,5.091465258818711e-06,2.6458336999155696e-05
plain,c1,1,32,2000.0,1.0199302853303382e-06,5.072305566582875e-06,2.6381458118244715e-05
plain,c1,1,32,2100.0,8.921883029046104e-07,4.827539505918774e-06,2.502988583249848e-05
plain,c1,1,32,2200.0,9.313779827961607e-07,5.008314670070189e-06,2.5972951333147107e-05
plain,c1,1,32,2300.0,9.158072436451583e-07,4.862092635963624e-06,2.5226270423463277e-05
plain,c1,1,32,2400.0,8.957510808682582e-07,4.774649172182077e-06,2.4768996941778643e-05
plain,c1,1,32,2500.0,9.059873977071719e-07,4.654338279745711e-06,2.4177678796435726e-05
plain,c1,1,64,1.0,0.25937521748410003,0.1315809221516611,0.9172798282424055
plain,c1,1,64,100.0,2.6390110537047302e-05,8.036632473268843e-05,0.00042822173420048947
plain,c1,1,64,200.0,6.091882363978686e-06,2.3005123191220514e-05,0.00012111749832008126
plain,c1,1,64,300.0,2.8035805975286366e-06,1.1587955280397913e-05,6.07433569995182e-05
plain,c1,1,64,400.0,1.8839652500644567e-06,8.761776577353638e-06,4.5692848136832645e-05
plain,c1,1,64,500.0,1.3683909697592965e-06,6.914993261629506e-06,3.594335727790683e-05
plain,c1,1,64,600.0,1.2895474963201812e-06,5.889260669971032e-06,3.073585084617534e-05
plain,c1,1,64,700.0,9.048839193876949e-07,5.096939847554683e-06,2.6389583157161114e-05
plain,c1,1,64,800.0,8.62324863255585e-07,4.524728873881247e-06,2.348596923266182e-05
plain,c1,1,64,900.0,8.062147077733423e-07,4.048434651345681e-06,2.1048387964501744e-05
plain,c1,1,64,1000.0,7.154144284232126e-07,3.746213972077675e-06,1.9446484288811588e-05
plain,c1,1,64,1100.0,6.185353256539864e-07,3.199460020688193e-06,1.661583542909495e-05
plain,c1,1,64,1200.0,5.361075007279313e-07,3.018376016617208e-06,1.562798758381397e-05
plain,c1,1,64,1300.0,5.478223730934768e-07,2.8427275258627887e-06,1.476146000240742e-05
plain,c1,1,64,1400.0,4.907369708624167e-07,2.6471305370476123e-06,1.3726389656100479e-05
plain,c1,1,64,1500.0,4.406913775874964e-07,2.5122590753118195e-06,1.3001986754146595e-05
plain,c1,1,64,1600.0,4.3769901495662745e-07,2.36511233366674e-06,1.2263260683290329e-05
plain,c1,1,64,1700.0,3.9809024975597615e-07,2.212986164181987e-06,1.1463021070665912e-05
plain,c1,1,64,1800.0,3.786852946696614e-07,2.1459559573233913e-06,1.1108465081286618e-05
plain,c1,1,64,1900.0,3.5585737158382514e-07,2.0499008618246045e-06,1.0605361680706847e-05
plain,c1,1,64,2000.0,3.1385125249350306e-07,1.9250842999364414e-06,9.93927275217571e-06
plain,c1,1,64,2100.0,3.2030069739433663e-07,1.942930224835402e-06,1.0034951821571348e-05
plain,c1,1,64,2200.0,3.044748582295249e-07,1.891494469415593e-06,9.76194720530749e-06
plain,c1,1,64,2300.0,3.127318566140687e-07,1.8866127961569805e-06,9.745795837398971e-06
plain,c1,1,64,2400.0,2.917527871402997e-07,1.7901704736055387e-06,9.242605155167993e-06
plain,c1,1,64,2500.0,2.8015118497933874e-07,1.8051136780209646e-06,9.305719575084161e-06
plain,c1,1,128,1.0,0.28030667835846484,0.1379562405949816,0.9700878813333729
plain,c1,1,128,100.0,7.015241245252656e-06,1.923809992654455e-05,0.0001032057408779754
plain,c1,1,128,200.0,1.5978146479245761e-06,6.3868552828955146e-06,3.353209106240215e-05
plain,c1,1,128,300.0,1.0680647023335688e-06,4.279624200305698e-06,2.246618570386206e-05
plain,c1,1,128,400.0,7.439131265956918e-07,3.260479263128499e-06,1.7046309442238186e-05
plain,c1,1,128,500.0,5.660939968678609e-07,2.3929118626757375e-06,1.2530653310246549e-05
plain,c1,1,128,600.0,4.643809231628042e-07,1.914278681065763e-06,1.0035774328491619e-05
plain,c1,1,128,700.0,4.2287299311207964e-07,1.616664581052799e-06,8.506195898376074e-06
plain,c1,1,128,800.0,3.6434056198188685e-07,1.3236645362406825e-06,6.982663243185299e-06
plain,c1,1,128,900.0,2.1680522490280253e-07,1.0348926424073992e-06,5.391268436939799e-06
plain,c1,1,128,1000.0,2.2313776862565766e-07,9.070081627114015e-07,4.758178582182665e-06
plain,c1,1,128,1100.0,1.9101606551898023e-07,7.940848356433768e-07,4.161440243735864e-06
plain,c1,1,128,1200.0,1.9391564138610787e-07,7.549087079543441e-07,3.968459181157828e-06
plain,c1,1,128,1300.0,1.2722484279366358e-07,6.963709155799858e-07,3.6090794206935923e-06
plain,c1,1,128,1400.0,1.1278448198920078e-07,6.256842153072226e-07,3.2412055585253133e-06
plain,c1,1,128,1500.0,1.2378892660185833e-07,5.842173139201634e-07,3.0448754962026754e-06
plain,c1,1,128,1600.0,9.156340245793673e-08,5.360425185080404e-07,2.771775994998139e-06
plain,c1,1,128,1700.0,8.787230112215896e-08,5.193576875055007e-07,2.6846607386496624e-06
plain,c1,1,128,1800.0,8.282855960450487e-08,5.062814659504388e-07,2.6142358893566987e-06
plain,c1,1,128,1900.0,7.590265507639342e-08,4.588738798940182e-07,2.3702720545464845e-06
plain,c1,1,128,2000.0,6.847112311183375e-08,4.5297685005588727e-07,2.33335537339127e-06
plain,c1,1,128,2100.0,6.26090288056464e-08,4.532726426200351e-07,2.3289722419058218e-06
plain,c1,1,128,2200.0,6.6078947754623e-08,4.217508923579949e-07,2.1748334095445976e-06
plain,c1,1,128,2300.0,6.389855508245311e-08,4.208656946254725e-07,2.1682270282098156e-06
plain,c1,1,128,2400.0,5.864165649230105e-08,4.2659840332689553e-07,2.1916336731267788e-06
plain,c1,1,128,2500.0,6.078138966194495e-08,3.9521894387230374e-07,2.0368761090234636e-06
plain,c1,1,256,1.0,0.2520284867188521,0.12404027432565033,0.8722298583471038
plain,c1,1,256,100.0,7.074660637260552e-06,1.1595996605990121e-05,6.505464366721116e-05
plain,c1,1,256,200.0,1.0139101598831865e-06,3.902369175135376e-06,2.0525756035560065e-05
plain,c1,1,256,300.0,6.965638202346226e-07,2.3648277195514414e-06,1.2520702417991829e-05
plain,c1,1,256,400.0,5.219278955065387e-07,1.7248940313874596e-06,9.146398052443837e-06
plain,c1,1,256,500.0,4.883891361003598e-07,1.2491382779680842e-06,6.734080525940781e-06
plain,c1,1,256,600.0,3.025459085483396e-07,1.0636607466192366e-06,5.620849641644522e-06
plain,c1,1,256,700.0,2.425906876448237e-07,8.403622234236676e-07,4.444401804763162e-06
plain,c1,1,256,800.0,2.3403891928631886e-07,7.070262767945464e-07,3.769170303259051e-06
plain,c1,1,256,900.0,2.619448646044961e-07,6.622498171332415e-07,3.573193950270704e-06
plain,c1,1,256,1000.0,2.426100179867526e-07,5.485772876982931e-07,2.985496456478218e-06
plain,c1,1,256,1100.0,1.198058997391628e-07,4.6512181370351405e-07,2.445414968256733e-06
plain,c1,1,256,1200.0,1.0287673386942334e-07,4.045807065581175e-07,2.125780266660011e-06
plain,c1,1,256,1300.0,1.256128689631869e-07,3.710433197868164e-07,1.9808294678972688e-06
plain,c1,1,256,1400.0,8.499537328177172e-08,3.580388168952261e-07,1.8751894577579023e-06
plain,c1,1,256,1500.0,6.003933405328459e-08,3.189106898643693e-07,1.654592783375131e-06
plain,c1,1,256,1600.0,5.575270163096883e-08,3.082348286336193e-07,1.5969268447990651e-06
plain,c1,1,256,1700.0,5.988269255016679e-08,2.929017185781541e-07,1.5243912854409372e-06
plain,c1,1,256,1800.0,4.8434831879904356e-08,2.843634697087296e-07,1.4702521804235524e-06
plain,c1,1,256,1900.0,5.0473885344690276e-08,2.5732293933778504e-07,1.3370885820336155e-06
plain,c1,1,256,2000.0,4.507056149950382e-08,2.4707390278610716e-07,1.2804400754300397e-06
plain,c1,1,256,2100.0,3.385715234580063e-08,2.4933574674156687e-07,1.280535886053635e-06
plain,c1,1,256,2200.0,3.581386844985789e-08,2.3662549524491424e-07,1.2189413446744292e-06
plain,c1,1,256,2300.0,3.40067340092003e-08,2.4079859206228266e-07,1.2379996943206136e-06
plain,c1,1,256,2400.0,3.252615174851765e-08,2.3588415387642155e-07,1.2119469211306254e-06
plain,c1,1,256,2500.0,3.1240937606669254e-08,2.2490154753412948e-07,1.1557486752773168e-06
plain,c1,2,4,1.0,0.31813612452728607,0.139213980105329,1.014206025053931
plain,c1,2,4,100.0,0.12449786921290523,0.06153615906710371,0.4321786645484238
plain,c1,2,4,200.0,0.024375773649568357,0.017043358393014487,0.1095925656146408
plain,c1,2,4,300.0,0.004758080624054047,0.00692009352702747,0.0393585482591914
plain,c1,2,4,400.0,0.0025998028266061013,0.004438331701685806,0.024791461335035132
plain,c1,2,4,500.0,0.0018611433142413994,0.0031711742250502967,0.017717014439492883
plain,c1,2,4,600.0,0.00120083431101409,0.002549719933182292,0.013949433976925552
plain,c1,2,4,700.0,0.0009131119172110892,0.002045617776421193,0.011141200799317054
plain,c1,2,4,800.0,0.0007949446932136081,0.001739579467365415,0.009492842030040683
plain,c1,2,4,900.0,0.0006897454610048235,0.0015560865427812637,0.008470178174911141
plain,c1,2,4,1000.0,0.0005197278522599264,0.0012310295901362541,0.006674875802941196
plain,c1,2,4,1100.0,0.0004874397249978229,0.0011803510691399267,0.006389195070697457
plain,c1,2,4,1200.0,0.00042638677792094045,0.0010231125692028626,0.005541949623935253
plain,c1,2,4,1300.0,0.00039489855763691876,0.001024990747269084,0.005519852293982339
plain,c1,2,4,1400.0,0.0003316962639921117,0.0009246557696751338,0.00495497511236778
plain,c1,2,4,1500.0,0.00033411203347775265,0.0008184154395466073,0.004426189231210789
plain,c1,2,4,1600.0,0.0003055319579297285,0.000787442694969219,0.004242745432775823
plain,c1,2,4,1700.0,0.00029594352048260245,0.0007448328693988056,0.004020107867476631
plain,c1,2,4,1800.0,0.00025496213325330343,0.000772098198695907,0.0041154531267328385
plain,c1,2,4,1900.0,0.000278232243600364,0.0007261076747474218,0.003908770617337473
plain,c1,2,4,2000.0,0.00027241023310766436,0.0007066341717437804,0.0038055810918265665
plain,c1,2,4,2100.0,0.0002593932972318391,0.000709819658095821,0.003808491587710944
plain,c1,2,4,2200.0,0.0002593038829746305,0.0006767614079280672,0.003643110922614967
plain,c1,2,4,2300.0,0.00025276508830482597,0.0006784440464980094,0.0036449853207948728
plain,c1,2,4,2400.0,0.00021700397590056585,0.0006650622593171997,0.0035423152724865644
plain,c1,2,4,2500.0,0.00022760803963525135,0.0006760522003474989,0.003607869041372746
plain,c1,2,8,1.0,0.3078157411571312,0.1350884035053003,0.9832577586836326
plain,c1,2,8,100.0,0.006651140710759899,0.004982240619939804,0.031562343810458915
plain,c1,2,8,200.0,0.000464018565260877,0.0010880930017615291,0.005904483574068523
plain,c1,2,8,300.0,0.00019455919013042577,0.000515409448134265,0.002771606430801751
plain,c1,2,8,400.0,0.00011328889576133811,0.00033736124725252704,0.0018000951320239734
plain,c1,2,8,500.0,7.754938747540437e-05,0.00021605336941969756,0.001157816234573892
plain,c1,2,8,600.0,5.151583366736972e-05,0.00014824410018543822,0.0007927363345945609
plain,c1,2,8,700.0,4.044984385044028e-05,0.00011799019460291295,0.000630400816865005
plain,c1,2,8,800.0,2.8439489832004066e-05,8.961056567670421e-05,0.00047649231821552513
plain,c1,2,8,900.0,2.2325848432394724e-05,7.44128222946321e-05,0.00039438995990555525
plain,c1,2,8,1000.0,1.7880919313497616e-05,6.195941511162736e-05,0.0003276779948716344
plain,c1,2,8,1100.0,1.5473500320964172e-05,5.502025478597096e-05,0.000290574774250819
plain,c1,2,8,1200.0,1.3221280118810247e-05,4.819796908999801e-05,0.0002542111255688003
plain,c1,2,8,1300.0,1.0662324305857819e-05,4.43262283996816e-05,0.00023229346630426582
plain,c1,2,8,1400.0,1.0607214768486792e-05,3.996494751221474e-05,0.00021043195232956047
plain,c1,2,8,1500.0,9.468167777686726e-06,3.88449644304867e-05,0.00020369298993012024
plain,c1,2,8,1600.0,7.721392489887414e-06,3.88805702070737e-05,0.0002021242435252559
plain,c1,2,8,1700.0,7.837004914647353e-06,3.6333939456053314e-05,0.0001895067021949139
plain,c1,2,8,1800.0,7.517952843212745e-06,3.207865054936378e-05,0.00016791120559003165
plain,c1,2,8,1900.0,7.1800041370879414e-06,3.1589668938788285e-05,0.00016512834883102936
plain,c1,2,8,2000.0,7.183078461325461e-06,3.21290038880609e-05,0.00016782809790162994
plain,c1,2,8,2100.0,6.84092305728493e-06,3.0159021002012795e-05,0.0001576360280673489
plain,c1,2,8,2200.0,6.505645510594148e-06,3.0413576747777854e-05,0.00015857352924948345
plain,c1,2,8,2300.0,6.19514679547316e-06,3.0511402347480185e-05,0.00015875215853287407
plain,c1,2,8,2400.0,6.3300170819109585e-06,2.9111245534553216e-05,0.00015188624475467703
plain,c1,2,8,2500.0,6.02007393812289e-06,2.873902014167e-05,0.00014971517464647287
plain,c1,2,16,1.0,0.25210448294754795,0.1217866089499277,0.8610375276971864
plain,c1,2,16,100.0,0.00043995285991154444,0.001041153687673023,0.00564572129827666
plain,c1,2,16,200.0,0.0001368912008071387,0.0003670073849510169,0.0019719281255622233
plain,c1,2,16,300.0,6.072622830761089e-05,0.00016331005207515656,0.0008772764886833936
plain,c1,2,16,400.0,3.0163418715091265e-05,8.600391629249394e-05,0.000460183000177561
plain,c1,2,16,500.0,1.8698126387896994e-05,5.649097677509955e-05,0.00030115301026339476
plain,c1,2,16,600.0,1.3015666548920037e-05,3.930841607605331e-05,0.00020955774692918658
plain,c1,2,16,700.0,9.939405314368252e-06,2.985605913702055e-05,0.00015921970099947103
plain,c1,2,16,800.0,7.5596504087103425e-06,2.5209801820930634e-05,0.0001336086595133635
plain,c1,2,16,900.0,5.982391792308033e-06,2.1973721774827614e-05,0.0001158510006664461
plain,c1,2,16,1000.0,5.773476208133864e-06,1.8413308351007232e-05,9.784001796317003e-05
plain,c1,2,16,1100.0,4.627537441415022e-06,1.8497154165051458e-05,9.711330826667232e-05
plain,c1,2,16,1200.0,3.843153058597541e-06,1.6120273237576755e-05,8.444451924648132e-05
plain,c1,2,16,1300.0,3.711737440410588e-06,1.403415965786915e-05,7.388253572975634e-05
plain,c1,2,16,1400.0,3.3721256610580723e-06,1.3200760888368944e-05,6.93759301029028e-05
plain,c1,2,16,1500.0,3.09279546805596e-06,1.294120217714198e-05,6.779880635376585e-05
plain,c1,2,16,1600.0,2.7839402881570676e-06,1.2081750669133431e-05,6.319269363382422e-05
plain,c1,2,16,1700.0,2.691637931466759e-06,1.1291008859994755e-05,5.914668223144053e-05
plain,c1,2,16,1800.0,2.4391233095308036e-06,1.0472174767421007e-05,5.479999714663583e-05
plain,c1,2,16,1900.0,2.388288766923686e-06,1.0602947798588599e-05,5.540302775986668e-05
plain,c1,2,16,2000.0,2.3749378579213435e-06,1.0065358366421537e-05,5.270172969002903e-05
plain,c1,2,16,2100.0,2.3099553455774813e-06,1.0104882640937801e-05,5.2834368550266487e-05
plain,c1,2,16,2200.0,2.2906112933144745e-06,9.574679696999391e-06,5.016400977831144e-05
plain,c1,2,16,2300.0,2.0605912024466386e-06,9.698000829705112e-06,5.0550595350972205e-05
plain,c1,2,16,2400.0,2.0763861019009957e-06,1.0065626085157567e-05,5.2404516527688834e-05
plain,c1,2,16,2500.0,2.2110006564322247e-06,9.254181146300798e-06,4.8481906387936215e-05
plain,c1,2,32,1.0,0.2551446466398137,0.12399387373180575,0.8751140152988424
plain,c1,2,32,100.0,0.000163673490977075,0.00037268704394557615,0.0020271087107049555
plain,c1,2,32,200.0,3.6868168584277194e-05,0.00010103587339058938,0.0005420475355372241
plain,c1,2,32,300.0,1.4047443933114495e-05,4.1782916130551474e-05,0.00022296202458587186
plain,c1,2,32,400.0,7.123059717382383e-06,2.566130804863964e-05,0.00013542959996058057
plain,c1,2,32,500.0,4.373782693423139e-06,1.813562069646442e-05,9.505188617574523e-05
plain,c1,2,32,600.0,3.3528126482385063e-06,1.5174121764852018e-05,7.92234214724986e-05
plain,c1,2,32,700.0,2.5557571813743544e-06,1.2638114220915707e-05,6.574632828595288e-05
plain,c1,2,32,800.0,2.288900821181725e-06,1.0816511110868592e-05,5.6371456375524685e-05
plain,c1,2,32,900.0,2.118546167542505e-06,9.3171742286657e-06,4.8704417310871006e-05
plain,c1,2,32,1000.0,1.7431696114200797e-06,8.817214853598494e-06,4.582924387941255e-05
plain,c1,2,32,1100.0,1.5828139031889513e-06,8.173971391131147e-06,4.2452670858844685e-05
plain,c1,2,32,1200.0,1.4132566088419622e-06,7.318329449365303e-06,3.8004903855668476e-05
plain,c1,2,32,1300.0,1.2850019121275796e-06,6.949646737687738e-06,3.603323560056627e-05
plain,c1,2,32,1400.0,1.1843732496327708e-06,6.913116698024517e-06,3.574995673975536e-05
plain,c1,2,32,1500.0,1.1160747787914314e-06,6.521786521325071e-06,3.372500738541678e-05
plain,c1,2,32,1600.0,1.0678422647400029e-06,5.8843840740386226e-06,3.0489762634933116e-05
plain,c1,2,32,1700.0,9.310250782340121e-07,5.863195226794612e-06,3.0247001212207072e-05
plain,c1,2,32,1800.0,1.0033991294131813e-06,5.3032973208196544e-06,2.7519885733511453e-05
plain,c1,2,32,1900.0,9.551052868770561e-07,5.2412057234646836e-06,2.7161133904200475e-05
plain,c1,2,32,2000.0,9.010505265890733e-07,5.215740569393337e-06,2.6979753373555757e-05
plain,c1,2,32,2100.0,8.673754538506598e-07,5.1191022936168e-06,2.646288692193466e-05
plain,c1,2,32,2200.0,8.189253945539668e-07,5.2676235228761274e-06,2.7157043008934604e-05
plain,c1,2,32,2300.0,8.385537046710712e-07,4.996444851836398e-06,2.582077796385306e-05
plain,c1,2,32,2400.0,8.022592747079433e-07,4.933612275627775e-06,2.547032065284682e-05
plain,c1,2,32,2500.0,7.753560374331234e-07,4.9143718995198476e-06,2.534721553503236e-05
plain,c1,2,64,1.0,0.26690737176411555,0.13173416610676356,0.9255782022979333
plain,c1,2,64,100.0,4.972333723812487e-05,0.00011471384226117099,0.0006232925485439799
plain,c1,2,64,200.0,6.2559042644035e-06,2.1049512355667493e-05,0.00011150346604274096
plain,c1,2,64,300.0,2.193193998132984e-06,9.668982925852135e-06,5.0538108627393664e-05
plain,c1,2,64,400.0,1.5906868644937527e-06,7.256186839801484e-06,3.7871621063501175e-05
plain,c1,2,64,500.0,1.2240603848510779e-06,6.188685696994111e-06,3.216748886982164e-05
plain,c1,2,64,600.0,1.0757515898689603e-06,5.735440002786741e-06,2.9752951603802667e-05
plain,c1,2,64,700.0,9.82298506094478e-07,4.987914523168434e-06,2.5921871121936648e-05
plain,c1,2,64,800.0,9.974928611094462e-07,4.54145238811426e-06,2.3704754801680745e-05
plain,c1,2,64,900.0,7.912089004546114e-07,3.820029372418751e-06,1.9891355762548368e-05
plain,c1,2,64,1000.0,6.579108029303575e-07,3.5235131835351096e-06,1.8275476720605906e-05
plain,c1,2,64,1100.0,6.200563265018245e-07,3.25714344579237e-06,1.6905773555463674e-05
plain,c1,2,64,1200.0,5.512501411643256e-07,2.9123892269253754e-06,1.5113196275791202e-05
plain,c1,2,64,1300.0,4.948470681996837e-07,2.6985107641252505e-06,1.3987400888825937e-05
plain,c1,2,64,1400.0,4.515322204334154e-07,2.600248671332301e-06,1.345277557709492e-05
plain,c1,2,64,1500.0,4.5496364896834997e-07,2.336587096319659e-06,1.2137899130566646e-05
plain,c1,2,64,1600.0,4.002456169961466e-07,2.4002979621149052e-06,1.2401735427570674e-05
plain,c1,2,64,1700.0,3.858543182382185e-07,2.148225043641402e-06,1.1126979536445228e-05
plain,c1,2,64,1800.0,3.5288432437756566e-07,2.0450069899917898e-06,1.0577919274336514e-05
plain,c1,2,64,1900.0,3.395845156741855e-07,2.02783649928732e-06,1.0478767012110787e-05
plain,c1,2,64,2000.0,3.164387208728402e-07,1.9547256483620994e-06,1.0090066962683337e-05
plain,c1,2,64,2100.0,2.951560453981452e-07,1.9297232969424535e-06,9.943772530110413e-06
plain,c1,2,64,2200.0,3.0325750871377554e-07,1.8346151801918925e-06,9.476333409673238e-06
plain,c1,2,64,2300.0,2.744666561333647e-07,1.8145580256726969e-06,9.34725678449685e-06
plain,c1,2,64,2400.0,2.794428838331849e-07,1.792750784377061e-06,9.24319680571849e-06
plain,c1,2,64,2500.0,2.8283094803980096e-07,1.7590798642763037e-06,9.078230269421319e-06
plain,c1,2,128,1.0,0.3079111594353366,0.1496598620833877,1.056210469852275
plain,c1,2,128,100.0,1.1334348862522761e-05,2.7162984822310255e-05,0.00014714927297407405
plain,c1,2,128,200.0,1.6393681506077635e-06,6.956309506448604e-06,3.6420915682850786e-05
plain,c1,2,128,300.0,1.0873607878756016e-06,4.864191793008735e-06,2.5408319752919273e-05
plain,c1,2,128,400.0,8.881949504132225e-07,4.016009026030364e-06,2.0968240080565044e-05
plain,c1,2,128,500.0,6.695856585942985e-07,2.9993200943188648e-06,1.5666186130188623e-05
plain,c1,2,128,600.0,4.51104625363382e-07,2.412118485228956e-06,1.2511697051508163e-05
plain,c1,2,128,700.0,4.285075199054073e-07,1.9060254590508639e-06,9.958634815159727e-06
plain,c1,2,128,800.0,3.3613623395851724e-07,1.5605767983548768e-06,8.1390202257329e-06
plain,c1,2,128,900.0,2.755335484578725e-07,1.3075017641155595e-06,6.81304236903567e-06
plain,c1,2,128,1000.0,2.385748179064254e-07,1.200535370800827e-06,6.241251671910561e-06
plain,c1,2,128,1100.0,1.8741170381107057e-07,1.0359692577535843e-06,5.367257992578992e-06
plain,c1,2,128,1200.0,1.7894498031612066e-07,9.535245715253787e-07,4.946567837943014e-06
plain,c1,2,128,1300.0,1.5101405719849508e-07,8.617553109285614e-07,4.459790611841302e-06
plain,c1,2,128,1400.0,1.636532030079839e-07,7.587772669159535e-07,3.9575395375877515e-06
plain,c1,2,128,1500.0,1.4098791107887845e-07,7.126507855799901e-07,3.704241838978829e-06
plain,c1,2,128,1600.0,1.3363360036121963e-07,6.830017841970761e-07,3.5486425213465997e-06
plain,c1,2,128,1700.0,1.0995683118422295e-07,6.673838901398202e-07,3.446876281883324e-06
plain,c1,2,128,1800.0,9.38790082245154e-08,5.961725920514738e-07,3.0747419684818844e-06
plain,c1,2,128,1900.0,9.564203731120419e-08,5.762623500195463e-07,2.976953787408936e-06
plain,c1,2,128,2000.0,9.09867530873602e-08,5.654516390988043e-07,2.9182449485813817e-06
plain,c1,2,128,2100.0,8.458465767138367e-08,5.573767852231063e-07,2.8714685837869152e-06
plain,c1,2,128,2200.0,7.502555840924381e-08,5.435043068053179e-07,2.7925470924358333e-06
plain,c1,2,128,2300.0,7.33130643315882e-08,5.256339595208698e-07,2.7014828619359374e-06
plain,c1,2,128,2400.0,7.932453495732047e-08,5.042017350616061e-07,2.600333210265351e-06
plain,c1,2,128,2500.0,7.26282844956298e-08,5.135233298687767e-07,2.6402449338395134e-06
plain,c1,2,256,1.0,0.2781594068778052,0.13746752497527773,0.9654970317541938
plain,c1,2,256,100.0,6.910122972701663e-06,9.440505933266755e-06,5.411265263903544e-05
plain,c1,2,256,200.0,9.615517312443056e-07,3.986672779566584e-06,2.0894915629077224e-05
plain,c1,2,256,300.0,8.213199297687101e-07,2.620356664043303e-06,1.3923103249985226e-05
plain,c1,2,256,400.0,4.780829559930312e-07,1.7563170989156026e-06,9.259668450571044e-06
plain,c1,2,256,500.0,4.327021983142194e-07,1.391782546853889e-06,7.391614932583664e-06
plain,c1,2,256,600.0,4.833407882331184e-07,1.1012509332166705e-06,5.989595454316471e-06
plain,c1,2,256,700.0,2.9420382445821547e-07,8.912713479435804e-07,4.750560564176117e-06
plain,c1,2,256,800.0,3.646960270447779e-07,7.650607881060703e-07,4.1899999675751295e-06
plain,c1,2,256,900.0,3.4519214114030473e-07,6.402036776072299e-07,3.5462105291764543e-06
plain,c1,2,256,1000.0,1.807561243617596e-07,5.475591172918648e-07,2.9185517108210835e-06
plain,c1,2,256,1100.0,1.338134429311677e-07,4.792277790505233e-07,2.529952338183784e-06
plain,c1,2,256,1200.0,1.6412026947655928e-07,4.177251841354513e-07,2.2527461901538158e-06
plain,c1,2,256,1300.0,1.5264456926029862e-07,3.7362584317484147e-07,2.020773785134506e-06
plain,c1,2,256,1400.0,1.0047509399528404e-07,3.406994136647956e-07,1.803972162319262e-06
plain,c1,2,256,1500.0,7.783306814329734e-08,3.1814047585747807e-07,1.6685354474306876e-06
plain,c1,2,256,1600.0,9.236683449569868e-08,2.9129927053731283e-07,1.5488631871822627e-06
plain,c1,2,256,1700.0,5.4111928291419e-08,2.700087945984269e-07,1.4041559012835537e-06
plain,c1,2,256,1800.0,5.158372678180748e-08,2.5740499121604514e-07,1.3386086828620332e-06
plain,c1,2,256,1900.0,4.189367639186856e-08,2.5155484966006515e-07,1.2996679246921942e-06
plain,c1,2,256,2000.0,4.1354621499297385e-08,2.3795429822150058e-07,1.2311261126068002e-06
plain,c1,2,256,2100.0,3.655657289033894e-08,2.2868549886610299e-07,1.179984067220854e-06
plain,c1,2,256,2200.0,3.518059170438591e-08,2.321070221344883e-07,1.1957157023768274e-06
plain,c1,2,256,2300.0,3.067018160269077e-08,2.1400555649953805e-07,1.100697964100381e-06
plain,c1,2,256,2400.0,2.925361754758791e-08,2.2691559295731155e-07,1.1638315823341456e-06
plain,c1,2,256,2500.0,2.8015057819016182e-08,2.2156374494753267e-07,1.1358337825566795e-06
warped,value,0,4,1.0,0.31159280237006703,0.0,0.31159280237006703
warped,value,0,4,100.0,0.12328120182088727,0.0,0.12328120182088727
warped,value,0,4,200.0,0.07466020229072091,0.0,0.07466020229072091
warped,value,0,4,300.0,0.043022326616912694,0.0,0.043022326616912694
warped,value,0,4,400.0,0.005726684771586432,0.0,0.005726684771586432
warped,value,0,4,500.0,0.0034669617970972196,0.0,0.0034669617970972196
warped,value,0,4,600.0,0.0023826389439834937,0.0,0.0023826389439834937
warped,value,0,4,700.0,0.002129895900570848,0.0,0.002129895900570848
warped,value,0,4,800.0,0.0017051927014295049,0.0,0.0017051927014295049
warped,value,0,4,900.0,0.0016216379959647857,0.0,0.0016216379959647857
warped,value,0,4,1000.0,0.0013822046440117508,0.0,0.0013822046440117508
warped,value,0,4,1100.0,0.001248402314280892,0.0,0.001248402314280892
warped,value,0,4,1200.0,0.0011418421632852377,0.0,0.0011418421632852377
warped,value,0,4,1300.0,0.0010469971333180036,0.0,0.0010469971333180036
warped,value,0,4,1400.0,0.0010262035015584335,0.0,0.0010262035015584335
warped,value,0,4,1500.0,0.000911587644937786,0.0,0.000911587644937786
warped,value,0,4,1600.0,0.0008600906350239842,0.0,0.0008600906350239842
warped,value,0,4,1700.0,0.0009447735698196535,0.0,0.0009447735698196535
warped,value,0,4,1800.0,0.0009731911620417562,0.0,0.0009731911620417562
warped,value,0,4,1900.0,0.0008641663486603059,0.0,0.0008641663486603059
warped,value,0,4,2000.0,0.000888172659853826,0.0,0.000888172659853826
warped,value,0,4,2100.0,0.0008788790159214031,0.0,0.0008788790159214031
warped,value,0,4,2200.0,0.0008996490121782923,0.0,0.0008996490121782923
warped,value,0,4,2300.0,0.0008141378923439078,0.0,0.0008141378923439078
warped,value,0,4,2400.0,0.0008754605956160646,0.0,0.0008754605956160646
warped,value,0,4,2500.0,0.0008305128078650104,0.0,0.0008305128078650104
warped,value,0,8,1.0,0.27350507568875365,0.0,0.27350507568875365
warped,value,0,8,100.0,0.007443032363786443,0.0,0.007443032363786443
warped,value,0,8,200.0,0.0017399538503694528,0.0,0.0017399538503694528
warped,value,0,8,300.0,0.00131259344233449,0.0,0.00131259344233449
warped,value,0,8,400.0,0.001092967931117357,0.0,0.001092967931117357
warped,value,0,8,500.0,0.0009388845314966388,0.0,0.0009388845314966388
warped,value,0,8,600.0,0.0008592594390450799,0.0,0.0008592594390450799
warped,value,0,8,700.0,0.0007444728677517589,0.0,0.0007444728677517589
warped,value,0,8,800.0,0.0007114919067427679,0.0,0.0007114919067427679
warped,value,0,8,900.0,0.0005988288520329472,0.0,0.0005988288520329472
warped,value,0,8,1000.0,0.0005484941544193735,0.0,0.0005484941544193735
warped,value,0,8,1100.0,0.0005449266164572168,0.0,0.0005449266164572168
warped,value,0,8,1200.0,0.0005609995299514716,0.0,0.0005609995299514716
warped,value,0,8,1300.0,0.0005293502161300218,0.0,0.0005293502161300218
warped,value,0,8,1400.0,0.0004997309127557125,0.0,0.0004997309127557125
warped,value,0,8,1500.0,0.0004826092903244202,0.0,0.0004826092903244202
warped,value,0,8,1600.0,0.00047219774547158463,0.0,0.00047219774547158463
warped,value,0,8,1700.0,0.0004736265424696057,0.0,0.0004736265424696057
warped,value,0,8,1800.0,0.0004545304083173678,0.0,0.0004545304083173678
warped,value,0,8,1900.0,0.00042586647601484387,0.0,0.00042586647601484387
warped,value,0,8,2000.0,0.00044064215621408197,0.0,0.00044064215621408197
warped,value,0,8,2100.0,0.0004097516921142608,0.0,0.0004097516921142608
warped,value,0,8,2200.0,0.0004348696238827719,0.0,0.0004348696238827719
warped,value,0,8,2300.0,0.0004359567972111289,0.0,0.0004359567972111289
warped,value,0,8,2400.0,0.00044177647500295543,0.0,0.00044177647500295543
warped,value,0,8,2500.0,0.0004071540643635272,0.0,0.0004071540643635272
warped,value,0,16,1.0,0.2675781383001772,0.0,0.2675781383001772
warped,value,0,16,100.0,0.0016252053744647797,0.0,0.0016252053744647797
warped,value,0,16,200.0,0.000946422184706365,0.0,0.000946422184706365
warped,value,0,16,300.0,0.0006384647743547012,0.0,0.0006384647743547012
warped,value,0,16,400.0,0.0005665417657202452,0.0,0.0005665417657202452
warped,value,0,16,500.0,0.00042950571670102665,0.0,0.00042950571670102665
warped,value,0,16,600.0,0.0004230782693358994,0.0,0.0004230782693358994
warped,value,0,16,700.0,0.0003969758921296895,0.0,0.0003969758921296895
warped,value,0,16,800.0,0.0004010038819570098,0.0,0.0004010038819570098
warped,value,0,16,900.0,0.00037601127501439845,0.0,0.00037601127501439845
warped,value,0,16,1000.0,0.00036497952668452155,0.0,0.00036497952668452155
warped,value,0,16,1100.0,0.0003368696369246738,0.0,0.0003368696369246738
warped,value,0,16,1200.0,0.00035233454560338684,0.0,0.00035233454560338684
warped,value,0,16,1300.0,0.0003320091308628781,0.0,0.0003320091308628781
warped,value,0,16,1400.0,0.00033256057235861604,0.0,0.00033256057235861604
warped,value,0,16,1500.0,0.00032895085227261587,0.0,0.00032895085227261587
warped,value,0,16,1600.0,0.0003166811326261698,0.0,0.0003166811326261698
warped,value,0,16,1700.0,0.00033541472327200395,0.0,0.00033541472327200395
warped,value,0,16,1800.0,0.0003249889193472539,0.0,0.0003249889193472539
warped,value,0,16,1900.0,0.00033224765915061406,0.0,0.00033224765915061406
warped,value,0,16,2000.0,0.0003299087267156678,0.0,0.0003299087267156678
warped,value,0,16,2100.0,0.00031191960055125534,0.0,0.00031191960055125534
warped,value,0,16,2200.0,0.00031413569223087153,0.0,0.00031413569223087153
warped,value,0,16,2300.0,0.00031898510428137345,0.0,0.00031898510428137345
warped,value,0,16,2400.0,0.0003156185647176499,0.0,0.0003156185647176499
warped,value,0,16,2500.0,0.0003362822384251191,0.0,0.0003362822384251191
warped,value,0,32,1.0,0.2741640014005818,0.0,0.2741640014005818
warped,value,0,32,100.0,0.0006217884648322347,0.0,0.0006217884648322347
warped,value,0,32,200.0,0.0005031461022110365,0.0,0.0005031461022110365
warped,value,0,32,300.0,0.00040599903772836664,0.0,0.00040599903772836664
warped,value,0,32,400.0,0.00038439516652701244,0.0,0.00038439516652701244
warped,value,0,32,500.0,0.00035005774569446405,0.0,0.00035005774569446405
warped,value,0,32,600.0,0.00038319928690408217,0.0,0.00038319928690408217
warped,value,0,32,700.0,0.0003777588926331513,0.0,0.0003777588926331513
warped,value,0,32,800.0,0.0003657045087834767,0.0,0.0003657045087834767
warped,value,0,32,900.0,0.0003436947258181374,0.0,0.0003436947258181374
warped,value,0,32,1000.0,0.00034896677710090726,0.0,0.00034896677710090726
warped,value,0,32,1100.0,0.0003271003277337714,0.0,0.0003271003277337714
warped,value,0,32,1200.0,0.00031563788121320165,0.0,0.00031563788121320165
warped,value,0,32,1300.0,0.0003426268299363331,0.0,0.0003426268299363331
warped,value,0,32,1400.0,0.00031468313293270674,0.0,0.00031468313293270674
warped,value,0,32,1500.0,0.00033442914304570296,0.0,0.00033442914304570296
warped,value,0,32,1600.0,0.00031815256440299774,0.0,0.00031815256440299774
warped,value,0,32,1700.0,0.00031410918237078305,0.0,0.00031410918237078305
warped,value,0,32,1800.0,0.0002968301506489235,0.0,0.0002968301506489235
warped,value,0,32,1900.0,0.0003323065479052965,0.0,0.0003323065479052965
warped,value,0,32,2000.0,0.0003303463295695037,0.0,0.0003303463295695037
warped,value,0,32,2100.0,0.00031623200444155694,0.0,0.00031623200444155694
warped,value,0,32,2200.0,0.0003184436638455621,0.0,0.0003184436638455621
warped,value,0,32,2300.0,0.0003116148767237481,0.0,0.0003116148767237481
warped,value,0,32,2400.0,0.00031359736289966966,0.0,0.00031359736289966966
warped,value,0,32,2500.0,0.00032253654297592806,0.0,0.00032253654297592806
warped,value,0,64,1.0,0.2486893796367223,0.0,0.2486893796367223
warped,value,0,64,100.0,0.0004616843341797899,0.0,0.0004616843341797899
warped,value,0,64,200.0,0.00040410316293273827,0.0,0.00040410316293273827
warped,value,0,64,300.0,0.00035622824890133557,0.0,0.00035622824890133557
warped,value,0,64,400.0,0.00032949105467562677,0.0,0.00032949105467562677
warped,value,0,64,500.0,0.0003101467602899405,0.0,0.0003101467602899405
warped,value,0,64,600.0,0.00033770541911974514,0.0,0.00033770541911974514
warped,value,0,64,700.0,0.00035308837894403895,0.0,0.00035308837894403895
warped,value,0,64,800.0,0.0003483875477842738,0.0,0.0003483875477842738
warped,value,0,64,900.0,0.000322167449662447,0.0,0.000322167449662447
warped,value,0,64,1000.0,0.0003095606118885455,0.0,0.0003095606118885455
warped,value,0,64,1100.0,0.00029549117082001167,0.0,0.00029549117082001167
warped,value,0,64,1200.0,0.00031339791696004255,0.0,0.00031339791696004255
warped,value,0,64,1300.0,0.0003299072026458982,0.0,0.0003299072026458982
warped,value,0,64,1400.0,0.0003369285775263394,0.0,0.0003369285775263394
warped,value,0,64,1500.0,0.00031170308924860355,0.0,0.00031170308924860355
warped,value,0,64,1600.0,0.0003259979614423281,0.0,0.0003259979614423281
warped,value,0,64,1700.0,0.00032905124925415526,0.0,0.00032905124925415526
warped,value,0,64,1800.0,0.0003262941027463483,0.0,0.0003262941027463483
warped,value,0,64,1900.0,0.00032088246253817213,0.0,0.00032088246253817213
warped,value,0,64,2000.0,0.00032128457698130667,0.0,0.00032128457698130667
warped,value,0,64,2100.0,0.0003075028033520674,0.0,0.0003075028033520674
warped,value,0,64,2200.0,0.00028995282142807417,0.0,0.00028995282142807417
warped,value,0,64,2300.0,0.0003225565767899705,0.0,0.0003225565767899705
warped,value,0,64,2400.0,0.0003123285761060118,0.0,0.0003123285761060118
warped,value,0,64,2500.0,0.0003001287222485299,0.0,0.0003001287222485299
warped,value,0,128,1.0,0.26358649370357184,0.0,0.26358649370357184
warped,value,0,128,100.0,0.000359419957596022,0.0,0.000359419957596022
warped,value,0,128,200.0,0.0003631301921670582,0.0,0.0003631301921670582
warped,value,0,128,300.0,0.0003373503502215617,0.0,0.0003373503502215617
warped,value,0,128,400.0,0.00036764347806291447,0.0,0.00036764347806291447
warped,value,0,128,500.0,0.0003512351429651138,0.0,0.0003512351429651138
warped,value,0,128,600.0,0.0003337453008995985,0.0,0.0003337453008995985
warped,value,0,128,700.0,0.000352961559816717,0.0,0.000352961559816717
warped,value,0,128,800.0,0.0003512769193918435,0.0,0.0003512769193918435
warped,value,0,128,900.0,0.0003517066240712497,0.0,0.0003517066240712497
warped,value,0,128,1000.0,0.0003368889261828755,0.0,0.0003368889261828755
warped,value,0,128,1100.0,0.00035137287022382916,0.0,0.00035137287022382916
warped,value,0,128,1200.0,0.00033481850409443543,0.0,0.00033481850409443543
warped,value,0,128,1300.0,0.0003562606013884052,0.0,0.0003562606013884052
warped,value,0,128,1400.0,0.00031493052827273783,0.0,0.00031493052827273783
warped,value,0,128,1500.0,0.00034064061908933824,0.0,0.00034064061908933824
warped,value,0,128,1600.0,0.00033978744854317524,0.0,0.00033978744854317524
warped,value,0,128,1700.0,0.0003295615985655093,0.0,0.0003295615985655093
warped,value,0,128,1800.0,0.0003243862167419628,0.0,0.0003243862167419628
warped,value,0,128,1900.0,0.0003093764177329067,0.0,0.0003093764177329067
warped,value,0,128,2000.0,0.00029244671932287494,0.0,0.00029244671932287494
warped,value,0,128,2100.0,0.0003048085672903072,0.0,0.0003048085672903072
warped,value,0,128,2200.0,0.00031940883150816026,0.0,0.00031940883150816026
warped,value,0,128,2300.0,0.0003052172070833887,0.0,0.0003052172070833887
warped,value,0,128,2400.0,0.00029811395411643134,0.0,0.00029811395411643134
warped,value,0,128,2500.0,0.00029712917588205174,0.0,0.00029712917588205174
warped,value,0,256,1.0,0.2826851563886869,0.0,0.2826851563886869
warped,value,0,256,100.0,0.0003771223404541089,0.0,0.0003771223404541089
warped,value,0,256,200.0,0.0003744187623195015,0.0,0.0003744187623195015
warped,value,0,256,300.0,0.0003273359550946026,0.0,0.0003273359550946026
warped,value,0,256,400.0,0.0003845535363817038,0.0,0.0003845535363817038
warped,value,0,256,500.0,0.00037587584226847585,0.0,0.00037587584226847585
warped,value,0,256,600.0,0.0003563252214833219,0.0,0.0003563252214833219
warped,value,0,256,700.0,0.0003449477119109534,0.0,0.0003449477119109534
warped,value,0,256,800.0,0.00035382179320427406,0.0,0.00035382179320427406
warped,value,0,256,900.0,0.0003684182828883979,0.0,0.0003684182828883979
warped,value,0,256,1000.0,0.000362890194649708,0.0,0.000362890194649708
warped,value,0,256,1100.0,0.0003331783034651224,0.0,0.0003331783034651224
warped,value,0,256,1200.0,0.00034776670118445507,0.0,0.00034776670118445507
warped,value,0,256,1300.0,0.0003415527670126874,0.0,0.0003415527670126874
warped,value,0,256,1400.0,0.00031032127100713965,0.0,0.00031032127100713965
warped,value,0,256,1500.0,0.0002855033716572943,0.0,0.0002855033716572943
warped,value,0,256,1600.0,0.0002481227124000983,0.0,0.0002481227124000983
warped,value,0,256,1700.0,0.00024391557246670095,0.0,0.00024391557246670095
warped,value,0,256,1800.0,0.00023579008439770336,0.0,0.00023579008439770336
warped,value,0,256,1900.0,0.0002317796880212426,0.0,0.0002317796880212426
warped,value,0,256,2000.0,0.00020474761978478257,0.0,0.00020474761978478257
warped,value,0,256,2100.0,0.00020065988692118036,0.0,0.00020065988692118036
warped,value,0,256,2200.0,0.0001911109532013827,0.0,0.0001911109532013827
warped,value,0,256,2300.0,0.00018343183265144382,0.0,0.00018343183265144382
warped,value,0,256,2400.0,0.00018095600699585468,0.0,0.00018095600699585468
warped,value,0,256,2500.0,0.0001693951218065246,0.0,0.0001693951218065246
warped,value,1,4,1.0,0.31410788907999126,0.0,0.31410788907999126
warped,value,1,4,100.0,0.12816798355302897,0.0,0.12816798355302897
warped,value,1,4,200.0,0.0820578784723487,0.0,0.0820578784723487
warped,value,1,4,300.0,0.06411756211744003,0.0,0.06411756211744003
warped,value,1,4,400.0,0.054399765731766886,0.0,0.054399765731766886
warped,value,1,4,500.0,0.005018698633815079,0.0,0.005018698633815079
warped,value,1,4,600.0,0.0031738513316374624,0.0,0.0031738513316374624
warped,value,1,4,700.0,0.0025500817790873333,0.0,0.0025500817790873333
warped,value,1,4,800.0,0.002339957906448979,0.0,0.002339957906448979
warped,value,1,4,900.0,0.0017063626043213357,0.0,0.0017063626043213357
warped,value,1,4,1000.0,0.0015888067386445708,0.0,0.0015888067386445708
warped,value,1,4,1100.0,0.0013731334922736811,0.0,0.0013731334922736811
warped,value,1,4,1200.0,0.0013965785542863198,0.0,0.0013965785542863198
warped,value,1,4,1300.0,0.00141519235975482,0.0,0.00141519235975482
warped,value,1,4,1400.0,0.0012367269908401394,0.0,0.0012367269908401394
warped,value,1,4,1500.0,0.0011038131684307218,0.0,0.0011038131684307218
warped,value,1,4,1600.0,0.0010265962627635523,0.0,0.0010265962627635523
warped,value,1,4,1700.0,0.0011140573215849571,0.0,0.0011140573215849571
warped,value,1,4,1800.0,0.0010631204965128654,0.0,0.0010631204965128654
warped,value,1,4,1900.0,0.0010329248046834908,0.0,0.0010329248046834908
warped,value,1,4,2000.0,0.0009494712049968046,0.0,0.0009494712049968046
warped,value,1,4,2100.0,0.0010153530462965455,0.0,0.0010153530462965455
warped,value,1,4,2200.0,0.000967962875473519,0.0,0.000967962875473519
warped,value,1,4,2300.0,0.000989220743774621,0.0,0.000989220743774621
warped,value,1,4,2400.0,0.0009644493459256299,0.0,0.0009644493459256299
warped,value,1,4,2500.0,0.0009963077087104966,0.0,0.0009963077087104966
warped,value,1,8,1.0,0.42334558911450276,0.0,0.42334558911450276
warped,value,1,8,100.0,0.09265978732048812,0.0,0.09265978732048812
warped,value,1,8,200.0,0.003955363636625378,0.0,0.003955363636625378
warped,value,1,8,300.0,0.0023769188866330877,0.0,0.0023769188866330877
warped,value,1,8,400.0,0.0017583718731049973,0.0,0.0017583718731049973
warped,value,1,8,500.0,0.0013801155313791866,0.0,0.0013801155313791866
warped,value,1,8,600.0,0.0011977978367842415,0.0,0.0011977978367842415
warped,value,1,8,700.0,0.0009371258976940711,0.0,0.0009371258976940711
warped,value,1,8,800.0,0.000804580367495606,0.0,0.000804580367495606
warped,value,1,8,900.0,0.0007393386295118232,0.0,0.0007393386295118232
warped,value,1,8,1000.0,0.0006728863921752317,0.0,0.0006728863921752317
warped,value,1,8,1100.0,0.0006038805821333213,0.0,0.0006038805821333213
warped,value,1,8,1200.0,0.0005520742867826224,0.0,0.0005520742867826224
warped,value,1,8,1300.0,0.0005526849752512517,0.0,0.0005526849752512517
warped,value,1,8,1400.0,0.0005329763890840946,0.0,0.0005329763890840946
warped,value,1,8,1500.0,0.000506876230507728,0.0,0.000506876230507728
warped,value,1,8,1600.0,0.00048546744377434524,0.0,0.00048546744377434524
warped,value,1,8,1700.0,0.000483169203814994,0.0,0.000483169203814994
warped,value,1,8,1800.0,0.0004830236349576738,0.0,0.0004830236349576738
warped,value,1,8,1900.0,0.00045363917158791584,0.0,0.00045363917158791584
warped,value,1,8,2000.0,0.00042382312438601433,0.0,0.00042382312438601433
warped,value,1,8,2100.0,0.0004625658165190682,0.0,0.0004625658165190682
warped,value,1,8,2200.0,0.00042251824566063656,0.0,0.00042251824566063656
warped,value,1,8,2300.0,0.00044060824697306976,0.0,0.00044060824697306976
warped,value,1,8,2400.0,0.00045192039185073765,0.0,0.00045192039185073765
warped,value,1,8,2500.0,0.0004070981828050003,0.0,0.0004070981828050003
warped,value,1,16,1.0,0.2770224445755765,0.0,0.2770224445755765
warped,value,1,16,100.0,0.0014164144938968563,0.0,0.0014164144938968563
warped,value,1,16,200.0,0.000892880539908645,0.0,0.000892880539908645
warped,value,1,16,300.0,0.0006129364836509095,0.0,0.0006129364836509095
warped,value,1,16,400.0,0.0004926355433161868,0.0,0.0004926355433161868
warped,value,1,16,500.0,0.0004204923484949499,0.0,0.0004204923484949499
warped,value,1,16,600.0,0.0004088516254402816,0.0,0.0004088516254402816
warped,value,1,16,700.0,0.00038411868960232086,0.0,0.00038411868960232086
warped,value,1,16,800.0,0.00037757158092496134,0.0,0.00037757158092496134
warped,value,1,16,900.0,0.0003629326354016533,0.0,0.0003629326354016533
warped,value,1,16,1000.0,0.00033982909692589005,0.0,0.00033982909692589005
warped,value,1,16,1100.0,0.00036138904060051724,0.0,0.00036138904060051724
warped,value,1,16,1200.0,0.00033772268880359835,0.0,0.00033772268880359835
warped,value,1,16,1300.0,0.0003290643558317307,0.0,0.0003290643558317307
warped,value,1,16,1400.0,0.00033463758351519454,0.0,0.00033463758351519454
warped,value,1,16,1500.0,0.0003270356488609027,0.0,0.0003270356488609027
warped,value,1,16,1600.0,0.0003298393182072286,0.0,0.0003298393182072286
warped,value,1,16,1700.0,0.00033404662520284653,0.0,0.00033404662520284653
warped,value,1,16,1800.0,0.0003325740878545594,0.0,0.0003325740878545594
warped,value,1,16,1900.0,0.00032271249940355725,0.0,0.00032271249940355725
warped,value,1,16,2000.0,0.00034407015211385984,0.0,0.00034407015211385984
warped,value,1,16,2100.0,0.00033859819152227776,0.0,0.00033859819152227776
warped,value,1,16,2200.0,0.0003078910883713588,0.0,0.0003078910883713588
warped,value,1,16,2300.0,0.00032175488294904016,0.0,0.00032175488294904016
warped,value,1,16,2400.0,0.00030987973200474923,0.0,0.00030987973200474923
warped,value,1,16,2500.0,0.00030701158747902945,0.0,0.00030701158747902945
warped,value,1,32,1.0,0.2688309129241371,0.0,0.2688309129241371
warped,value,1,32,100.0,0.0005906406592318005,0.0,0.0005906406592318005
warped,value,1,32,200.0,0.0004839290569024241,0.0,0.0004839290569024241
warped,value,1,32,300.0,0.0004031952978529486,0.0,0.0004031952978529486
warped,value,1,32,400.0,0.00039652448878222616,0.0,0.00039652448878222616
warped,value,1,32,500.0,0.0003706839738566667,0.0,0.0003706839738566667
warped,value,1,32,600.0,0.00036593770279554836,0.0,0.00036593770279554836
warped,value,1,32,700.0,0.000350392578567038,0.0,0.000350392578567038
warped,value,1,32,800.0,0.00035426029680169624,0.0,0.00035426029680169624
warped,value,1,32,900.0,0.0003331894530109428,0.0,0.0003331894530109428
warped,value,1,32,1000.0,0.00032281640285853377,0.0,0.00032281640285853377
warped,value,1,32,1100.0,0.0003558678539139542,0.0,0.0003558678539139542
warped,value,1,32,1200.0,0.0003218244985794268,0.0,0.0003218244985794268
warped,value,1,32,1300.0,0.0003222589113565435,0.0,0.0003222589113565435
warped,value,1,32,1400.0,0.00032008593838636526,0.0,0.00032008593838636526
warped,value,1,32,1500.0,0.00031984076203198504,0.0,0.00031984076203198504
warped,value,1,32,1600.0,0.00033890654555178526,0.0,0.00033890654555178526
warped,value,1,32,1700.0,0.00031302299093153587,0.0,0.00031302299093153587
warped,value,1,32,1800.0,0.00033397469877989626,0.0,0.00033397469877989626
warped,value,1,32,1900.0,0.00031186895916339625,0.0,0.00031186895916339625
warped,value,1,32,2000.0,0.00030483036990891965,0.0,0.00030483036990891965
warped,value,1,32,2100.0,0.0003045403393873512,0.0,0.0003045403393873512
warped,value,1,32,2200.0,0.00033302651628554415,0.0,0.00033302651628554415
warped,value,1,32,2300.0,0.0003175476896840692,0.0,0.0003175476896840692
warped,value,1,32,2400.0,0.00030911305212060603,0.0,0.00030911305212060603
warped,value,1,32,2500.0,0.0003230392732544468,0.0,0.0003230392732544468
warped,value,1,64,1.0,0.2246825775068497,0.0,0.2246825775068497
warped,value,1,64,100.0,0.00046814524282821364,0.0,0.00046814524282821364
warped,value,1,64,200.0,0.000386298515667052,0.0,0.000386298515667052
warped,value,1,64,300.0,0.0003426569490809657,0.0,0.0003426569490809657
warped,value,1,64,400.0,0.00036112069306299836,0.0,0.00036112069306299836
warped,value,1,64,500.0,0.0003396425376648754,0.0,0.0003396425376648754
warped,value,1,64,600.0,0.0003532599538727164,0.0,0.0003532599538727164
warped,value,1,64,700.0,0.00032802620320626706,0.0,0.00032802620320626706
warped,value,1,64,800.0,0.0003621496501963576,0.0,0.0003621496501963576
warped,value,1,64,900.0,0.0003489775740458151,0.0,0.0003489775740458151
warped,value,1,64,1000.0,0.00033310700834927545,0.0,0.00033310700834927545
warped,value,1,64,1100.0,0.00034851880775521853,0.0,0.00034851880775521853
warped,value,1,64,1200.0,0.00033143610733845264,0.0,0.00033143610733845264
warped,value,1,64,1300.0,0.0003221268814050572,0.0,0.0003221268814050572
warped,value,1,64,1400.0,0.00030177435675693014,0.0,0.00030177435675693014
warped,value,1,64,1500.0,0.000315054363831239,0.0,0.000315054363831239
warped,value,1,64,1600.0,0.00030335252243722017,0.0,0.00030335252243722017
warped,value,1,64,1700.0,0.0003227948887223352,0.0,0.0003227948887223352
warped,value,1,64,1800.0,0.0002996623512188234,0.0,0.0002996623512188234
warped,value,1,64,1900.0,0.0003040098982478403,0.0,0.0003040098982478403
warped,value,1,64,2000.0,0.0003049162188257446,0.0,0.0003049162188257446
warped,value,1,64,2100.0,0.0003216334060184719,0.0,0.0003216334060184719
warped,value,1,64,2200.0,0.00032662258424939706,0.0,0.00032662258424939706
warped,value,1,64,2300.0,0.0003212491807931375,0.0,0.0003212491807931375
warped,value,1,64,2400.0,0.00030592060956619824,0.0,0.00030592060956619824
warped,value,1,64,2500.0,0.000317783261578965,0.0,0.000317783261578965
warped,value,1,128,1.0,0.31122462086446173,0.0,0.31122462086446173
warped,value,1,128,100.0,0.0003677381762657271,0.0,0.0003677381762657271
warped,value,1,128,200.0,0.00034522051989386286,0.0,0.00034522051989386286
warped,value,1,128,300.0,0.00036053917006085575,0.0,0.00036053917006085575
warped,value,1,128,400.0,0.00032390752880245415,0.0,0.00032390752880245415
warped,value,1,128,500.0,0.00035097930991143545,0.0,0.00035097930991143545
warped,value,1,128,600.0,0.00030737518703516695,0.0,0.00030737518703516695
warped,value,1,128,700.0,0.0003477339505982358,0.0,0.0003477339505982358
warped,value,1,128,800.0,0.00036389424965411885,0.0,0.00036389424965411885
warped,value,1,128,900.0,0.0003152748972277117,0.0,0.0003152748972277117
warped,value,1,128,1000.0,0.00035965660836697445,0.0,0.00035965660836697445
warped,value,1,128,1100.0,0.0003274525062160551,0.0,0.0003274525062160551
warped,value,1,128,1200.0,0.0003184446854629515,0.0,0.0003184446854629515
warped,value,1,128,1300.0,0.0003051293688389449,0.0,0.0003051293688389449
warped,value,1,128,1400.0,0.0003128652734333884,0.0,0.0003128652734333884
warped,value,1,128,1500.0,0.00028313408767231303,0.0,0.00028313408767231303
warped,value,1,128,1600.0,0.0003103777206627397,0.0,0.0003103777206627397
warped,value,1,128,1700.0,0.0002945446664618617,0.0,0.0002945446664618617
warped,value,1,128,1800.0,0.0002933019322107306,0.0,0.0002933019322107306
warped,value,1,128,1900.0,0.0003015080803343631,0.0,0.0003015080803343631
warped,value,1,128,2000.0,0.0002770630727815759,0.0,0.0002770630727815759
warped,value,1,128,2100.0,0.0002622149794349735,0.0,0.0002622149794349735
warped,value,1,128,2200.0,0.0002577541749720588,0.0,0.0002577541749720588
warped,value,1,128,2300.0,0.0002643809413263516,0.0,0.0002643809413263516
warped,value,1,128,2400.0,0.0002482189781269559,0.0,0.0002482189781269559
warped,value,1,128,2500.0,0.0002492492907451315,0.0,0.0002492492907451315
warped,value,1,256,1.0,0.2343612318773689,0.0,0.2343612318773689
warped,value,1,256,100.0,0.00037983099959298055,0.0,0.00037983099959298055
warped,value,1,256,200.0,0.00034112592247082847,0.0,0.00034112592247082847
warped,value,1,256,300.0,0.0003617587824132397,0.0,0.0003617587824132397
warped,value,1,256,400.0,0.00034684773643295813,0.0,0.00034684773643295813
warped,value,1,256,500.0,0.0003538301735423713,0.0,0.0003538301735423713
warped,value,1,256,600.0,0.00036258900308112023,0.0,0.00036258900308112023
warped,value,1,256,700.0,0.000374464519651107,0.0,0.000374464519651107
warped,value,1,256,800.0,0.0003419576476022782,0.0,0.0003419576476022782
warped,value,1,256,900.0,0.0003750132848635552,0.0,0.0003750132848635552
warped,value,1,256,1000.0,0.00034448225436921505,0.0,0.00034448225436921505
warped,value,1,256,1100.0,0.00034126358008568073,0.0,0.00034126358008568073
warped,value,1,256,1200.0,0.0003235290886613556,0.0,0.0003235290886613556
warped,value,1,256,1300.0,0.0003125211136993418,0.0,0.0003125211136993418
warped,value,1,256,1400.0,0.00030899800916844503,0.0,0.00030899800916844503
warped,value,1,256,1500.0,0.00029426641787582845,0.0,0.00029426641787582845
warped,value,1,256,1600.0,0.0002578057618343931,0.0,0.0002578057618343931
warped,value,1,256,1700.0,0.00025544559651794493,0.0,0.00025544559651794493
warped,value,1,256,1800.0,0.0002249996935489401,0.0,0.0002249996935489401
warped,value,1,256,1900.0,0.00020190575979490402,0.0,0.00020190575979490402
warped,value,1,256,2000.0,0.0001777591381923803,0.0,0.0001777591381923803
warped,value,1,256,2100.0,0.00017915312085988217,0.0,0.00017915312085988217
warped,value,1,256,2200.0,0.00016173945676607672,0.0,0.00016173945676607672
warped,value,1,256,2300.0,0.00014950276907043592,0.0,0.00014950276907043592
warped,value,1,256,2400.0,0.0001457091326857017,0.0,0.0001457091326857017
warped,value,1,256,2500.0,0.00013657079042666062,0.0,0.00013657079042666062
warped,value,2,4,1.0,0.3782111395486661,0.0,0.3782111395486661
warped,value,2,4,100.0,0.14982229462848715,0.0,0.14982229462848715
warped,value,2,4,200.0,0.02275438078673821,0.0,0.02275438078673821
warped,value,2,4,300.0,0.0050816667836688055,0.0,0.0050816667836688055
warped,value,2,4,400.0,0.0037576937110710804,0.0,0.0037576937110710804
warped,value,2,4,500.0,0.002866476998779536,0.0,0.002866476998779536
warped,value,2,4,600.0,0.0023818532230104965,0.0,0.0023818532230104965
warped,value,2,4,700.0,0.0019609062294425037,0.0,0.0019609062294425037
warped,value,2,4,800.0,0.0016364948963231618,0.0,0.0016364948963231618
warped,value,2,4,900.0,0.001436023546641365,0.0,0.001436023546641365
warped,value,2,4,1000.0,0.0013910608901651401,0.0,0.0013910608901651401
warped,value,2,4,1100.0,0.0012173214767926897,0.0,0.0012173214767926897
warped,value,2,4,1200.0,0.001153141414214587,0.0,0.001153141414214587
warped,value,2,4,1300.0,0.0010066498988312812,0.0,0.0010066498988312812
warped,value,2,4,1400.0,0.0009846103575204938,0.0,0.0009846103575204938
warped,value,2,4,1500.0,0.0008635842827689451,0.0,0.0008635842827689451
warped,value,2,4,1600.0,0.0008481110553809488,0.0,0.0008481110553809488
warped,value,2,4,1700.0,0.000814347175034035,0.0,0.000814347175034035
warped,value,2,4,1800.0,0.0008060574523720037,0.0,0.0008060574523720037
warped,value,2,4,1900.0,0.0007931362998032658,0.0,0.0007931362998032658
warped,value,2,4,2000.0,0.0007869199345579386,0.0,0.0007869199345579386
warped,value,2,4,2100.0,0.0007813014047118025,0.0,0.0007813014047118025
warped,value,2,4,2200.0,0.0007386822017079958,0.0,0.0007386822017079958
warped,value,2,4,2300.0,0.0007042695947363724,0.0,0.0007042695947363724
warped,value,2,4,2400.0,0.0006717906663425335,0.0,0.0006717906663425335
warped,value,2,4,2500.0,0.0007443123395316152,0.0,0.0007443123395316152
warped,value,2,8,1.0,0.30719830311867,0.0,0.30719830311867
warped,value,2,8,100.0,0.0344990294082106,0.0,0.0344990294082106
warped,value,2,8,200.0,0.0022025522220333583,0.0,0.0022025522220333583
warped,value,2,8,300.0,0.0015521620413778833,0.0,0.0015521620413778833
warped,value,2,8,400.0,0.001118307399579923,0.0,0.001118307399579923
warped,value,2,8,500.0,0.0008934918048062809,0.0,0.0008934918048062809
warped,value,2,8,600.0,0.0007575083198415542,0.0,0.0007575083198415542
warped,value,2,8,700.0,0.000614281113374351,0.0,0.000614281113374351
warped,value,2,8,800.0,0.0005457242434846366,0.0,0.0005457242434846366
warped,value,2,8,900.0,0.0005072470652828493,0.0,0.0005072470652828493
warped,value,2,8,1000.0,0.0004946806108326526,0.0,0.0004946806108326526
warped,value,2,8,1100.0,0.00043782231161069735,0.0,0.00043782231161069735
warped,value,2,8,1200.0,0.0004425203477963884,0.0,0.0004425203477963884
warped,value,2,8,1300.0,0.0004307593234771057,0.0,0.0004307593234771057
warped,value,2,8,1400.0,0.0004469413994763079,0.0,0.0004469413994763079
warped,value,2,8,1500.0,0.0004464857125761436,0.0,0.0004464857125761436
warped,value,2,8,1600.0,0.0004136349552754284,0.0,0.0004136349552754284
warped,value,2,8,1700.0,0.0004050814480184223,0.0,0.0004050814480184223
warped,value,2,8,1800.0,0.0004272811299442148,0.0,0.0004272811299442148
warped,value,2,8,1900.0,0.00040821672973474126,0.0,0.00040821672973474126
warped,value,2,8,2000.0,0.00039258912261796444,0.0,0.00039258912261796444
warped,value,2,8,2100.0,0.00038273532759596217,0.0,0.00038273532759596217
warped,value,2,8,2200.0,0.0003739344549931025,0.0,0.0003739344549931025
warped,value,2,8,2300.0,0.0003995645403521899,0.0,0.0003995645403521899
warped,value,2,8,2400.0,0.00040526399512101776,0.0,0.00040526399512101776
warped,value,2,8,2500.0,0.00038639820753565856,0.0,0.00038639820753565856
warped,value,2,16,1.0,0.29275744775020973,0.0,0.29275744775020973
warped,value,2,16,100.0,0.0013596051591452734,0.0,0.0013596051591452734
warped,value,2,16,200.0,0.0008736875541200286,0.0,0.0008736875541200286
warped,value,2,16,300.0,0.0006976827838467351,0.0,0.0006976827838467351
warped,value,2,16,400.0,0.0005643746996737347,0.0,0.0005643746996737347
warped,value,2,16,500.0,0.0005256677971297563,0.0,0.0005256677971297563
warped,value,2,16,600.0,0.0004624132719673498,0.0,0.0004624132719673498
warped,value,2,16,700.0,0.0004139034843677121,0.0,0.0004139034843677121
warped,value,2,16,800.0,0.00040582011925391473,0.0,0.00040582011925391473
warped,value,2,16,900.0,0.0003761372048145183,0.0,0.0003761372048145183
warped,value,2,16,1000.0,0.00035627381155189323,0.0,0.00035627381155189323
warped,value,2,16,1100.0,0.0003649024676654444,0.0,0.0003649024676654444
warped,value,2,16,1200.0,0.0003560497014216857,0.0,0.0003560497014216857
warped,value,2,16,1300.0,0.0003357790480885601,0.0,0.0003357790480885601
warped,value,2,16,1400.0,0.0003314819703446183,0.0,0.0003314819703446183
warped,value,2,16,1500.0,0.00035239104338674913,0.0,0.00035239104338674913
warped,value,2,16,1600.0,0.00032965807556316725,0.0,0.00032965807556316725
warped,value,2,16,1700.0,0.0003065522831759878,0.0,0.0003065522831759878
warped,value,2,16,1800.0,0.0003317307239728302,0.0,0.0003317307239728302
warped,value,2,16,1900.0,0.00033556730547153565,0.0,0.00033556730547153565
warped,value,2,16,2000.0,0.0003089202703352061,0.0,0.0003089202703352061
warped,value,2,16,2100.0,0.0003376140171790595,0.0,0.0003376140171790595
warped,value,2,16,2200.0,0.00033563229003978216,0.0,0.00033563229003978216
warped,value,2,16,2300.0,0.00032681907098044516,0.0,0.00032681907098044516
warped,value,2,16,2400.0,0.0003198455915055896,0.0,0.0003198455915055896
warped,value,2,16,2500.0,0.0003267184098926492,0.0,0.0003267184098926492
warped,value,2,32,1.0,0.301044769707884,0.0,0.301044769707884
warped,value,2,32,100.0,0.0006694311438550406,0.0,0.0006694311438550406
warped,value,2,32,200.0,0.00045511687673494456,0.0,0.00045511687673494456
warped,value,2,32,300.0,0.0003997740977830704,0.0,0.0003997740977830704
warped,value,2,32,400.0,0.0004307134193635283,0.0,0.0004307134193635283
warped,value,2,32,500.0,0.00035686588527041827,0.0,0.00035686588527041827
warped,value,2,32,600.0,0.00033874885719199625,0.0,0.00033874885719199625
warped,value,2,32,700.0,0.00034831230791710195,0.0,0.00034831230791710195
warped,value,2,32,800.0,0.0003257933035899398,0.0,0.0003257933035899398
warped,value,2,32,900.0,0.0003175186178954514,0.0,0.0003175186178954514
warped,value,2,32,1000.0,0.0003408134693271434,0.0,0.0003408134693271434
warped,value,2,32,1100.0,0.0003384843780829437,0.0,0.0003384843780829437
warped,value,2,32,1200.0,0.00032401464797531893,0.0,0.00032401464797531893
warped,value,2,32,1300.0,0.0003412802661917275,0.0,0.0003412802661917275
warped,value,2,32,1400.0,0.0003145631075211391,0.0,0.0003145631075211391
warped,value,2,32,1500.0,0.0002973674400530608,0.0,0.0002973674400530608
warped,value,2,32,1600.0,0.00032121471344379846,0.0,0.00032121471344379846
warped,value,2,32,1700.0,0.00032960611450880053,0.0,0.00032960611450880053
warped,value,2,32,1800.0,0.00033252639122412523,0.0,0.00033252639122412523
warped,value,2,32,1900.0,0.0003223180605955935,0.0,0.0003223180605955935
warped,value,2,32,2000.0,0.00031326549124116734,0.0,0.00031326549124116734
warped,value,2,32,2100.0,0.00031425824077964973,0.0,0.00031425824077964973
warped,value,2,32,2200.0,0.0003096629159369285,0.0,0.0003096629159369285
warped,value,2,32,2300.0,0.00031275250128400185,0.0,0.00031275250128400185
warped,value,2,32,2400.0,0.00031917277070633637,0.0,0.00031917277070633637
warped,value,2,32,2500.0,0.0003234504843064049,0.0,0.0003234504843064049
warped,value,2,64,1.0,0.2824263319948927,0.0,0.2824263319948927
warped,value,2,64,100.0,0.00048169717840086147,0.0,0.00048169717840086147
warped,value,2,64,200.0,0.000405917890771828,0.0,0.000405917890771828
warped,value,2,64,300.0,0.00031687144410641693,0.0,0.00031687144410641693
warped,value,2,64,400.0,0.00032912412726859576,0.0,0.00032912412726859576
warped,value,2,64,500.0,0.0003356270701896707,0.0,0.0003356270701896707
warped,value,2,64,600.0,0.000338211595118654,0.0,0.000338211595118654
warped,value,2,64,700.0,0.0003469063689117209,0.0,0.0003469063689117209
warped,value,2,64,800.0,0.00032330797325118803,0.0,0.00032330797325118803
warped,value,2,64,900.0,0.00034221283219822173,0.0,0.00034221283219822173
warped,value,2,64,1000.0,0.0003379479396493333,0.0,0.0003379479396493333
warped,value,2,64,1100.0,0.0003110096978066844,0.0,0.0003110096978066844
warped,value,2,64,1200.0,0.0003216870463937627,0.0,0.0003216870463937627
warped,value,2,64,1300.0,0.00032411944983448026,0.0,0.00032411944983448026
warped,value,2,64,1400.0,0.0003271212896248993,0.0,0.0003271212896248993
warped,value,2,64,1500.0,0.0003263890804502338,0.0,0.0003263890804502338
warped,value,2,64,1600.0,0.0003062489700232148,0.0,0.0003062489700232148
warped,value,2,64,1700.0,0.0003076090876437748,0.0,0.0003076090876437748
warped,value,2,64,1800.0,0.00031820598022448216,0.0,0.00031820598022448216
warped,value,2,64,1900.0,0.0003259532086297238,0.0,0.0003259532086297238
warped,value,2,64,2000.0,0.00029367899450163313,0.0,0.00029367899450163313
warped,value,2,64,2100.0,0.00033199149797243386,0.0,0.00033199149797243386
warped,value,2,64,2200.0,0.00032068751244376884,0.0,0.00032068751244376884
warped,value,2,64,2300.0,0.0003146161795489732,0.0,0.0003146161795489732
warped,value,2,64,2400.0,0.00030693456057772397,0.0,0.00030693456057772397
warped,value,2,64,2500.0,0.00032333881629866457,0.0,0.00032333881629866457
warped,value,2,128,1.0,0.2580359293501699,0.0,0.2580359293501699
warped,value,2,128,100.0,0.0004169146333645869,0.0,0.0004169146333645869
warped,value,2,128,200.0,0.0003542931509561923,0.0,0.0003542931509561923
warped,value,2,128,300.0,0.000334014170375345,0.0,0.000334014170375345
warped,value,2,128,400.0,0.00035216545302250605,0.0,0.00035216545302250605
warped,value,2,128,500.0,0.00035379418158706455,0.0,0.00035379418158706455
warped,value,2,128,600.0,0.0003585390431228948,0.0,0.0003585390431228948
warped,value,2,128,700.0,0.00037056943074524384,0.0,0.00037056943074524384
warped,value,2,128,800.0,0.00035584551795105404,0.0,0.00035584551795105404
warped,value,2,128,900.0,0.0003330763484637016,0.0,0.0003330763484637016
warped,value,2,128,1000.0,0.0003155206120704889,0.0,0.0003155206120704889
warped,value,2,128,1100.0,0.00036460609521092043,0.0,0.00036460609521092043
warped,value,2,128,1200.0,0.00032289828448448676,0.0,0.00032289828448448676
warped,value,2,128,1300.0,0.0003489864678531942,0.0,0.0003489864678531942
warped,value,2,128,1400.0,0.0003428657144647835,0.0,0.0003428657144647835
warped,value,2,128,1500.0,0.0003035857398605495,0.0,0.0003035857398605495
warped,value,2,128,1600.0,0.00030639161211070976,0.0,0.00030639161211070976
warped,value,2,128,1700.0,0.0002966860126247784,0.0,0.0002966860126247784
warped,value,2,128,1800.0,0.0002878139221580935,0.0,0.0002878139221580935
warped,value,2,128,1900.0,0.00029855457326236095,0.0,0.00029855457326236095
warped,value,2,128,2000.0,0.0002988756348136811,0.0,0.0002988756348136811
warped,value,2,128,2100.0,0.00030687966414811424,0.0,0.00030687966414811424
warped,value,2,128,2200.0,0.00029560377686885085,0.0,0.00029560377686885085
warped,value,2,128,2300.0,0.000285640405820152,0.0,0.000285640405820152
warped,value,2,128,2400.0,0.0003058400422983128,0.0,0.0003058400422983128
warped,value,2,128,2500.0,0.00028802138654677686,0.0,0.00028802138654677686
warped,value,2,256,1.0,0.2758637773757038,0.0,0.2758637773757038
warped,value,2,256,100.0,0.0003938984191171611,0.0,0.0003938984191171611
warped,value,2,256,200.0,0.00035731970091299007,0.0,0.00035731970091299007
warped,value,2,256,300.0,0.0003573284853956238,0.0,0.0003573284853956238
warped,value,2,256,400.0,0.0003479372409315911,0.0,0.0003479372409315911
warped,value,2,256,500.0,0.00036586614866021403,0.0,0.00036586614866021403
warped,value,2,256,600.0,0.0003715865354114078,0.0,0.0003715865354114078
warped,value,2,256,700.0,0.0003282418198657661,0.0,0.0003282418198657661
warped,value,2,256,800.0,0.00033113083835632605,0.0,0.00033113083835632605
warped,value,2,256,900.0,0.00035090747280227115,0.0,0.00035090747280227115
warped,value,2,256,1000.0,0.0003243331628155139,0.0,0.0003243331628155139
warped,value,2,256,1100.0,0.0003488157409780903,0.0,0.0003488157409780903
warped,value,2,256,1200.0,0.00031147396176494936,0.0,0.00031147396176494936
warped,value,2,256,1300.0,0.000323382682155357,0.0,0.000323382682155357
warped,value,2,256,1400.0,0.00030562372881723826,0.0,0.00030562372881723826
warped,value,2,256,1500.0,0.00028660390873712095,0.0,0.00028660390873712095
warped,value,2,256,1600.0,0.00025969649986472303,0.0,0.00025969649986472303
warped,value,2,256,1700.0,0.0002568105628902557,0.0,0.0002568105628902557
warped,value,2,256,1800.0,0.0002529989881931373,0.0,0.0002529989881931373
warped,value,2,256,1900.0,0.0002368837612668367,0.0,0.0002368837612668367
warped,value,2,256,2000.0,0.0002322151013812783,0.0,0.0002322151013812783
warped,value,2,256,2100.0,0.00021913319289450792,0.0,0.00021913319289450792
warped,value,2,256,2200.0,0.0002264747406783725,0.0,0.0002264747406783725
warped,value,2,256,2300.0,0.0002024402851905256,0.0,0.0002024402851905256
warped,value,2,256,2400.0,0.0001988123129895483,0.0,0.0001988123129895483
warped,value,2,256,2500.0,0.0002013267470396663,0.0,0.0002013267470396663
warped,c1,0,4,1.0,0.3839609382295692,0.12710428845907404,1.0194823805249396
warped,c1,0,4,100.0,0.13956009017941032,0.07077106238617799,0.4934154021103002
warped,c1,0,4,200.0,0.06788260187744062,0.04037409284695906,0.26975306611223593
warped,c1,0,4,300.0,0.0076313366555308335,0.012003727987029372,0.0676499765906777
warped,c1,0,4,400.0,0.003198305422267201,0.006720512585530243,0.036800868349918414
warped,c1,0,4,500.0,0.0019478218832686544,0.005468268800484499,0.02928916588569115
warped,c1,0,4,600.0,0.0012672315067030775,0.004647616468410057,0.02450531384875336
warped,c1,0,4,700.0,0.0010565018186339931,0.0040246529319991975,0.02117976647862998
warped,c1,0,4,800.0,0.0008266159401359606,0.003981255383085291,0.02073289285556242
warped,c1,0,4,900.0,0.0008120901496146927,0.003799332179603477,0.01980875104763208
warped,c1,0,4,1000.0,0.0006970326604596946,0.0035180336818771917,0.018287201069845653
warped,c1,0,4,1100.0,0.0006919773321202412,0.0035835801176361706,0.018609877920301093
warped,c1,0,4,1200.0,0.0006468103914113083,0.003552922688333728,0.01841142383307995
warped,c1,0,4,1300.0,0.0006042476484173859,0.0034800500015943966,0.018004497656389368
warped,c1,0,4,1400.0,0.0006354514033693781,0.003321153574388622,0.017241219275312487
warped,c1,0,4,1500.0,0.0005703108244837534,0.0033717897813824852,0.01742925973139618
warped,c1,0,4,1600.0,0.0006801038899977215,0.0031974906745781337,0.01666755726288839
warped,c1,0,4,1700.0,0.0005768405216624407,0.0033153189385138593,0.017153435214231738
warped,c1,0,4,1800.0,0.0005125142190607994,0.0033804729521620604,0.017414878979871103
warped,c1,0,4,1900.0,0.0004914736659710916,0.003239724842725849,0.016690097879600335
warped,c1,0,4,2000.0,0.0005356000166992304,0.0031223164907299024,0.016147182470348742
warped,c1,0,4,2100.0,0.0005635813699858048,0.0031062437310846736,0.016094800025409174
warped,c1,0,4,2200.0,0.0005700797921220743,0.0031432292907905023,0.016286226246074585
warped,c1,0,4,2300.0,0.0005369335710078215,0.0033333594155796156,0.017203730648905898
warped,c1,0,4,2400.0,0.000493738352530395,0.0033746774738222843,0.017367125721641816
warped,c1,0,4,2500.0,0.0005128132114144106,0.003098910518510091,0.016007365803964866
warped,c1,0,8,1.0,0.3115702929380158,0.13536755813537393,0.9884080836148854
warped,c1,0,8,100.0,0.04382879967145705,0.025599953523425117,0.17182856728858265
warped,c1,0,8,200.0,0.0011574091077744537,0.004486416142083678,0.023589489818192845
warped,c1,0,8,300.0,0.0006562241722856554,0.003362000224739876,0.017466225295985034
warped,c1,0,8,400.0,0.0005457782729841403,0.003029260070683074,0.01569207862639951
warped,c1,0,8,500.0,0.0004558341089199006,0.002891211864952633,0.014911893433683066
warped,c1,0,8,600.0,0.0004365717194975598,0.0027230563357333727,0.014051853398164425
warped,c1,0,8,700.0,0.0003924151130335845,0.0028570817387485285,0.014677823806776227
warped,c1,0,8,800.0,0.0003706387686872845,0.002758082729267114,0.014161052415022855
warped,c1,0,8,900.0,0.0003693000022052145,0.0027117738356266415,0.013928169180338422
warped,c1,0,8,1000.0,0.0003231036237962136,0.002924963175805305,0.014947919502822739
warped,c1,0,8,1100.0,0.0003484123097682149,0.0026441966460178314,0.013569395539857372
warped,c1,0,8,1200.0,0.00033766337086677456,0.0026320168607940468,0.013497747674837008
warped,c1,0,8,1300.0,0.0003187630454146849,0.0027030270144414513,0.013833898117621942
warped,c1,0,8,1400.0,0.00034373367070265936,0.0025732862914614064,0.01321016512800969
warped,c1,0,8,1500.0,0.00034104038259245086,0.002574180481353373,0.013211942789359317
warped,c1,0,8,1600.0,0.00032999651591253225,0.002626581898637064,0.013462906009097851
warped,c1,0,8,1700.0,0.00033758499230266017,0.0026260195379998446,0.013467682682301883
warped,c1,0,8,1800.0,0.00031901665040147837,0.002739651103372634,0.014017272167264647
warped,c1,0,8,1900.0,0.00031515811539930145,0.002673579118806146,0.013683053709430031
warped,c1,0,8,2000.0,0.0003180544436330609,0.002735027055787896,0.013993189722572541
warped,c1,0,8,2100.0,0.00033443223649801487,0.0025683663807413814,0.013176264140204922
warped,c1,0,8,2200.0,0.0003103741291153579,0.002727731375230226,0.013949031005266488
warped,c1,0,8,2300.0,0.00032389364513368823,0.002633543439976666,0.01349161084501702
warped,c1,0,8,2400.0,0.00031089430386527553,0.00273532022995562,0.013987495453643375
warped,c1,0,8,2500.0,0.000328870830688732,0.002557479973933963,0.013116270700358547
warped,c1,0,16,1.0,0.2814435478505692,0.13098666308005366,0.9363768632508376
warped,c1,0,16,100.0,0.0010288147636051243,0.004213750269389392,0.022097566110552084
warped,c1,0,16,200.0,0.0004969452555451079,0.0028868455864693846,0.01493117318789203
warped,c1,0,16,300.0,0.0004187283831677035,0.0027915286591167487,0.014376371678751448
warped,c1,0,16,400.0,0.0003576108641887123,0.0026191440212959155,0.013453330970668288
warped,c1,0,16,500.0,0.00033975244369162833,0.002641018606289595,0.013544845475139605
warped,c1,0,16,600.0,0.0003413200807665287,0.0026510422163026257,0.013596531162279657
warped,c1,0,16,700.0,0.000329890242056805,0.0026727592897706257,0.013693686690909933
warped,c1,0,16,800.0,0.0003062442824074052,0.002629650981899745,0.01345449919190613
warped,c1,0,16,900.0,0.00032634118613546274,0.0025252451087130405,0.012952566729700665
warped,c1,0,16,1000.0,0.00028460680066372533,0.002712433764829056,0.013846775624809007
warped,c1,0,16,1100.0,0.00033326241030007465,0.0023577542783794355,0.012122033802197252
warped,c1,0,16,1200.0,0.0003128513027564454,0.00250269713004816,0.012826336952997246
warped,c1,0,16,1300.0,0.00029200918260944967,0.0023495741878579043,0.012039880121898971
warped,c1,0,16,1400.0,0.0002915750950147356,0.002194398409650327,0.011263567143266371
warped,c1,0,16,1500.0,0.0002604767106252466,0.002168507913959746,0.011103016280423978
warped,c1,0,16,1600.0,0.00026374747805439874,0.001818837596113059,0.009357935458619694
warped,c1,0,16,1700.0,0.00023191839933540267,0.0016775821629722385,0.008619829214196595
warped,c1,0,16,1800.0,0.00018587714829675417,0.001571358225675967,0.008042668276676589
warped,c1,0,16,1900.0,0.00018096234019060066,0.0013512734136917597,0.006937329408649399
warped,c1,0,16,2000.0,0.00015776456059366645,0.0012405593910466705,0.006360561515827019
warped,c1,0,16,2100.0,0.0001434736587875454,0.001134387247129881,0.00581540989443695
warped,c1,0,16,2200.0,0.00013579930181947404,0.0010006844683647376,0.005139221643643162
warped,c1,0,16,2300.0,0.00012046503045671734,0.0009656244350720273,0.004948587205816854
warped,c1,0,16,2400.0,0.00010841035307043759,0.0009179866380715215,0.0046983435434280445
warped,c1,0,16,2500.0,0.0001060144084489094,0.0008500189170199364,0.004356108993548591
warped,c1,0,32,1.0,0.3046249228676585,0.1427858266609231,1.018554056172274
warped,c1,0,32,100.0,0.0005339820636111001,0.003092041934281887,0.015994191735020535
warped,c1,0,32,200.0,0.0003949160307264981,0.0028026487657860626,0.014408159859656811
warped,c1,0,32,300.0,0.000339932624637874,0.0026917759078927406,0.013798812164101577
warped,c1,0,32,400.0,0.0003553870969317443,0.0024761847439263352,0.01273631081656342
warped,c1,0,32,500.0,0.00032932011806953806,0.00260787914222611,0.013368715829200087
warped,c1,0,32,600.0,0.0003366625126846686,0.0025523540907739194,0.013098432966554266
warped,c1,0,32,700.0,0.0003332087267472789,0.002492524937555497,0.012795833414524765
warped,c1,0,32,800.0,0.00029990694937741014,0.002223589842830821,0.011417856163531515
warped,c1,0,32,900.0,0.00025254407122952933,0.0019812335200858175,0.010158711671658617
warped,c1,0,32,1000.0,0.0002379492969951409,0.0017134104565853106,0.008805001579921694
warped,c1,0,32,1100.0,0.0002013416523163283,0.001387348313014852,0.007138083217390588
warped,c1,0,32,1200.0,0.00014794271894602964,0.0011773104400027235,0.006034494918959647
warped,c1,0,32,1300.0,0.00010699626011673955,0.0007859443868590924,0.0040367181944122015
warped,c1,0,32,1400.0,7.033101938505702e-05,0.0005211693417709679,0.002676177728239897
warped,c1,0,32,1500.0,4.384064510830439e-05,0.00033116598571869874,0.001699670573701798
warped,c1,0,32,1600.0,2.742285156788139e-05,0.00022606802552777177,0.0011577629792067401
warped,c1,0,32,1700.0,1.8897362159885708e-05,0.00017646596189725182,0.0009012271716461448
warped,c1,0,32,1800.0,1.6541327073232735e-05,0.000149722754162865,0.0007651550978875578
warped,c1,0,32,1900.0,1.4041494191129815e-05,0.0001320838839655409,0.0006744609140188344
warped,c1,0,32,2000.0,1.2273580986136476e-05,0.00011427574144335497,0.0005836522882029113
warped,c1,0,32,2100.0,1.0072626477226294e-05,0.00010156706128697772,0.0005179079329121149
warped,c1,0,32,2200.0,9.832054658885926e-06,0.00010855453337069469,0.0005526047215123593
warped,c1,0,32,2300.0,9.234862528009907e-06,9.624034104399658e-05,0.0004904365677479928
warped,c1,0,32,2400.0,8.454786787461395e-06,9.642284457872443e-05,0.0004905690096810836
warped,c1,0,32,2500.0,8.232382138465462e-06,9.006679955334838e-05,0.0004585663799052073
warped,c1,0,64,1.0,0.29893565445414055,0.14037484591389257,1.0008098840236035
warped,c1,0,64,100.0,0.0004036084742120068,0.0027568708379166807,0.01418796266379541
warped,c1,0,64,200.0,0.000348138161245443,0.002590253400603744,0.013299405164264163
warped,c1,0,64,300.0,0.0003662501510279461,0.002415127005037182,0.012441885176213856
warped,c1,0,64,400.0,0.0003272186909589008,0.002545810908817836,0.01305627323504808
warped,c1,0,64,500.0,0.0003548069139950066,0.0021558033388711056,0.011133823608350536
warped,c1,0,64,600.0,0.00019275918686408717,0.0013389020130701475,0.006887269252214825
warped,c1,0,64,700.0,8.577246300739263e-05,0.000764764125446335,0.003909593090239067
warped,c1,0,64,800.0,4.688647181156708e-05,0.00028081026414844085,0.0014509377925537713
warped,c1,0,64,900.0,1.270289423727859e-05,0.000101347366148871,0.0005194397249816337
warped,c1,0,64,1000.0,7.487891158603753e-06,6.258131222262838e-05,0.00032039445227174566
warped,c1,0,64,1100.0,5.960073676153738e-06,4.6193172727475426e-05,0.00023692593731353088
warped,c1,0,64,1200.0,4.951782198836623e-06,3.9832238687655145e-05,0.00020411297563711236
warped,c1,0,64,1300.0,3.464186701195269e-06,3.105085636121987e-05,0.0001587184685072946
warped,c1,0,64,1400.0,2.8133654406015234e-06,2.832349878380416e-05,0.00014443085935962233
warped,c1,0,64,1500.0,2.9661660556200974e-06,2.3645872596426754e-05,0.00012119552903775387
warped,c1,0,64,1600.0,2.0168634522161887e-06,2.289133756765641e-05,0.00011647355129049823
warped,c1,0,64,1700.0,1.8466724387592075e-06,2.1860575649370125e-05,0.00011114955068560984
warped,c1,0,64,1800.0,2.0990315642214376e-06,2.1166823475384975e-05,0.0001079331489411463
warped,c1,0,64,1900.0,1.6689204463585754e-06,1.890539649511474e-05,9.619590292193229e-05
warped,c1,0,64,2000.0,1.553318296577796e-06,1.802168140065957e-05,9.166172529987564e-05
warped,c1,0,64,2100.0,1.3577696140776977e-06,1.8557630671148845e-05,9.414592296982192e-05
warped,c1,0,64,2200.0,1.2849108666849026e-06,1.773227192964076e-05,8.994627051488871e-05
warped,c1,0,64,2300.0,1.2308055927458903e-06,1.646104037003958e-05,8.353600744294378e-05
warped,c1,0,64,2400.0,1.1983137495055593e-06,1.667702435762533e-05,8.45834355376322e-05
warped,c1,0,64,2500.0,1.134533998579222e-06,1.7673809991183916e-05,8.95035839544988e-05
warped,c1,0,128,1.0,0.24481566704215293,0.12020142266693684,0.8458227803768371
warped,c1,0,128,100.0,0.00039232672226977537,0.002761604483819875,0.014200349141369152
warped,c1,0,128,200.0,0.0004011696788902579,0.0026271182447770106,0.013536760902775311
warped,c1,0,128,300.0,0.00032113847437052826,0.002232479505403832,0.011483536001389688
warped,c1,0,128,400.0,0.00017461505653251078,0.0011014664214758576,0.005681947163911799
warped,c1,0,128,500.0,2.2632709381211266e-05,0.00012389926612745808,0.0006421290400185017
warped,c1,0,128,600.0,9.030610578768524e-06,5.930059873991402e-05,0.0003055336042783386
warped,c1,0,128,700.0,5.554797692637134e-06,3.9672314564352934e-05,0.0002039163705144018
warped,c1,0,128,800.0,3.268645927156085e-06,3.046585428254608e-05,0.0001555979173398865
warped,c1,0,128,900.0,4.625668883179592e-06,2.6336765514413574e-05,0.00013630949645524748
warped,c1,0,128,1000.0,3.763697566365437e-06,2.210010475547077e-05,0.00011426422134371929
warped,c1,0,128,1100.0,2.4965361351387483e-06,1.9900583414300434e-05,0.00010199945320664091
warped,c1,0,128,1200.0,2.4405538184966425e-06,1.79814195113466e-05,9.234765137522965e-05
warped,c1,0,128,1300.0,2.012384320928514e-06,1.6589000016895356e-05,8.495738440540529e-05
warped,c1,0,128,1400.0,1.6104825703309688e-06,1.5507401851774603e-05,7.914749182920398e-05
warped,c1,0,128,1500.0,1.307781060245693e-06,1.4851624028103729e-05,7.556590120076434e-05
warped,c1,0,128,1600.0,1.96038819040945e-06,1.3558395987476241e-05,6.975236812779065e-05
warped,c1,0,128,1700.0,1.5269836990451803e-06,1.3826663567750994e-05,7.066030153780015e-05
warped,c1,0,128,1800.0,1.084297666862142e-06,1.2765173901476922e-05,6.491016717424675e-05
warped,c1,0,128,1900.0,1.1964965945835433e-06,1.0909995746022366e-05,5.574647532469537e-05
warped,c1,0,128,2000.0,9.20866070833737e-07,1.1976770568937302e-05,6.080471891552025e-05
warped,c1,0,128,2100.0,7.932709623137996e-07,1.2103606486001093e-05,6.131130339231927e-05
warped,c1,0,128,2200.0,9.245248831558062e-07,1.1209936536138651e-05,5.6974207563849064e-05
warped,c1,0,128,2300.0,6.951895680275589e-07,1.1500561567550047e-05,5.8197997405777794e-05
warped,c1,0,128,2400.0,6.355582790318149e-07,1.0646974918858912e-05,5.3870432873326374e-05
warped,c1,0,128,2500.0,7.521941822587596e-07,1.1289009121784044e-05,5.719723979117898e-05
warped,c1,0,256,1.0,0.25692980737346544,0.12721671172733348,0.8930133660101329
warped,c1,0,256,100.0,0.00038768744473415706,0.0026374406348842992,0.013574890619155653
warped,c1,0,256,200.0,0.00032827036934177084,0.0018693272521255067,0.009674906629969305
warped,c1,0,256,300.0,2.8822310309125065e-05,0.00014237424616197968,0.0007406935411190235
warped,c1,0,256,400.0,1.837446679151491e-05,6.286580509515202e-05,0.000332703492267275
warped,c1,0,256,500.0,8.042121490515355e-06,3.780853860976025e-05,0.0001970848145393166
warped,c1,0,256,600.0,6.873089810281116e-06,3.0181833736680922e-05,0.0001577822584936857
warped,c1,0,256,700.0,9.768197753097335e-06,2.672784455976906e-05,0.00014340742055194263
warped,c1,0,256,800.0,6.654979354827915e-06,2.1079285099180567e-05,0.00011205140485073075
warped,c1,0,256,900.0,7.919634524925317e-06,1.7979325029363953e-05,9.781625967174508e-05
warped,c1,0,256,1000.0,5.2226708475459625e-06,1.5412148716909045e-05,8.228341443209118e-05
warped,c1,0,256,1100.0,6.321890788208381e-06,1.4172828541772042e-05,7.718603349706859e-05
warped,c1,0,256,1200.0,3.891240665383606e-06,1.1656455412543929e-05,6.217351772810326e-05
warped,c1,0,256,1300.0,2.928362277813003e-06,1.0422007066020794e-05,5.503839760791697e-05
warped,c1,0,256,1400.0,1.4443077190223162e-06,9.14325005376612e-06,4.716055798785292e-05
warped,c1,0,256,1500.0,1.526860557821356e-06,9.2284867739716e-06,4.766929442767936e-05
warped,c1,0,256,1600.0,9.599222358490415e-07,7.876857718690395e-06,4.034421082930102e-05
warped,c1,0,256,1700.0,1.441989000541784e-06,7.527120596732515e-06,3.907759198420436e-05
warped,c1,0,256,1800.0,9.834937840101334e-07,6.866083821070773e-06,3.5313912889363995e-05
warped,c1,0,256,1900.0,8.523577274627261e-07,6.635336511648699e-06,3.4029040285706224e-05
warped,c1,0,256,2000.0,6.342300333451255e-07,5.886587706633983e-06,3.006716856651504e-05
warped,c1,0,256,2100.0,5.369633404286287e-07,6.0337651090030215e-06,3.070578888544374e-05
warped,c1,0,256,2200.0,5.18081388742451e-07,5.531131759504543e-06,2.8173740186265165e-05
warped,c1,0,256,2300.0,4.1034945434514856e-07,5.520973883279222e-06,2.801521887074126e-05
warped,c1,0,256,2400.0,3.4732081185252987e-07,5.587261518005567e-06,2.8283628401880363e-05
warped,c1,0,256,2500.0,4.5720026653385724e-07,5.430346334575796e-06,2.7608931939412838e-05
warped,c1,1,4,1.0,0.25311629459369084,0.12254960901229117,0.8658643396551466
warped,c1,1,4,100.0,0.10200904133979079,0.05662253404835327,0.3851217115815571
warped,c1,1,4,200.0,0.0648624548006116,0.03664742717623501,0.24809959068178666
warped,c1,1,4,300.0,0.05362748208414076,0.03290960609083037,0.21817551253829262
warped,c1,1,4,400.0,0.003064699226343922,0.0067871748519420265,0.03700057348605405
warped,c1,1,4,500.0,0.0016095138393317544,0.005040277305714147,0.02681090036790249
warped,c1,1,4,600.0,0.0012762573969340302,0.004366683131689875,0.023109673055383403
warped,c1,1,4,700.0,0.0009638821403018212,0.004171862059392433,0.021823192437263987
warped,c1,1,4,800.0,0.0008075712404382373,0.0038275727769097345,0.01994543512498691
warped,c1,1,4,900.0,0.0006656771635714275,0.0036605716625925434,0.018968535476534144
warped,c1,1,4,1000.0,0.0006071298558853216,0.0035812881433913424,0.018513570572842034
warped,c1,1,4,1100.0,0.000566831025283391,0.0035011163874919416,0.018072412962743097
warped,c1,1,4,1200.0,0.0006048743192137539,0.003149239375693124,0.016351071197679375
warped,c1,1,4,1300.0,0.0005555287332297832,0.0035098050122097713,0.01810455379427864
warped,c1,1,4,1400.0,0.0005346022070821552,0.0032702315616014895,0.016885760015089603
warped,c1,1,4,1500.0,0.000513737949897207,0.0032943360244528895,0.016985418072161654
warped,c1,1,4,1600.0,0.0005515891184563234,0.003254074008248186,0.016821959159697253
warped,c1,1,4,1700.0,0.0005527535303136681,0.0031702127377132433,0.016403817218879884
warped,c1,1,4,1800.0,0.000529624068397414,0.0032190353366296012,0.01662480075154542
warped,c1,1,4,1900.0,0.0004826712037509729,0.0031101765885936873,0.01603355414671941
warped,c1,1,4,2000.0,0.0005046970160504203,0.0031445345632819103,0.01622736983245997
warped,c1,1,4,2100.0,0.0005265497418439161,0.0031847877026311817,0.016450488254999826
warped,c1,1,4,2200.0,0.0004820656871531363,0.003157762310338826,0.016270877238847268
warped,c1,1,4,2300.0,0.0004925304741203941,0.0032086859059772786,0.016535960004006787
warped,c1,1,4,2400.0,0.0005013873615817051,0.0030779313611954996,0.015891044167559203
warped,c1,1,4,2500.0,0.0005519733130307873,0.0029818318592534725,0.01546113260929815
warped,c1,1,8,1.0,0.2962773003853889,0.13138792872724162,0.953216944021597
warped,c1,1,8,100.0,0.016841970715147012,0.010872541761742592,0.07120467952385998
warped,c1,1,8,200.0,0.0008962018244320037,0.003899439643501887,0.02039340004194144
warped,c1,1,8,300.0,0.0005959877304995372,0.0035970901469412654,0.018581438465205866
warped,c1,1,8,400.0,0.0004940581486669516,0.0031803580664780066,0.016395848481056984
warped,c1,1,8,500.0,0.00046160657441742637,0.0029486335692065894,0.015204774420450373
warped,c1,1,8,600.0,0.0003894068897303299,0.002846975945565397,0.014624286617557315
warped,c1,1,8,700.0,0.0003697509301634685,0.0028837701309103424,0.014788601584715181
warped,c1,1,8,800.0,0.0003530220514670582,0.0027441091581095916,0.014073567842015015
warped,c1,1,8,900.0,0.0003655434928712012,0.0027148405348529684,0.013939746167136044
warped,c1,1,8,1000.0,0.00036069103578552814,0.002670206495216668,0.013711723511868869
warped,c1,1,8,1100.0,0.0003330844795869294,0.002677338188054786,0.013719775419860861
warped,c1,1,8,1200.0,0.00036622397346120243,0.0024577821905965246,0.012655134926443826
warped,c1,1,8,1300.0,0.00032499389192103837,0.00271685893354338,0.013909288559637939
warped,c1,1,8,1400.0,0.00035063169954501595,0.002578412834760242,0.013242695873346226
warped,c1,1,8,1500.0,0.0003206452139226735,0.002805806563531832,0.014349678031581834
warped,c1,1,8,1600.0,0.000338305751765323,0.0026112824094932465,0.013394717799231555
warped,c1,1,8,1700.0,0.0003186826551113508,0.002690996330670293,0.013773664308462816
warped,c1,1,8,1800.0,0.00033253701379676613,0.0025484073021639127,0.01307457352461633
warped,c1,1,8,1900.0,0.00031266776319857815,0.0027832500324408787,0.014228917925402972
warped,c1,1,8,2000.0,0.0003100261692822025,0.002722077547425925,0.013920413906411829
warped,c1,1,8,2100.0,0.00034364897837811155,0.002494404520023931,0.012815671578497766
warped,c1,1,8,2200.0,0.00030974981064291993,0.0027334905304578945,0.013977202462932393
warped,c1,1,8,2300.0,0.0003195268475054355,0.0026748919131054216,0.013693986413032544
warped,c1,1,8,2400.0,0.00031220139845170074,0.002663515286914155,0.013629777833022477
warped,c1,1,8,2500.0,0.0003247036444614616,0.002656377019981525,0.013606588744369087
warped,c1,1,16,1.0,0.29011622344039095,0.13584364163400128,0.9693344316103973
warped,c1,1,16,100.0,0.0006217266894990932,0.0034518139841421673,0.01788079661020993
warped,c1,1,16,200.0,0.0004513895656639842,0.002848224333020457,0.014692511230766269
warped,c1,1,16,300.0,0.00038139343547420704,0.0027760365828321636,0.014261576349635026
warped,c1,1,16,400.0,0.00034385709096570566,0.002775269864540429,0.01422020641366785
warped,c1,1,16,500.0,0.00031230546402157634,0.0028940903486905246,0.0147827572074742
warped,c1,1,16,600.0,0.00031504724295880465,0.0028414309112070432,0.01452220179899402
warped,c1,1,16,700.0,0.0003282981066105822,0.002608596151893535,0.013371278866078258
warped,c1,1,16,800.0,0.00033342184579921,0.00268415248919935,0.01375418429179596
warped,c1,1,16,900.0,0.0003367335105488498,0.002540279317528016,0.01303813009818893
warped,c1,1,16,1000.0,0.00033956198112242874,0.0025149677198334193,0.012914400580289524
warped,c1,1,16,1100.0,0.0003100761816923386,0.0026068719377951573,0.013344435870668126
warped,c1,1,16,1200.0,0.0003036428640040023,0.002735041707052538,0.013978851399266693
warped,c1,1,16,1300.0,0.0003051178245195931,0.0025653034677239114,0.01313163516313915
warped,c1,1,16,1400.0,0.0003042453833587427,0.0026029649359258166,0.013319070062987826
warped,c1,1,16,1500.0,0.0003168084223319428,0.002380053315906893,0.012217075001866407
warped,c1,1,16,1600.0,0.00029140285120609526,0.0025128728983530566,0.012855767342971378
warped,c1,1,16,1700.0,0.0002824507461605627,0.002393292166669944,0.012248911579510281
warped,c1,1,16,1800.0,0.00029292040097435475,0.0024745423725107112,0.012665632263527911
warped,c1,1,16,1900.0,0.000286453650146542,0.0023778549606901125,0.012175728453597105
warped,c1,1,16,2000.0,0.00029893574727753196,0.0021291291524924197,0.01094458150973963
warped,c1,1,16,2100.0,0.00026494336455454146,0.0024028450293364836,0.012279168511236959
warped,c1,1,16,2200.0,0.0002687004426705588,0.002210590870022049,0.011321654792780803
warped,c1,1,16,2300.0,0.0002633610282807117,0.002176983422824371,0.011148278142402566
warped,c1,1,16,2400.0,0.00026520051185687166,0.002157894199011109,0.011054671506912415
warped,c1,1,16,2500.0,0.0002531722372575794,0.00217260550102056,0.011116199742360378
warped,c1,1,32,1.0,0.26756058604064475,0.13205707927857038,0.9278459824334966
warped,c1,1,32,100.0,0.0004416772774933731,0.003021102761246191,0.015547191083724328
warped,c1,1,32,200.0,0.000372451979582601,0.0027495142528358996,0.0141200232437621
warped,c1,1,32,300.0,0.0003426059527449092,0.002751157826765082,0.01409839508657032
warped,c1,1,32,400.0,0.0003699511385729252,0.0026324923808387396,0.013532413042766624
warped,c1,1,32,500.0,0.0003399050407370165,0.002648009940724168,0.013579954744357857
warped,c1,1,32,600.0,0.0003185479034822057,0.002538851253950319,0.013012804173233802
warped,c1,1,32,700.0,0.0003419468271184703,0.0024550288593862533,0.012617091124049736
warped,c1,1,32,800.0,0.00032933567597361984,0.0024231932565848898,0.012445301958898067
warped,c1,1,32,900.0,0.0003173429765411479,0.0021965411489021573,0.011300048721051935
warped,c1,1,32,1000.0,0.00024325660804153828,0.0018940448570444618,0.009713480893263847
warped,c1,1,32,1100.0,0.00016702667142837145,0.001180459545752387,0.006069324400190306
warped,c1,1,32,1200.0,8.352755886728372e-05,0.000627847556811155,0.0032227653429230583
warped,c1,1,32,1300.0,5.032978722530906e-05,0.00035804310881965836,0.0018405453313236008
warped,c1,1,32,1400.0,3.060341243691857e-05,0.00023044035397421986,0.0011828051823080177
warped,c1,1,32,1500.0,2.3790881531157913e-05,0.00017270082151219778,0.0008872949890921469
warped,c1,1,32,1600.0,1.5351789540699773e-05,0.0001465893308147359,0.0007482984436143793
warped,c1,1,32,1700.0,1.3531196539252708e-05,0.00012734959746735913,0.0006502791838760484
warped,c1,1,32,1800.0,1.148309517279592e-05,0.00012083306638737525,0.0006156484271096722
warped,c1,1,32,1900.0,9.697135752431224e-06,0.00010341904558467087,0.0005267923636757856
warped,c1,1,32,2000.0,1.0151144163668037e-05,9.382889123755111e-05,0.0004792956003514236
warped,c1,1,32,2100.0,8.454295957055547e-06,0.00010026718836008502,0.0005097902377574807
warped,c1,1,32,2200.0,7.67507737194475e-06,9.49487954175683e-05,0.0004824190544597863
warped,c1,1,32,2300.0,7.503145434047671e-06,8.704703764167567e-05,0.00044273833364242605
warped,c1,1,32,2400.0,7.725436204324217e-06,8.966752543469058e-05,0.00045606306337777713
warped,c1,1,32,2500.0,6.981016876446857e-06,8.607970588289226e-05,0.00043737954629090813
warped,c1,1,64,1.0,0.26279303996660613,0.13065679313607378,0.9160770056469751
warped,c1,1,64,100.0,0.00039277661018943745,0.002649451362341784,0.013640033421898358
warped,c1,1,64,200.0,0.0003504677981439397,0.0025827232182055364,0.013264083889171621
warped,c1,1,64,300.0,0.000333908773979118,0.00259818454856064,0.013324831516782317
warped,c1,1,64,400.0,0.0003777696825225971,0.002620785474780044,0.013481697056422817
warped,c1,1,64,500.0,0.00030232877457039153,0.002372089255163298,0.012162775050386881
warped,c1,1,64,600.0,0.00022611067759948416,0.001429683238005056,0.007374526867624764
warped,c1,1,64,700.0,8.385050316434495e-05,0.0005332852118003591,0.0027502765621661407
warped,c1,1,64,800.0,2.469027691975847e-05,0.000192679451320746,0.0009880875335234885
warped,c1,1,64,900.0,1.1260786467209302e-05,9.33465484742993e-05,0.0004779935288387058
warped,c1,1,64,1000.0,6.753915113083366e-06,6.162645278994262e-05,0.0003148861790627965
warped,c1,1,64,1100.0,5.429294604000326e-06,4.531036414076553e-05,0.000231981115307828
warped,c1,1,64,1200.0,4.277574614953001e-06,4.18185592143943e-05,0.00021337037068692449
warped,c1,1,64,1300.0,3.6394457510747256e-06,3.324343004670979e-05,0.00016985659598462368
warped,c1,1,64,1400.0,3.0519289209338414e-06,2.999181310607888e-05,0.00015301099445132825
warped,c1,1,64,1500.0,2.6111333259236716e-06,2.749337060070673e-05,0.00014007798632945733
warped,c1,1,64,1600.0,2.4620366358633645e-06,2.32773547942661e-05,0.00011884881060719386
warped,c1,1,64,1700.0,2.201986081588119e-06,2.3154405435291682e-05,0.00011797401325804652
warped,c1,1,64,1800.0,1.7118359916947926e-06,2.2876222741336347e-05,0.00011609294969837654
warped,c1,1,64,1900.0,1.6758807512073328e-06,2.1665129893354522e-05,0.00011000153021797995
warped,c1,1,64,2000.0,1.9228162262303644e-06,1.9683277381537296e-05,0.00010033920313391685
warped,c1,1,64,2100.0,1.6728728580065674e-06,2.073066645242679e-05,0.00010532620512014052
warped,c1,1,64,2200.0,1.6165783366550867e-06,1.989895717316906e-05,0.00010111136420250038
warped,c1,1,64,2300.0,1.4122636969656038e-06,1.9037106257928764e-05,9.659779498660943e-05
warped,c1,1,64,2400.0,1.298153903601473e-06,1.9743095606465508e-05,0.00010001363193592902
warped,c1,1,64,2500.0,1.3638798042400373e-06,1.850603924362085e-05,9.389407602234428e-05
warped,c1,1,128,1.0,0.27418670776292625,0.1356253226181451,0.9523133208536518
warped,c1,1,128,100.0,0.00034552523620440256,0.002788984692986845,0.014290448701138627
warped,c1,1,128,200.0,0.0003789414044626149,0.0026774398279865042,0.013766140544395136
warped,c1,1,128,300.0,0.0003499213774706517,0.00228398117953442,0.01176982727514275
warped,c1,1,128,400.0,0.00017648598582551886,0.0010534018453309773,0.005443495212480406
warped,c1,1,128,500.0,3.187569552985186e-05,0.00023797055705573582,0.0012217284808085308
warped,c1,1,128,600.0,1.1742861046990722e-05,9.714127023211998e-05,0.0004974492122075905
warped,c1,1,128,700.0,8.658482894149752e-06,5.46962925932812e-05,0.0002821399458605557
warped,c1,1,128,800.0,6.177937299155735e-06,4.187297918392777e-05,0.00021554283321879457
warped,c1,1,128,900.0,4.696527188475444e-06,3.0071508946984506e-05,0.00015505407192339797
warped,c1,1,128,1000.0,3.850120012289619e-06,2.648503968794905e-05,0.00013627531845203486
warped,c1,1,128,1100.0,3.5115588274571596e-06,2.3175457437020806e-05,0.00011938884601256118
warped,c1,1,128,1200.0,3.015661863671963e-06,2.052164401382057e-05,0.00010562388193277482
warped,c1,1,128,1300.0,2.5098451195705245e-06,1.8163311783353416e-05,9.332640403633761e-05
warped,c1,1,128,1400.0,1.7665120442215574e-06,1.6315522954758055e-05,8.334412681801183e-05
warped,c1,1,128,1500.0,2.034539558079935e-06,1.585379243238306e-05,8.130350171999524e-05
warped,c1,1,128,1600.0,1.7745794383042969e-06,1.4382448095851274e-05,7.368681991756066e-05
warped,c1,1,128,1700.0,1.626337079913773e-06,1.3747768980513066e-05,7.03651819824791e-05
warped,c1,1,128,1800.0,1.1020621755632743e-06,1.249986235022383e-05,6.360137392668243e-05
warped,c1,1,128,1900.0,1.071713222354607e-06,1.2272769754977087e-05,6.243556199724004e-05
warped,c1,1,128,2000.0,1.0411231100660394e-06,1.2505132871193836e-05,6.356678746603522e-05
warped,c1,1,128,2100.0,9.575596936376423e-07,1.1833597228345058e-05,6.0125545835362936e-05
warped,c1,1,128,2200.0,7.618398164282468e-07,1.2211387484582922e-05,6.181877723934286e-05
warped,c1,1,128,2300.0,6.827750753035766e-07,1.1399955433319875e-05,5.768255224190295e-05
warped,c1,1,128,2400.0,7.239444433365178e-07,1.109865449962177e-05,5.621721694144537e-05
warped,c1,1,128,2500.0,7.009806704526147e-07,1.12450874180114e-05,5.692641776050961e-05
warped,c1,1,256,1.0,0.23178747354142373,0.11656616837645195,0.8146183154236835
warped,c1,1,256,100.0,0.0003839796806544171,0.002728895182070865,0.014028455591008744
warped,c1,1,256,200.0,0.0002689533059543093,0.0015248463556469534,0.007893185084189076
warped,c1,1,256,300.0,1.7931290506591735e-05,0.00013421153032314113,0.0006889889421222975
warped,c1,1,256,400.0,8.763675294661589e-06,5.7881230676643914e-05,0.00029816982867788113
warped,c1,1,256,500.0,8.082269794523578e-06,3.953223199096086e-05,0.00020574342974932788
warped,c1,1,256,600.0,4.4509463332077995e-06,2.7142917783331567e-05,0.00014016553524986563
warped,c1,1,256,700.0,5.556501686796586e-06,2.097279623372908e-05,0.000110420482855442
warped,c1,1,256,800.0,3.6111095710750104e-06,1.8402087081335013e-05,9.562154497775007e-05
warped,c1,1,256,900.0,3.5392753620926408e-06,1.514861112889731e-05,7.928233100657919e-05
warped,c1,1,256,1000.0,4.321406656586059e-06,1.448517774521125e-05,7.674729538264231e-05
warped,c1,1,256,1100.0,3.9669799138832535e-06,1.241635150198786e-05,6.604873742382256e-05
warped,c1,1,256,1200.0,3.0091679417691233e-06,1.1259831538064818e-05,5.930832563209322e-05
warped,c1,1,256,1300.0,2.2208128856260535e-06,1.0214924310349113e-05,5.329543443737162e-05
warped,c1,1,256,1400.0,2.6810466436094594e-06,9.833743329613594e-06,5.184976329167743e-05
warped,c1,1,256,1500.0,1.3414491332164e-06,9.10709988617157e-06,4.6876948564074256e-05
warped,c1,1,256,1600.0,1.7655833713372474e-06,8.672282011183136e-06,4.512699342725293e-05
warped,c1,1,256,1700.0,1.0244365755745038e-06,7.787468191969403e-06,3.996177753542152e-05
warped,c1,1,256,1800.0,1.0234870446054653e-06,7.82744196406715e-06,4.0160696864941215e-05
warped,c1,1,256,1900.0,9.110117163888313e-07,7.250630328392269e-06,3.7164163358350175e-05
warped,c1,1,256,2000.0,9.046750493121519e-07,6.965676615685539e-06,3.573305812773985e-05
warped,c1,1,256,2100.0,4.813695377428005e-07,7.048718699028422e-06,3.572496303288491e-05
warped,c1,1,256,2200.0,5.913913853625329e-07,6.513464848401969e-06,3.315871562737237e-05
warped,c1,1,256,2300.0,5.343219191888636e-07,6.60606680638523e-06,3.356465595111501e-05
warped,c1,1,256,2400.0,3.9683136980624776e-07,6.286094310229097e-06,3.1827302920951735e-05
warped,c1,1,256,2500.0,4.700412722281206e-07,6.418729171881793e-06,3.2563687131637084e-05
warped,c1,2,4,1.0,0.4145382254560099,0.1848117396443056,1.338596923677538
warped,c1,2,4,100.0,0.15976307252303087,0.0854775714723879,0.5871509298849703
warped,c1,2,4,200.0,0.09679390358198414,0.053566206076219786,0.36462493396308304
warped,c1,2,4,300.0,0.06448146056974158,0.038799116068652134,0.2584770409130023
warped,c1,2,4,400.0,0.061471255191315625,0.03567627182070923,0.2398526142948618
warped,c1,2,4,500.0,0.06797731634127552,0.033994589889330566,0.23795026578792836
warped,c1,2,4,600.0,0.05884470442161149,0.03150696299388351,0.21637951939102903
warped,c1,2,4,700.0,0.006653075568885248,0.00939236998433224,0.053614925490546445
warped,c1,2,4,800.0,0.0022122530232063183,0.006269495552322806,0.03355973078482035
warped,c1,2,4,900.0,0.001366517199620908,0.004976417864341236,0.026248606521327086
warped,c1,2,4,1000.0,0.0010837207123887379,0.0045436311605752955,0.023801876515265216
warped,c1,2,4,1100.0,0.000982807668103313,0.00396430759582627,0.020804345647234664
warped,c1,2,4,1200.0,0.0008930516232147452,0.0038175361909401823,0.019980732577915657
warped,c1,2,4,1300.0,0.0007674112174105736,0.0035381057222114445,0.018457939828467797
warped,c1,2,4,1400.0,0.0007120155593594436,0.0035958814293441375,0.01869142270608013
warped,c1,2,4,1500.0,0.0006431418285400039,0.003453595212097586,0.017911117889027932
warped,c1,2,4,1600.0,0.0006237003057025817,0.0035069880527399794,0.01815864056940248
warped,c1,2,4,1700.0,0.0005445517229374372,0.00332540330158492,0.017171568230862036
warped,c1,2,4,1800.0,0.0005869981755612578,0.0032902620791278505,0.017038308571200513
warped,c1,2,4,1900.0,0.0005486423498102198,0.0032780296344152083,0.016938790521886262
warped,c1,2,4,2000.0,0.0005566504489907487,0.0032518740142780914,0.016816020520381208
warped,c1,2,4,2100.0,0.0005886977361233025,0.0032071978843345966,0.016624687157796286
warped,c1,2,4,2200.0,0.0005424853273063937,0.003213895180609865,0.01661196123035572
warped,c1,2,4,2300.0,0.0005226193025340364,0.003193696697169583,0.016491102788381954
warped,c1,2,4,2400.0,0.0005251939046313474,0.0033047223996881064,0.01704880590307188
warped,c1,2,4,2500.0,0.0005337849757722045,0.003044386475467635,0.01575571735311038
warped,c1,2,8,1.0,0.2882040061189084,0.12403721421784604,0.9083900772081386
warped,c1,2,8,100.0,0.004939395196295877,0.007809175346792467,0.04398527193025821
warped,c1,2,8,200.0,0.0010551655981978602,0.004148024735669517,0.021795289276545445
warped,c1,2,8,300.0,0.0006986591371114587,0.00336997338468059,0.017548526060514408
warped,c1,2,8,400.0,0.0005199633981843294,0.0031855603066587453,0.016447764931478058
warped,c1,2,8,500.0,0.00043829943529724076,0.003091914765865197,0.015897873264623226
warped,c1,2,8,600.0,0.0004294572997961231,0.002565171009331055,0.013255312346451397
warped,c1,2,8,700.0,0.0003886973791912989,0.0026867234471301565,0.01382231461484208
warped,c1,2,8,800.0,0.0003629255567595008,0.002727372616866064,0.013999788641089821
warped,c1,2,8,900.0,0.00036655868047363323,0.002647748517251794,0.013605301266732603
warped,c1,2,8,1000.0,0.00034533813244143645,0.0026464921956789213,0.013577799110836043
warped,c1,2,8,1100.0,0.00035620141192307394,0.0025941347230838806,0.013326875027342477
warped,c1,2,8,1200.0,0.00033894057057527,0.002582969200569841,0.013253786573424476
warped,c1,2,8,1300.0,0.00035091669477140046,0.0025836068224085657,0.013268950806814228
warped,c1,2,8,1400.0,0.00034983299299315836,0.002504478770137032,0.012872226843678317
warped,c1,2,8,1500.0,0.00034119899110573467,0.0027235663483888783,0.013959030733050127
warped,c1,2,8,1600.0,0.0003158850498470727,0.0026689060868728943,0.013660415484211545
warped,c1,2,8,1700.0,0.00031970532058516474,0.0026693622104306193,0.01366651637273826
warped,c1,2,8,1800.0,0.00032982128408223484,0.0025761157786592073,0.01321040017737827
warped,c1,2,8,1900.0,0.0003047365112775456,0.0027220294581359957,0.013914883801957524
warped,c1,2,8,2000.0,0.0003034501359473478,0.0026108114399634405,0.01335750733576455
warped,c1,2,8,2100.0,0.0003182164440312982,0.0025557673035235123,0.01309705296164886
warped,c1,2,8,2200.0,0.00031112445485797493,0.002574421401587226,0.013183231462794105
warped,c1,2,8,2300.0,0.0003074422469545043,0.0025935094654267743,0.013274989574088375
warped,c1,2,8,2400.0,0.00030697862593288356,0.0026400468942501393,0.01350721309718358
warped,c1,2,8,2500.0,0.00030993954696754256,0.002577606107721572,0.013197970085575404
warped,c1,2,16,1.0,0.261449492371831,0.12733685352428215,0.8981337599932417
warped,c1,2,16,100.0,0.0007782597042810777,0.0037825499164729093,0.019691009286645623
warped,c1,2,16,200.0,0.0004519462716669464,0.0030279842094329706,0.015591867318831798
warped,c1,2,16,300.0,0.000373807043281659,0.0027918167707695965,0.014332890897129642
warped,c1,2,16,400.0,0.00034634540054811477,0.0027355702675856877,0.014024196738476553
warped,c1,2,16,500.0,0.00034845588868592645,0.0025998741676129373,0.013347826726750613
warped,c1,2,16,600.0,0.0003408650634033086,0.0025920365819193814,0.013301047973000215
warped,c1,2,16,700.0,0.00030657340422472176,0.0026951137843724267,0.013782142326086856
warped,c1,2,16,800.0,0.00030020463565534687,0.00274607490585233,0.014030579164916996
warped,c1,2,16,900.0,0.0003208661285958455,0.0024648456280333374,0.012645094268762532
warped,c1,2,16,1000.0,0.0003156040726545204,0.0024164680213629333,0.012397944179469187
warped,c1,2,16,1100.0,0.00029869040863977144,0.0024093638178939066,0.012345509498109305
warped,c1,2,16,1200.0,0.00028517201192777337,0.0023217530879945086,0.011893937451900316
warped,c1,2,16,1300.0,0.00028810891264457864,0.0020990091215754413,0.010783154520521785
warped,c1,2,16,1400.0,0.00026746931127707686,0.001982122640665399,0.010178082514604071
warped,c1,2,16,1500.0,0.0002394646511627022,0.0017963738510312953,0.009221333906319178
warped,c1,2,16,1600.0,0.0002074789429268095,0.0016850411883366976,0.008632684884610298
warped,c1,2,16,1700.0,0.00019440435698524024,0.0015881619246769843,0.008135213980370162
warped,c1,2,16,1800.0,0.0001909083716773347,0.0013856791991118296,0.0071193043672364825
warped,c1,2,16,1900.0,0.00016480778094449115,0.0013510279389702701,0.006919947475795841
warped,c1,2,16,2000.0,0.00016656837963949743,0.0012299050283190204,0.0063160935212346
warped,c1,2,16,2100.0,0.00015480793612738386,0.0011253311597176129,0.005781463734715448
warped,c1,2,16,2200.0,0.00012162096747811084,0.001136177680082751,0.005802509367891865
warped,c1,2,16,2300.0,0.00013354140675173664,0.0010218869547046195,0.005242976180274834
warped,c1,2,16,2400.0,0.00012696002002262935,0.0010001972780879333,0.005127946410462296
warped,c1,2,16,2500.0,0.00012936930936908035,0.0009726860908704195,0.004992799763721178
warped,c1,2,32,1.0,0.29945780049718707,0.14117617192528478,1.005338660123611
warped,c1,2,32,100.0,0.00047397052307706044,0.0030241075063845786,0.015594508054999952
warped,c1,2,32,200.0,0.00039271493258800314,0.002794942648591904,0.014367428175547524
warped,c1,2,32,300.0,0.00035337538133634023,0.0026834365571190475,0.013770558166931578
warped,c1,2,32,400.0,0.0003428560982286187,0.0026312435233608786,0.013499073715033012
warped,c1,2,32,500.0,0.000330455530147489,0.0025886437092862914,0.013273674076578946
warped,c1,2,32,600.0,0.00033162178087182476,0.002435832600818861,0.012510784784966129
warped,c1,2,32,700.0,0.0003462248827048083,0.0024964631001264423,0.01282854038333702
warped,c1,2,32,800.0,0.00027015114467904256,0.0021509365358476466,0.011024833823917276
warped,c1,2,32,900.0,0.00022953642741859113,0.0016477583524295387,0.008468328189566285
warped,c1,2,32,1000.0,0.00017984903775663456,0.00145130759271326,0.007436387001322935
warped,c1,2,32,1100.0,0.00015205148297711053,0.0011010375721317448,0.005657239343635835
warped,c1,2,32,1200.0,8.448845473256612e-05,0.000672407298354521,0.003446524946505171
warped,c1,2,32,1300.0,5.290325290850807e-05,0.00041511714352864237,0.0021284889705517197
warped,c1,2,32,1400.0,3.4798583618607734e-05,0.00025787001176365423,0.001324148642436879
warped,c1,2,32,1500.0,2.258355696247982e-05,0.00016866210222945977,0.0008658940681097786
warped,c1,2,32,1600.0,1.6507074421453896e-05,0.0001276534343165395,0.0006547742460041514
warped,c1,2,32,1700.0,1.3238734968413518e-05,0.00011407166108912165,0.0005835970404140218
warped,c1,2,32,1800.0,1.0835029698616798e-05,9.493319099299886e-05,0.0004855009846636111
warped,c1,2,32,1900.0,9.220802866193312e-06,8.930474217837233e-05,0.000455744513758055
warped,c1,2,32,2000.0,8.215987803923355e-06,8.630750375913337e-05,0.00043975350659959016
warped,c1,2,32,2100.0,7.81258784850458e-06,8.193618207954015e-05,0.0004174934982462053
warped,c1,2,32,2200.0,7.065702199107994e-06,7.88148802206309e-05,0.0004011401033022625
warped,c1,2,32,2300.0,6.8246569054674715e-06,7.520975326594637e-05,0.0003828734232351993
warped,c1,2,32,2400.0,7.230238789817819e-06,7.327018824839983e-05,0.000373581180031817
warped,c1,2,32,2500.0,6.310252231430454e-06,7.165070730273963e-05,0.0003645637887451286
warped,c1,2,64,1.0,0.27298753212304905,0.13579564282749793,0.9519657462605386
warped,c1,2,64,100.0,0.0003529094360725887,0.002849629829142866,0.014601058581786919
warped,c1,2,64,200.0,0.00036370849941415084,0.0026915321667160728,0.013821369332994516
warped,c1,2,64,300.0,0.00032939085367270196,0.0026834913359663286,0.013746847533504346
warped,c1,2,64,400.0,0.00034707079128540346,0.0025904484077643166,0.013299312830106987
warped,c1,2,64,500.0,0.00032301373094708815,0.0026037116333696357,0.013341571897795267
warped,c1,2,64,600.0,0.0002883176928700533,0.002011501743082341,0.010345826408281758
warped,c1,2,64,700.0,0.00015581125220244394,0.0009012296857098357,0.004661959680751623
warped,c1,2,64,800.0,3.6965745637725394e-05,0.00021630530270963633,0.001118492259185907
warped,c1,2,64,900.0,1.6337272009486444e-05,0.00012042440297068769,0.0006184592868629249
warped,c1,2,64,1000.0,9.162679259508635e-06,7.373595622896061e-05,0.00037784246040431166
warped,c1,2,64,1100.0,6.4335720501375875e-06,5.4535286483044724e-05,0.0002791100044653612
warped,c1,2,64,1200.0,5.68116293530681e-06,4.137091385211542e-05,0.00021253573219588392
warped,c1,2,64,1300.0,4.358285437703131e-06,3.530343506325762e-05,0.00018087546075399124
warped,c1,2,64,1400.0,3.4909052824054003e-06,3.295774803344505e-05,0.00016827964544963064
warped,c1,2,64,1500.0,3.173239470664141e-06,2.7626092312171788e-05,0.00014130370103152307
warped,c1,2,64,1600.0,2.401125128397216e-06,2.551880869574789e-05,0.00012999516860713668
warped,c1,2,64,1700.0,2.260475666116642e-06,2.4499413686925794e-05,0.00012475754410074563
warped,c1,2,64,1800.0,1.976874495105296e-06,2.1289349437844968e-05,0.00010842362168433014
warped,c1,2,64,1900.0,2.0040367456993638e-06,2.1408864592431905e-05,0.0001090483597078589
warped,c1,2,64,2000.0,1.6206934948199018e-06,1.975766261426696e-05,0.0001004090065661547
warped,c1,2,64,2100.0,1.5665767790264917e-06,1.9463340902347058e-05,9.888328129076178e-05
warped,c1,2,64,2200.0,1.6103273042327397e-06,1.9505849242575995e-05,9.913957351711272e-05
warped,c1,2,64,2300.0,1.4524025419040572e-06,1.9479525925748956e-05,9.885003217064883e-05
warped,c1,2,64,2400.0,1.3173194991038386e-06,1.9551956921576307e-05,9.907710410698538e-05
warped,c1,2,64,2500.0,1.3134380463811885e-06,1.8162846631090823e-05,9.212767120183529e-05
warped,c1,2,128,1.0,0.24438229597876893,0.12153272618468296,0.8520459269021837
warped,c1,2,128,100.0,0.0003411046757556165,0.002741416986521272,0.014048189608361978
warped,c1,2,128,200.0,0.000389987193270164,0.002574951768428563,0.013264746035412979
warped,c1,2,128,300.0,0.0003049248737195571,0.0017896347924774673,0.009253098836106893
warped,c1,2,128,400.0,0.00011598736230393444,0.000748070780175113,0.003856341263179499
warped,c1,2,128,500.0,2.2895164272386536e-05,0.0001595695950732649,0.000820743139638711
warped,c1,2,128,600.0,9.581493282513529e-06,7.599942529736842e-05,0.00038957861976935564
warped,c1,2,128,700.0,6.51431507454367e-06,4.6843058273489257e-05,0.00024072960644198993
warped,c1,2,128,800.0,4.964229689947192e-06,3.1510682238815383e-05,0.00016251764088402412
warped,c1,2,128,900.0,4.884379173572555e-06,2.553289221183154e-05,0.00013254884023273025
warped,c1,2,128,1000.0,2.8396379881337444e-06,2.1452359246157467e-05,0.00011010143421892108
warped,c1,2,128,1100.0,2.50679785194528e-06,1.952050820828289e-05,0.00010010933889335973
warped,c1,2,128,1200.0,2.1907781939904884e-06,1.6228800061856674e-05,8.333477850327386e-05
warped,c1,2,128,1300.0,1.6053256410631843e-06,1.5147351176571168e-05,7.734208152391902e-05
warped,c1,2,128,1400.0,1.4619757898307664e-06,1.3732352084835121e-05,7.012373621400638e-05
warped,c1,2,128,1500.0,1.1786102050452092e-06,1.298542977284365e-05,6.610575906926345e-05
warped,c1,2,128,1600.0,1.269980901140588e-06,1.2721942069975776e-05,6.487969125101948e-05
warped,c1,2,128,1700.0,1.2585519156939246e-06,1.1146986408087166e-05,5.699348395612976e-05
warped,c1,2,128,1800.0,1.0335469544366616e-06,1.061873548945402e-05,5.412722440170676e-05
warped,c1,2,128,1900.0,1.1570673733384708e-06,1.1144391842640063e-05,5.6879026586538786e-05
warped,c1,2,128,2000.0,8.561952196863614e-07,1.0131596967761013e-05,5.151418005849143e-05
warped,c1,2,128,2100.0,8.967803070989561e-07,1.1158615290105579e-05,5.668985675762685e-05
warped,c1,2,128,2200.0,6.125920585651638e-07,1.0019752708656587e-05,5.07113556018481e-05
warped,c1,2,128,2300.0,5.713047930546157e-07,9.776907585496128e-06,4.9455842720535255e-05
warped,c1,2,128,2400.0,6.298093745667131e-07,9.173581893926837e-06,4.64977188442009e-05
warped,c1,2,128,2500.0,6.524112959899263e-07,9.679306579410208e-06,4.904894419304097e-05
warped,c1,2,256,1.0,0.27168468721192385,0.13769827062759302,0.9601760403498889
warped,c1,2,256,100.0,0.0004175438796029087,0.0027159640308175143,0.013997364033690481
warped,c1,2,256,200.0,0.0003631914437914379,0.0022904567058811454,0.011815474973197165
warped,c1,2,256,300.0,4.1646899179285284e-05,0.00025096759918007844,0.0012964848950796774
warped,c1,2,256,400.0,1.2026203660925548e-05,8.215862026668549e-05,0.00042281930499435297
warped,c1,2,256,500.0,1.0005174747599522e-05,5.0296542588966054e-05,0.0002614878876924298
warped,c1,2,256,600.0,8.38670938262615e-06,4.0246754875660015e-05,0.00020962048376092622
warped,c1,2,256,700.0,6.15000007788178e-06,2.959756504500006e-05,0.00015413782530288207
warped,c1,2,256,800.0,5.271819497810982e-06,2.4961951563977293e-05,0.00013008157731769744
warped,c1,2,256,900.0,4.528435730064106e-06,2.0799131762974424e-05,0.00010852409454493623
warped,c1,2,256,1000.0,2.3769475677755175e-06,1.824583821491132e-05,9.360613864233212e-05
warped,c1,2,256,1100.0,2.6977121603478808e-06,1.701963646522106e-05,8.779589448645318e-05
warped,c1,2,256,1200.0,3.6618315117098296e-06,1.617709196650229e-05,8.454729134422128e-05
warped,c1,2,256,1300.0,2.564538310510675e-06,1.4817853840799073e-05,7.665380751450604e-05
warped,c1,2,256,1400.0,1.6898576692743804e-06,1.4095828245019252e-05,7.216899889437064e-05
warped,c1,2,256,1500.0,3.408857846255375e-06,1.3708925353739196e-05,7.195348461495135e-05
warped,c1,2,256,1600.0,1.2795970344150536e-06,1.2051319087366769e-05,6.15361924712489e-05
warped,c1,2,256,1700.0,1.2386461532339991e-06,1.1220564242705279e-05,5.734146736676039e-05
warped,c1,2,256,1800.0,1.318420996355335e-06,1.0863993311800951e-05,5.563838755536009e-05
warped,c1,2,256,1900.0,1.0751692074718277e-06,1.0093147266028966e-05,5.154090553761666e-05
warped,c1,2,256,2000.0,7.361497634724833e-07,9.750335311709119e-06,4.9487826322018076e-05
warped,c1,2,256,2100.0,7.034516388171504e-07,9.524777314337148e-06,4.832733821050289e-05
warped,c1,2,256,2200.0,6.285185892900313e-07,9.559059433366256e-06,4.842381575612131e-05
warped,c1,2,256,2300.0,6.704024046680847e-07,9.599030163302172e-06,4.866555322117894e-05
warped,c1,2,256,2400.0,6.631258077826232e-07,9.194127243139814e-06,4.6633762023481695e-05
warped,c1,2,256,2500.0,6.228713531492199e-07,9.164374732266116e-06,4.64447450144798e-05
