model,true_so3_distance,learned_distance
r3_gw,0.7135628461837769,0.1648164987564087
r3_gw,0.783355712890625,0.679648220539093
r3_gw,0.763468325138092,0.2869819104671478
r3_gw,0.6109055876731873,0.5373230576515198
r3_gw,0.7421645522117615,0.5518104434013367
r3_gw,0.585835337638855,0.4949078857898712
r3_gw,0.3922331929206848,0.4469009041786194
r3_gw,0.6919351816177368,0.5307261347770691
r3_gw,0.8027657866477966,0.6960779428482056
r3_gw,0.695685088634491,0.6781110167503357
r3_gw,0.6195323467254639,0.4838079512119293
r3_gw,0.5024518966674805,0.5162363052368164
r3_gw,0.6469917297363281,0.4057259261608124
r3_gw,0.9556753635406494,0.6328706741333008
r3_gw,0.7962943315505981,0.5873784422874451
r3_gw,0.6006196737289429,0.47964605689048767
r3_gw,0.5582352876663208,0.38226118683815
r3_gw,0.5535376667976379,0.5542389154434204
r3_gw,0.7093039155006409,0.2727591097354889
r3_gw,0.17650699615478516,0.10762319713830948
r3_gw,0.6725391745567322,0.6238634586334229
r3_gw,0.7534969449043274,0.474310040473938
r3_gw,0.49643585085868835,0.4944155216217041
r3_gw,0.29236945509910583,0.12448423355817795
r3_gw,0.7654718160629272,0.17792528867721558
r3_gw,0.8170585632324219,0.5849484205245972
r3_gw,0.7324921488761902,0.6576518416404724
r3_gw,0.3824852406978607,0.03790946304798126
r3_gw,0.9063352942466736,0.6322008967399597
r3_gw,0.9617192149162292,0.5252454280853271
r3_gw,0.9298309087753296,0.6811445355415344
r3_gw,0.8570559024810791,0.6569223999977112
r3_gw,0.22202454507350922,0.4015859067440033
r3_gw,0.4496062099933624,0.5178220272064209
r3_gw,0.42865264415740967,0.43426650762557983
r3_gw,0.43863874673843384,0.31140416860580444
r3_gw,0.6641886830329895,0.6674501895904541
r3_gw,0.5340191125869751,0.6562890410423279
r3_gw,0.36278772354125977,0.31470516324043274
r3_gw,0.8413916826248169,0.19506940245628357
r3_gw,0.5698906183242798,0.4463852345943451
r3_gw,0.7154607772827148,0.6598389744758606
r3_gw,0.9591467380523682,0.7790535688400269
r3_gw,0.6963393092155457,0.6152746677398682
r3_gw,0.5436750650405884,0.4932669997215271
r3_gw,0.10829408466815948,0.2148260623216629
r3_gw,0.5368691086769104,0.5075802803039551
r3_gw,0.7984021306037903,0.7479029297828674
r3_gw,0.8860962986946106,0.5049736499786377
r3_gw,0.757764458656311,0.5425227284431458
r3_gw,0.9211871027946472,0.641880214214325
r3_gw,0.7747507691383362,0.632551372051239
r3_gw,0.7689546942710876,0.6105126142501831
r3_gw,0.5018483400344849,0.062922403216362
r3_gw,0.525671124458313,0.43788835406303406
r3_gw,0.6138419508934021,0.4002910554409027
r3_gw,0.6922621130943298,0.09805881232023239
r3_gw,0.4621291756629944,0.4058297872543335
r3_gw,0.8327142000198364,0.27815327048301697
r3_gw,0.5695978999137878,0.3901432156562805
r3_gw,0.8137193322181702,0.6572020649909973
r3_gw,0.9728494882583618,0.738800048828125
r3_gw,0.8893343210220337,0.5323310494422913
r3_gw,0.5371436476707458,0.3933643400669098
r3_gw,0.8480097651481628,0.4929753541946411
r3_gw,0.8990778923034668,0.6715245246887207
r3_gw,0.9142752289772034,0.7841430902481079
r3_gw,0.800083577632904,0.3949032723903656
r3_gw,0.6906952857971191,0.5814014077186584
r3_gw,0.6726380586624146,0.44328996539115906
r3_gw,0.5775377750396729,0.414385050535202
r3_gw,0.30921074748039246,0.18824587762355804
r3_gw,0.6006442904472351,0.07309895008802414
r3_gw,0.41114094853401184,0.42899367213249207
r3_gw,0.5954625010490417,0.46770063042640686
r3_gw,0.9247559905052185,0.04393830522894859
r3_gw,0.9170621633529663,0.6059830784797668
r3_gw,0.6609780788421631,0.44409671425819397
r3_gw,0.7653741240501404,0.6507256627082825
r3_gw,0.8961671590805054,0.6460293531417847
r3_gw,0.14523932337760925,0.02937222458422184
r3_gw,0.836991548538208,0.6978198289871216
r3_gw,0.7466792464256287,0.11322958767414093
r3_gw,0.2692636251449585,0.3260803520679474
r3_gw,0.4938224256038666,0.22689077258110046
r3_gw,0.839854896068573,0.6816026568412781
r3_gw,0.5405603051185608,0.5820316076278687
r3_gw,0.7284650802612305,0.42798617482185364
r3_gw,0.7665744423866272,0.49666857719421387
r3_gw,0.5505053997039795,0.07197974622249603
r3_gw,0.8420379161834717,0.6092193722724915
r3_gw,0.7546489238739014,0.505763053894043
r3_gw,0.5823396444320679,0.5935954451560974
r3_gw,0.9423418045043945,0.6835201382637024
r3_gw,0.8624075651168823,0.6448972225189209
r3_gw,0.8559218645095825,0.5031353831291199
r3_gw,0.3542424142360687,0.49866312742233276
r3_gw,0.8010681867599487,0.06652148813009262
r3_gw,0.7885235548019409,0.6419752836227417
r3_gw,0.6692276000976562,0.6497241854667664
r3_gw,0.7130559682846069,0.6471202969551086
r3_gw,0.5937049388885498,0.39346766471862793
r3_gw,0.6904616951942444,0.6331261992454529
r3_gw,0.6578015089035034,0.4967005252838135
r3_gw,0.7183825969696045,0.5154033303260803
r3_gw,0.7113181948661804,0.5283726453781128
r3_gw,0.6531880497932434,0.6236251592636108
r3_gw,0.612071692943573,0.4042198956012726
r3_gw,0.9362071752548218,0.19855733215808868
r3_gw,0.6419182419776917,0.44357115030288696
r3_gw,0.7035407423973083,0.47031083703041077
r3_gw,0.6519089341163635,0.6522493958473206
r3_gw,0.688120424747467,0.5502743721008301
r3_gw,0.7017217874526978,0.47996118664741516
r3_gw,0.6338040828704834,0.15610364079475403
r3_gw,0.8203821182250977,0.4905362129211426
r3_gw,0.8133016228675842,0.6626842617988586
r3_gw,0.9663302898406982,0.7488704919815063
r3_gw,0.7492148876190186,0.4324015974998474
r3_gw,0.6506085395812988,0.53740394115448
r3_gw,0.16128835082054138,0.10310541838407516
r3_gw,0.4555211663246155,0.48940277099609375
r3_gw,0.6691350936889648,0.6581443548202515
r3_gw,0.3894396424293518,0.4631391167640686
r3_gw,0.7099840044975281,0.4708966910839081
r3_gw,0.695709764957428,0.11797080188989639
r3_gw,0.3818345367908478,0.3642342984676361
r3_gw,0.4465334415435791,0.5397304892539978
r3_gw,0.3418787717819214,0.38760486245155334
r3_gw,0.9745734930038452,0.6701116561889648
r3_gw,0.898557186126709,0.6114981174468994
r3_gw,0.5552583336830139,0.6311562061309814
r3_gw,0.8018577098846436,0.5335812568664551
r3_gw,0.7734451293945312,0.695698082447052
r3_gw,0.46870240569114685,0.05024959519505501
r3_gw,0.9289403557777405,0.7320716977119446
r3_gw,0.6863991022109985,0.6350646615028381
r3_gw,0.2582678198814392,0.17407619953155518
r3_gw,0.9095408320426941,0.08054328709840775
r3_gw,0.7294759750366211,0.5621398091316223
r3_gw,0.7743912935256958,0.5168565511703491
r3_gw,0.21732772886753082,0.03902369737625122
r3_gw,0.31868910789489746,0.44722115993499756
r3_gw,0.874245822429657,0.6534566879272461
r3_gw,0.9797984957695007,0.5487323999404907
r3_gw,0.7097390294075012,0.6363775134086609
r3_gw,0.4244304895401001,0.40408816933631897
r3_gw,0.6378589868545532,0.2058320790529251
r3_gw,0.6066257953643799,0.08369912207126617
r3_gw,0.752142608165741,0.42217153310775757
r3_gw,0.6492357850074768,0.7668477892875671
r3_gw,0.6721731424331665,0.5668482184410095
r3_gw,0.8083683252334595,0.285990446805954
r3_gw,0.4480403661727905,0.24067425727844238
r3_gw,0.26313209533691406,0.20160818099975586
r3_gw,0.4563952684402466,0.4678245186805725
r3_gw,0.7361728549003601,0.29595813155174255
r3_gw,0.6199303269386292,0.4794120788574219
r3_gw,0.9361732602119446,0.48412707448005676
r3_gw,0.6317863464355469,0.6278525590896606
r3_gw,0.9590492844581604,0.5360705852508545
r3_gw,0.9395520091056824,0.0839124321937561
r3_gw,0.593352198600769,0.46346861124038696
r3_gw,0.910572350025177,0.483092725276947
r3_gw,0.883924126625061,0.6622153520584106
r3_gw,0.8501224517822266,0.22608770430088043
r3_gw,0.8269689083099365,0.4929675757884979
r3_gw,0.8235616683959961,0.7573626637458801
r3_gw,0.7139306664466858,0.624038815498352
r3_gw,0.8469076156616211,0.6787557601928711
r3_gw,0.9074538350105286,0.5197080969810486
r3_gw,0.41199126839637756,0.2440047264099121
r3_gw,0.5860356688499451,0.4962311089038849
r3_gw,0.9662922024726868,0.37164223194122314
r3_gw,0.5223390460014343,0.42593255639076233
r3_gw,0.6572206020355225,0.45114317536354065
r3_gw,0.9974963068962097,0.6839118599891663
r3_gw,0.8026039600372314,0.6011675000190735
r3_gw,0.5778937339782715,0.24084295332431793
r3_gw,0.7943254709243774,0.45602062344551086
r3_gw,0.8545622825622559,0.5786154270172119
r3_gw,0.6746049523353577,0.2110971063375473
r3_gw,0.3606576919555664,0.27203506231307983
r3_gw,0.6152223348617554,0.47001025080680847
r3_gw,0.6672917008399963,0.569269597530365
r3_gw,0.9452403783798218,0.7519626617431641
r3_gw,0.8461379408836365,0.5164346098899841
r3_gw,0.5229357481002808,0.23959049582481384
r3_gw,0.9807872176170349,0.6851670145988464
r3_gw,0.9204846024513245,0.61344975233078
r3_gw,0.8751164674758911,0.6418838500976562
r3_gw,0.9624776840209961,0.5782313942909241
r3_gw,0.7978055477142334,0.6276717782020569
r3_gw,0.29072698950767517,0.31506583094596863
r3_gw,0.6895897388458252,0.1298312544822693
r3_gw,0.7444198727607727,0.5671157240867615
r3_gw,0.1813526302576065,0.1425124853849411
r3_gw,0.9472209811210632,0.7684615850448608
r3_gw,0.8300492167472839,0.5537149310112
r3_gw,0.2493123859167099,0.12485241144895554
r3_gw,0.5194776654243469,0.40785646438598633
r3_gw,0.7363750338554382,0.602508544921875
r3_gw,0.972227931022644,0.6253466606140137
r3_gw,0.6289769411087036,0.08005046099424362
r3_gw,0.9636940360069275,0.4711076319217682
r3_gw,0.9747441411018372,0.33673179149627686
r3_gw,0.9624619483947754,0.4195660650730133
r3_gw,0.7508921027183533,0.4564328193664551
r3_gw,0.9966387748718262,0.4947599768638611
r3_gw,0.44095689058303833,0.025116048753261566
r3_gw,0.4049391746520996,0.21625889837741852
r3_gw,0.7007264494895935,0.4845048785209656
r3_gw,0.6190735101699829,0.6631133556365967
r3_gw,0.9933124780654907,0.6288467645645142
r3_gw,0.8913334608078003,0.47627657651901245
r3_gw,0.8231906890869141,0.5894837975502014
r3_gw,0.6121566295623779,0.5499688982963562
r3_gw,0.9461376070976257,0.5996001958847046
r3_gw,0.812552809715271,0.08618324995040894
r3_gw,0.948098361492157,0.6694921851158142
r3_gw,0.3961210548877716,0.48845428228378296
r3_gw,0.9161832332611084,0.5363585352897644
r3_gw,0.47960251569747925,0.45830827951431274
r3_gw,0.9346234202384949,0.554223358631134
r3_gw,0.6312151551246643,0.538435161113739
r3_gw,0.5950461030006409,0.5786582231521606
r3_gw,0.599909245967865,0.41836079955101013
r3_gw,0.6808828711509705,0.02309119515120983
r3_gw,0.5936198234558105,0.5556764602661133
r3_gw,0.7678363919258118,0.6491788029670715
r3_gw,0.9844658970832825,0.6598019599914551
r3_gw,0.4758782386779785,0.13860434293746948
r3_gw,0.38980430364608765,0.09773988276720047
r3_gw,0.6431506872177124,0.5355227589607239
r3_gw,0.9123878479003906,0.6845006942749023
r3_gw,0.71360182762146,0.6365452408790588
r3_gw,0.9544792175292969,0.7221382856369019
r3_gw,0.6664749383926392,0.4466467797756195
r3_gw,0.6581724286079407,0.5092481970787048
r3_gw,0.7489529848098755,0.5744543075561523
r3_gw,0.5409172177314758,0.3283718526363373
r3_gw,0.6762163043022156,0.2505203187465668
r3_gw,0.6404393315315247,0.4959397315979004
r3_gw,0.6140710115432739,0.5341745615005493
r3_gw,0.10955148935317993,0.14990730583667755
r3_gw,0.6126459240913391,0.1568797081708908
r3_gw,0.8568544387817383,0.571786642074585
r3_gw,0.8034805655479431,0.4896574318408966
r3_gw,0.6933997869491577,0.5643890500068665
r3_gw,0.6347983479499817,0.5652463436126709
r3_gw,0.7528099417686462,0.12789641320705414
r3_gw,0.27185502648353577,0.016847766935825348
r3_gw,0.717909038066864,0.5358256697654724
r3_gw,0.8696468472480774,0.5623540878295898
r3_gw,0.7010552883148193,0.614158570766449
r3_gw,0.2560960054397583,0.43237966299057007
r3_gw,0.706669807434082,0.4834446310997009
r3_gw,0.3721681833267212,0.42816367745399475
r3_gw,0.39564648270606995,0.3981376588344574
r3_gw,0.6885027289390564,0.47978436946868896
r3_gw,0.5516003966331482,0.49920564889907837
r3_gw,0.7881211042404175,0.6436883211135864
r3_gw,0.7929313778877258,0.5663679838180542
r3_gw,0.8832569122314453,0.7346522808074951
r3_gw,0.7342044711112976,0.6116425395011902
r3_gw,0.6542223691940308,0.5941742062568665
r3_gw,0.590852677822113,0.6451478600502014
r3_gw,0.5864699482917786,0.35234910249710083
r3_gw,0.6621067523956299,0.40589892864227295
r3_gw,0.832635760307312,0.29543259739875793
r3_gw,0.9221869111061096,0.5609079599380493
r3_gw,0.5452434420585632,0.48073428869247437
r3_gw,0.6496614217758179,0.646964967250824
r3_gw,0.8031148910522461,0.7236053347587585
r3_gw,0.33560600876808167,0.3204813599586487
r3_gw,0.7899478673934937,0.542546808719635
r3_gw,0.40170127153396606,0.4385015368461609
r3_gw,0.7706862688064575,0.7056636810302734
r3_gw,0.3659183084964752,0.2513398826122284
r3_gw,0.6721515655517578,0.4363130033016205
r3_gw,0.6615468263626099,0.49677756428718567
r3_gw,0.6837541460990906,0.6700692176818848
r3_gw,0.4318237602710724,0.4192579388618469
r3_gw,0.6887288689613342,0.26878252625465393
r3_gw,0.5484206080436707,0.3975958526134491
r3_gw,0.3933403491973877,0.18959344923496246
r3_gw,0.5624608993530273,0.5778489112854004
r3_gw,0.9484257102012634,0.5033473372459412
r3_gw,0.933066725730896,0.11445365846157074
r3_gw,0.37571340799331665,0.4215454161167145
r3_gw,0.8987933993339539,0.6399126648902893
r3_gw,0.8409886956214905,0.7885336875915527
r3_gw,0.9667616486549377,0.6174659729003906
r3_gw,0.7988044619560242,0.5676762461662292
r3_gw,0.6496126651763916,0.19187761843204498
r3_gw,0.9054505825042725,0.4365180730819702
r3_gw,0.6985847353935242,0.4445296823978424
r3_gw,0.6933625936508179,0.5202299356460571
r3_gw,0.8401235938072205,0.7678645253181458
r3_gw,0.8459324240684509,0.594045877456665
r3_gw,0.8528844118118286,0.7076582908630371
r3_gw,0.343283474445343,0.04197704419493675
r3_gw,0.3311549723148346,0.34325870871543884
r3_gw,0.8740715980529785,0.6397203207015991
r3_gw,0.594481348991394,0.44327300786972046
r3_gw,0.5390710234642029,0.48372381925582886
r3_gw,0.7293570041656494,0.5484064817428589
r3_gw,0.7463828921318054,0.6356799602508545
r3_gw,0.6584466099739075,0.5311719179153442
r3_gw,0.3236783742904663,0.30040544271469116
r3_gw,0.5897502303123474,0.5569766759872437
r3_gw,0.9667208790779114,0.7647448182106018
r3_gw,0.4371723532676697,0.4667099714279175
r3_gw,0.9498642086982727,0.6939727067947388
r3_gw,0.7766236066818237,0.6714680790901184
r3_gw,0.8085047006607056,0.7501195073127747
r3_gw,0.7692602276802063,0.5699501633644104
r3_gw,0.9773140549659729,0.48870232701301575
r3_gw,0.7677196860313416,0.4684413969516754
r3_gw,0.45387062430381775,0.32832521200180054
r3_gw,0.9874081611633301,0.5574520230293274
r3_gw,0.8165892362594604,0.5140939950942993
r3_gw,0.31078994274139404,0.0894130989909172
r3_gw,0.8226299285888672,0.4656779170036316
r3_gw,0.9523286819458008,0.47656935453414917
r3_gw,0.9279744625091553,0.43064841628074646
r3_gw,0.7021986246109009,0.6422285437583923
r3_gw,0.9695386290550232,0.6656914949417114
r3_gw,0.7648274302482605,0.4758557379245758
r3_gw,0.5910362601280212,0.4259011447429657
r3_gw,0.9121980667114258,0.42433932423591614
r3_gw,0.6068505644798279,0.24207137525081635
r3_gw,0.26141828298568726,0.374007910490036
r3_gw,0.6881262063980103,0.4858537018299103
r3_gw,0.1165304034948349,0.0210109930485487
r3_gw,0.8543701171875,0.651492714881897
r3_gw,0.3302898705005646,0.3980288505554199
r3_gw,0.9121084213256836,0.5846891403198242
r3_gw,0.7464523911476135,0.581167459487915
r3_gw,0.6775609850883484,0.3622058033943176
r3_gw,0.9301972985267639,0.519512414932251
r3_gw,0.7253020405769348,0.5980413556098938
r3_gw,0.5973469614982605,0.5958007574081421
r3_gw,0.5435054302215576,0.421364426612854
r3_gw,0.301364928483963,0.3624224066734314
r3_gw,0.36555033922195435,0.15611302852630615
r3_gw,0.6181216835975647,0.40647703409194946
r3_gw,0.974102795124054,0.6028324961662292
r3_gw,0.34622007608413696,0.32254889607429504
r3_gw,0.8140237331390381,0.5671501159667969
r3_gw,0.8967404365539551,0.6766197085380554
r3_gw,0.5639801025390625,0.3652970790863037
r3_gw,0.7185129523277283,0.5525075793266296
r3_gw,0.8562068939208984,0.6433102488517761
r3_gw,0.6186392307281494,0.18266253173351288
r3_gw,0.7497026324272156,0.7139071226119995
r3_gw,0.6760132312774658,0.30754604935646057
r3_gw,0.6121662855148315,0.4441468417644501
r3_gw,0.9005224108695984,0.5832524299621582
r3_gw,0.7253769040107727,0.290069580078125
r3_gw,0.6756927371025085,0.5738086700439453
r3_gw,0.7443110942840576,0.665793776512146
r3_gw,0.9388943910598755,0.6125815510749817
r3_gw,0.6079806685447693,0.47812628746032715
r3_gw,0.9927517771720886,0.5691378712654114
r3_gw,0.7935091257095337,0.69344562292099
r3_gw,0.8569473028182983,0.5202140808105469
r3_gw,0.8489157557487488,0.6658191680908203
r3_gw,0.24802398681640625,0.43215298652648926
r3_gw,0.5243282318115234,0.6067154407501221
r3_gw,0.9634082317352295,0.20224793255329132
r3_gw,0.8692288994789124,0.6652641892433167
r3_gw,0.4746816158294678,0.47801756858825684
r3_gw,0.5789878368377686,0.4289429783821106
r3_gw,0.561764121055603,0.47624191641807556
r3_gw,0.7108810544013977,0.4139266014099121
r3_gw,0.9782333374023438,0.13441979885101318
r3_gw,0.37070077657699585,0.38255175948143005
r3_gw,0.9569433927536011,0.6636738777160645
r3_gw,0.3910338878631592,0.4122461974620819
r3_gw,0.6876227259635925,0.19511854648590088
r3_gw,0.6597775220870972,0.3576054573059082
r3_gw,0.557736337184906,0.6064769625663757
r3_gw,0.9970503449440002,0.4910649359226227
r3_gw,0.7094646096229553,0.41063207387924194
r3_gw,0.6069892048835754,0.4625371992588043
r3_gw,0.5477115511894226,0.4707242548465729
r3_gw,0.9838562607765198,0.792548656463623
r3_gw,0.6642550230026245,0.5044165849685669
r3_gw,0.3154376149177551,0.3906424939632416
r3_gw,0.5867003202438354,0.11998512595891953
r3_gw,0.8759333491325378,0.39664092659950256
r3_gw,0.9489220976829529,0.531898021697998
r3_gw,0.6472068428993225,0.5554983615875244
r3_gw,0.9809627532958984,0.6190140843391418
r3_gw,0.7683575749397278,0.49822384119033813
r3_gw,0.7906612157821655,0.5263357162475586
r3_gw,0.4848853349685669,0.08754833042621613
r3_gw,0.48110273480415344,0.4915083646774292
r3_gw,0.847891092300415,0.6492584347724915
r3_gw,0.8432602882385254,0.4901375472545624
r3_gw,0.5923207998275757,0.5225759148597717
r3_gw,0.8296535015106201,0.4988314211368561
r3_gw,0.5711817741394043,0.4907562732696533
r3_gw,0.39658573269844055,0.22991955280303955
r3_gw,0.7983784079551697,0.6732510924339294
r3_gw,0.7126903533935547,0.6830319166183472
r3_gw,0.8628129959106445,0.7279359102249146
r3_gw,0.9186667203903198,0.7376294732093811
r3_gw,0.6672817468643188,0.2789348363876343
r3_gw,0.824995219707489,0.6428321599960327
r3_gw,0.4176962673664093,0.2142823487520218
r3_gw,0.7153903245925903,0.4279770255088806
r3_gw,0.33214128017425537,0.43757060170173645
r3_gw,0.687188982963562,0.488716185092926
r3_gw,0.4985423684120178,0.19091497361660004
r3_gw,0.9332107901573181,0.6668895483016968
r3_gw,0.9770593047142029,0.507863461971283
r3_gw,0.5753567218780518,0.4790631830692291
r3_gw,0.7322401404380798,0.4847775399684906
r3_gw,0.6303389072418213,0.5913217067718506
r3_gw,0.6813732981681824,0.4462301433086395
r3_gw,0.624312698841095,0.35919642448425293
r3_gw,0.3704897463321686,0.31809061765670776
r3_gw,0.7069509029388428,0.6494849920272827
r3_gw,0.6177825331687927,0.2993045151233673
r3_gw,0.5482407212257385,0.49390581250190735
r3_gw,0.8921900391578674,0.5726990699768066
r3_gw,0.6716353893280029,0.5692732930183411
r3_gw,0.8129404187202454,0.5427323579788208
r3_gw,0.8776857852935791,0.6268497109413147
r3_gw,0.8090731501579285,0.6347663402557373
r3_gw,0.5014213919639587,0.11408066004514694
r3_gw,0.5402689576148987,0.43878546357154846
r3_gw,0.5011109709739685,0.5760079026222229
r3_gw,0.7827709317207336,0.5763349533081055
r3_gw,0.7952598333358765,0.08744103461503983
r3_gw,0.4491158127784729,0.04692647233605385
r3_gw,0.9497506618499756,0.7563389539718628
r3_gw,0.9204239845275879,0.48068732023239136
r3_gw,0.40803948044776917,0.4411498010158539
r3_gw,0.9657811522483826,0.6649336218833923
r3_gw,0.427747517824173,0.36819741129875183
r3_gw,0.9319135546684265,0.4166831970214844
r3_gw,0.5818735361099243,0.43757548928260803
r3_gw,0.35590943694114685,0.4616784453392029
r3_gw,0.3957231342792511,0.18056586384773254
r3_gw,0.9142358899116516,0.6567875742912292
r3_gw,0.6154851913452148,0.5229070782661438
r3_gw,0.9259792566299438,0.16670997440814972
r3_gw,0.4587474763393402,0.34957563877105713
r3_gw,0.85506272315979,0.6902812719345093
r3_gw,0.7865790724754333,0.5104789137840271
r3_gw,0.7499427795410156,0.5900980234146118
r3_gw,0.7032632231712341,0.638696551322937
r3_gw,0.8313680291175842,0.1208731159567833
r3_gw,0.8084397315979004,0.4217410087585449
r3_gw,0.7545498609542847,0.6542226672172546
r3_gw,0.9707233309745789,0.4819212257862091
r3_gw,0.9539369940757751,0.5525954961776733
r3_gw,0.8691333532333374,0.5722520351409912
r3_gw,0.05236499011516571,0.12365708500146866
r3_gw,0.9624388217926025,0.7789232134819031
r3_gw,0.642402708530426,0.6019840240478516
r3_gw,0.5799397230148315,0.41751593351364136
r3_gw,0.9834977388381958,0.07909704744815826
r3_gw,0.9246200323104858,0.5061601996421814
r3_gw,0.730480432510376,0.30417636036872864
r3_gw,0.34269723296165466,0.45405060052871704
r3_gw,0.7384925484657288,0.6468560695648193
r3_gw,0.970037043094635,0.6912015080451965
r3_gw,0.8161040544509888,0.5793601274490356
r3_gw,0.9809113144874573,0.6793237924575806
r3_gw,0.8340268731117249,0.6511497497558594
r3_gw,0.7335705757141113,0.6444769501686096
r3_gw,0.2327495813369751,0.19286030530929565
r3_gw,0.8309088945388794,0.6757909059524536
r3_gw,0.5561853051185608,0.12865951657295227
r3_gw,0.4997926950454712,0.23107096552848816
r3_gw,0.9691948890686035,0.6614327430725098
r3_gw,0.7667944431304932,0.6356194019317627
r3_gw,0.8059453964233398,0.5116243362426758
r3_gw,0.6825497150421143,0.4022715985774994
r3_gw,0.4590400159358978,0.31156909465789795
r3_gw,0.83851158618927,0.6875143051147461
r3_gw,0.6655645966529846,0.6675227284431458
r3_gw,0.8682575225830078,0.5050217509269714
r3_gw,0.7474684119224548,0.5237930417060852
r3_gw,0.8140208125114441,0.4427494406700134
r3_gw,0.4587917923927307,0.3835006356239319
r3_gw,0.5914498567581177,0.6062933802604675
r3_gw,0.5812878608703613,0.2551799714565277
r3_gw,0.7449342012405396,0.3750210106372833
r3_gw,0.8982759714126587,0.7748774886131287
r3_gw,0.6824997067451477,0.5594770908355713
r3_gw,0.7729180455207825,0.3407934010028839
r3_gw,0.730362594127655,0.6514384150505066
r3_gw,0.6977227926254272,0.6188422441482544
r3_gw,0.7974584102630615,0.7176989316940308
r3_gw,0.8775695562362671,0.5182624459266663
r3_gw,0.851966142654419,0.6515598893165588
r3_gw,0.9391992688179016,0.4329313039779663
r3_gw,0.39950746297836304,0.5256601572036743
r3_gw,0.9931232333183289,0.23096603155136108
r3_gw,0.9957023859024048,0.7374869585037231
r3_gw,0.8114511370658875,0.6356797814369202
r3_gw,0.9327625632286072,0.5248792171478271
r3_gw,0.8524863719940186,0.7771721482276917
r3_gw,0.5451673865318298,0.5825165510177612
r3_gw,0.9366678595542908,0.619906485080719
r3_gw,0.16066525876522064,0.2409866452217102
r3_gw,0.21220505237579346,0.18776816129684448
r3_gw,0.5944368243217468,0.4938323497772217
r3_gw,0.835092306137085,0.46423959732055664
r3_gw,0.466269314289093,0.3298875689506531
r3_gw,0.8519357442855835,0.4026705026626587
r3_gw,0.618015706539154,0.5188761353492737
r3_gw,0.5524152517318726,0.27592751383781433
r3_gw,0.4747381806373596,0.461169570684433
r3_gw,0.7567748427391052,0.29529279470443726
r3_gw,0.7544804811477661,0.6765627264976501
r3_gw,0.8347526788711548,0.6874768733978271
r3_gw,0.8357358574867249,0.5919185280799866
r3_gw,0.6683847904205322,0.04072736203670502
r3_gw,0.6940352320671082,0.6349043250083923
r3_gw,0.22454003989696503,0.1199493482708931
r3_gw,0.5614774823188782,0.62663733959198
r3_gw,0.33458757400512695,0.1528259962797165
r3_gw,0.7004082798957825,0.5404965281486511
r3_gw,0.9533771276473999,0.18380387127399445
r3_gw,0.7207324504852295,0.6691305041313171
r3_gw,0.9448050856590271,0.6149779558181763
r3_gw,0.2960648536682129,0.443248450756073
r3_gw,0.7326472997665405,0.43439018726348877
r3_gw,0.6968383193016052,0.5331190824508667
r3_gw,0.9822442531585693,0.6023460030555725
r3_gw,0.6948915123939514,0.628943145275116
r3_gw,0.8900606036186218,0.45496001839637756
r3_gw,0.968819797039032,0.5302999019622803
r3_gw,0.6513565182685852,0.5219345688819885
r3_gw,0.9533716440200806,0.6988062262535095
r3_gw,0.6900086998939514,0.6498296856880188
r3_gw,0.9383177161216736,0.5105583667755127
r3_gw,0.8800802230834961,0.5588718056678772
r3_gw,0.5164430737495422,0.5947785377502441
r3_gw,0.29468679428100586,0.4307635724544525
r3_gw,0.6086459755897522,0.5765355825424194
r3_gw,0.8588941097259521,0.5988690853118896
r3_gw,0.5915453433990479,0.40982887148857117
r3_gw,0.6700321435928345,0.5625040531158447
r3_gw,0.7370412945747375,0.36338672041893005
r3_gw,0.564370334148407,0.487816721200943
r3_gw,0.32871294021606445,0.48584115505218506
r3_gw,0.6749114394187927,0.5037161707878113
r3_gw,0.7006155848503113,0.49089837074279785
r3_gw,0.9384539723396301,0.506773829460144
r3_gw,0.6987485885620117,0.4571406841278076
r3_gw,0.7518854141235352,0.49585336446762085
r3_gw,0.4844236671924591,0.1170409619808197
r3_gw,0.8079343438148499,0.4290916919708252
r3_gw,0.8092665672302246,0.7172635197639465
r3_gw,0.566516637802124,0.5170295238494873
r3_gw,0.7800509333610535,0.5353283286094666
r3_gw,0.7191828489303589,0.7336903214454651
r3_gw,0.5725650191307068,0.47128450870513916
r3_gw,0.7788359522819519,0.3612990379333496
r3_gw,0.7114399075508118,0.4646821916103363
r3_gw,0.9678410887718201,0.06866278499364853
r3_gw,0.8887560963630676,0.7489296793937683
r3_gw,0.9341549873352051,0.6410958766937256
r3_gw,0.9422006607055664,0.5849890112876892
r3_gw,0.6609518527984619,0.5773447155952454
r3_gw,0.3071688413619995,0.3577190339565277
r3_gw,0.9452499151229858,0.4701436161994934
r3_gw,0.9144647121429443,0.57049161195755
r3_gw,0.769220232963562,0.6635143160820007
r3_gw,0.8794004917144775,0.5588607788085938
r3_gw,0.128054678440094,0.031190816313028336
r3_gw,0.9379767775535583,0.5871400237083435
r3_gw,0.8803770542144775,0.6617704033851624
r3_gw,0.9265507459640503,0.5568865537643433
r3_gw,0.7915960550308228,0.09772834181785583
r3_gw,0.2709326148033142,0.09985630214214325
r3_gw,0.939513087272644,0.7648611068725586
r3_gw,0.41125160455703735,0.04892425984144211
r3_gw,0.7364967465400696,0.46746358275413513
r3_gw,0.4403918385505676,0.16966257989406586
r3_gw,0.5375733375549316,0.5815646052360535
r3_gw,0.8862116932868958,0.7583209276199341
r3_gw,0.764121949672699,0.5649456977844238
r3_gw,0.7104006409645081,0.4377273619174957
r3_gw,0.3570975363254547,0.378937691450119
r3_gw,0.666265606880188,0.1842568963766098
r3_gw,0.26314929127693176,0.2238008975982666
r3_gw,0.8085060715675354,0.20030678808689117
r3_gw,0.9515450596809387,0.23751188814640045
r3_gw,0.7895895838737488,0.6760252118110657
r3_gw,0.7894777655601501,0.7096744775772095
r3_gw,0.5475448966026306,0.45343512296676636
r3_gw,0.484336793422699,0.23313795030117035
r3_gw,0.8956220149993896,0.4450199007987976
r3_gw,0.9157068133354187,0.44875869154930115
r3_gw,0.8933169841766357,0.7473323941230774
r3_gw,0.7931350469589233,0.6534210443496704
r3_gw,0.6303822994232178,0.44683700799942017
r3_gw,0.42104649543762207,0.4614752531051636
r3_gw,0.6034654378890991,0.5071993470191956
r3_gw,0.5766262412071228,0.4825770854949951
r3_gw,0.5447893142700195,0.592128336429596
r3_gw,0.7825242280960083,0.6405853033065796
r3_gw,0.6141921281814575,0.4402272701263428
r3_gw,0.23559938371181488,0.1259547919034958
r3_gw,0.6235560178756714,0.5769991874694824
r3_gw,0.6399629712104797,0.5862953066825867
r3_gw,0.7900470495223999,0.5766233801841736
r3_gw,0.6899965405464172,0.6502608060836792
r3_gw,0.23726710677146912,0.13022497296333313
r3_gw,0.6336842775344849,0.5481991171836853
r3_gw,0.9596832394599915,0.5703943371772766
r3_gw,0.6379178166389465,0.46372663974761963
r3_gw,0.7546358704566956,0.7678663730621338
r3_gw,0.8776126503944397,0.6328221559524536
r3_gw,0.6387535929679871,0.044120047241449356
r3_gw,0.6585243940353394,0.025028087198734283
r3_gw,0.5253851413726807,0.1527651697397232
r3_gw,0.8352692723274231,0.7166721224784851
r3_gw,0.882391631603241,0.2427416890859604
r3_gw,0.8289388418197632,0.08267419785261154
r3_gw,0.5032627582550049,0.5787128806114197
r3_gw,0.7633827328681946,0.23443442583084106
r3_gw,0.9663136601448059,0.689002275466919
r3_gw,0.8699489235877991,0.4172118902206421
r3_gw,0.6687180995941162,0.5853463411331177
r3_gw,0.22726337611675262,0.1143946647644043
r3_gw,0.5650541186332703,0.6246650815010071
r3_gw,0.7767919898033142,0.5111330151557922
r3_gw,0.861015796661377,0.6269006729125977
r3_gw,0.7899284362792969,0.5667400360107422
r3_gw,0.9209030866622925,0.6516939401626587
r3_gw,0.9787144064903259,0.4779246151447296
r3_gw,0.8102896213531494,0.6367383599281311
r3_gw,0.5983808040618896,0.5422800183296204
r3_gw,0.780276358127594,0.3952401876449585
r3_gw,0.5594897866249084,0.05991244316101074
r3_gw,0.9398019313812256,0.5646382570266724
r3_gw,0.9299876689910889,0.08838014304637909
r3_gw,0.4801596701145172,0.4173353612422943
r3_gw,0.9237038493156433,0.6590178608894348
r3_gw,0.9508968591690063,0.11376599967479706
r3_gw,0.4842442572116852,0.4190347194671631
r3_gw,0.9441307187080383,0.6357178092002869
r3_gw,0.991213321685791,0.21032100915908813
r3_gw,0.7423398494720459,0.6716630458831787
r3_gw,0.9993325471878052,0.53216952085495
r3_gw,0.8956884145736694,0.4611698091030121
r3_gw,0.6324324011802673,0.45494312047958374
r3_gw,0.4178487956523895,0.3679710924625397
r3_gw,0.6415479779243469,0.4543095529079437
r3_gw,0.31074389815330505,0.36163732409477234
r3_gw,0.9946633577346802,0.054976291954517365
r3_gw,0.523318886756897,0.4912239611148834
r3_gw,0.5079059600830078,0.48448446393013
r3_gw,0.8577733039855957,0.6044319272041321
r3_gw,0.7662292718887329,0.7638478875160217
r3_gw,0.7889981865882874,0.1444186568260193
r3_gw,0.7169009447097778,0.6700060367584229
r3_gw,0.9649433493614197,0.7105153203010559
r3_gw,0.7393066883087158,0.6263561248779297
r3_gw,0.6357727646827698,0.20113016664981842
r3_gw,0.655824601650238,0.49771249294281006
r3_gw,0.877751886844635,0.7368951439857483
r3_gw,0.388686865568161,0.4950260519981384
r3_gw,0.6520556807518005,0.6009833812713623
r3_gw,0.8524787425994873,0.6004130840301514
r3_gw,0.15816032886505127,0.3533805310726166
r3_gw,0.8724799752235413,0.7991565465927124
r3_gw,0.6057823300361633,0.49217966198921204
r3_gw,0.7020019888877869,0.6548613905906677
r3_gw,0.9100508689880371,0.5452002882957458
r3_gw,0.7942371368408203,0.6237130165100098
r3_gw,0.7533366680145264,0.10617769509553909
r3_gw,0.5639466047286987,0.6512519121170044
r3_gw,0.7475754618644714,0.5620878338813782
r3_gw,0.9960547089576721,0.6687090396881104
r3_gw,0.818666398525238,0.5991440415382385
r3_gw,0.5867605805397034,0.46986252069473267
r3_gw,0.6432604193687439,0.3931925296783447
r3_gw,0.8056930899620056,0.5656605958938599
r3_gw,0.517693817615509,0.4704364240169525
r3_gw,0.9400026798248291,0.6346498727798462
r3_gw,0.870455801486969,0.5054486393928528
r3_gw,0.7322744131088257,0.48416972160339355
r3_gw,0.9452508091926575,0.5871461033821106
r3_gw,0.9451389908790588,0.6868935227394104
r3_gw,0.8209719657897949,0.555045485496521
r3_gw,0.5476645231246948,0.5710663199424744
r3_gw,0.6610530018806458,0.19579173624515533
r3_gw,0.8968461751937866,0.7759222984313965
r3_gw,0.8255464434623718,0.6234728097915649
r3_gw,0.614129900932312,0.4059024453163147
s3_gw,0.7135628461837769,0.2154417484998703
s3_gw,0.783355712890625,0.5701487064361572
s3_gw,0.763468325138092,0.2528357207775116
s3_gw,0.6109055876731873,0.5353363752365112
s3_gw,0.7421645522117615,0.6438335180282593
s3_gw,0.585835337638855,0.48503175377845764
s3_gw,0.3922331929206848,0.36864060163497925
s3_gw,0.6919351816177368,0.5829829573631287
s3_gw,0.8027657866477966,0.7107802629470825
s3_gw,0.695685088634491,0.6836010813713074
s3_gw,0.6195323467254639,0.40143057703971863
s3_gw,0.5024518966674805,0.5842893719673157
s3_gw,0.6469917297363281,0.5071837902069092
s3_gw,0.9556753635406494,0.6338679194450378
s3_gw,0.7962943315505981,0.5498498678207397
s3_gw,0.6006196737289429,0.44098755717277527
s3_gw,0.5582352876663208,0.509221076965332
s3_gw,0.5535376667976379,0.4515306353569031
s3_gw,0.7093039155006409,0.5545958876609802
s3_gw,0.17650699615478516,0.17811904847621918
s3_gw,0.6725391745567322,0.5082830190658569
s3_gw,0.7534969449043274,0.47857531905174255
s3_gw,0.49643585085868835,0.4974939227104187
s3_gw,0.29236945509910583,0.2695987820625305
s3_gw,0.7654718160629272,0.4896808862686157
s3_gw,0.8170585632324219,0.3344120383262634
s3_gw,0.7324921488761902,0.7433674335479736
s3_gw,0.3824852406978607,0.31147122383117676
s3_gw,0.9063352942466736,0.6463748812675476
s3_gw,0.9617192149162292,0.6587278842926025
s3_gw,0.9298309087753296,0.7885871529579163
s3_gw,0.8570559024810791,0.6673968434333801
s3_gw,0.22202454507350922,0.25569069385528564
s3_gw,0.4496062099933624,0.43546226620674133
s3_gw,0.42865264415740967,0.3946017622947693
s3_gw,0.43863874673843384,0.3548339307308197
s3_gw,0.6641886830329895,0.6862651109695435
s3_gw,0.5340191125869751,0.5642391443252563
s3_gw,0.36278772354125977,0.27311238646507263
s3_gw,0.8413916826248169,0.2501669228076935
s3_gw,0.5698906183242798,0.6043181419372559
s3_gw,0.7154607772827148,0.6062290072441101
s3_gw,0.9591467380523682,0.7563744187355042
s3_gw,0.6963393092155457,0.6675233244895935
s3_gw,0.5436750650405884,0.42517003417015076
s3_gw,0.10829408466815948,0.0796375647187233
s3_gw,0.5368691086769104,0.6090550422668457
s3_gw,0.7984021306037903,0.7240628600120544
s3_gw,0.8860962986946106,0.7623467445373535
s3_gw,0.757764458656311,0.658937394618988
s3_gw,0.9211871027946472,0.6293070316314697
s3_gw,0.7747507691383362,0.6041367650032043
s3_gw,0.7689546942710876,0.7222183346748352
s3_gw,0.5018483400344849,0.1619354486465454
s3_gw,0.525671124458313,0.3040698170661926
s3_gw,0.6138419508934021,0.22790639102458954
s3_gw,0.6922621130943298,0.23283863067626953
s3_gw,0.4621291756629944,0.3890853226184845
s3_gw,0.8327142000198364,0.41173672676086426
s3_gw,0.5695978999137878,0.42560359835624695
s3_gw,0.8137193322181702,0.6550042629241943
s3_gw,0.9728494882583618,0.8478098511695862
s3_gw,0.8893343210220337,0.5026801824569702
s3_gw,0.5371436476707458,0.5476817488670349
s3_gw,0.8480097651481628,0.8457488417625427
s3_gw,0.8990778923034668,0.6840327382087708
s3_gw,0.9142752289772034,0.8774367570877075
s3_gw,0.800083577632904,0.3240896165370941
s3_gw,0.6906952857971191,0.5485708713531494
s3_gw,0.6726380586624146,0.5754351019859314
s3_gw,0.5775377750396729,0.46424221992492676
s3_gw,0.30921074748039246,0.3341648280620575
s3_gw,0.6006442904472351,0.2354886531829834
s3_gw,0.41114094853401184,0.34577152132987976
s3_gw,0.5954625010490417,0.48602089285850525
s3_gw,0.9247559905052185,0.09655158221721649
s3_gw,0.9170621633529663,0.5596461296081543
s3_gw,0.6609780788421631,0.45669427514076233
s3_gw,0.7653741240501404,0.5232965350151062
s3_gw,0.8961671590805054,0.6149889826774597
s3_gw,0.14523932337760925,0.191842719912529
s3_gw,0.836991548538208,0.7162100672721863
s3_gw,0.7466792464256287,0.23015011847019196
s3_gw,0.2692636251449585,0.28437748551368713
s3_gw,0.4938224256038666,0.3019724488258362
s3_gw,0.839854896068573,0.6923146843910217
s3_gw,0.5405603051185608,0.4015094041824341
s3_gw,0.7284650802612305,0.2856122553348541
s3_gw,0.7665744423866272,0.7096531391143799
s3_gw,0.5505053997039795,0.3395363688468933
s3_gw,0.8420379161834717,0.5968601107597351
s3_gw,0.7546489238739014,0.6489421725273132
s3_gw,0.5823396444320679,0.41458040475845337
s3_gw,0.9423418045043945,0.4801074266433716
s3_gw,0.8624075651168823,0.6669861674308777
s3_gw,0.8559218645095825,0.7773863673210144
s3_gw,0.3542424142360687,0.396907240152359
s3_gw,0.8010681867599487,0.25973883271217346
s3_gw,0.7885235548019409,0.5147437453269958
s3_gw,0.6692276000976562,0.5576322674751282
s3_gw,0.7130559682846069,0.6818168759346008
s3_gw,0.5937049388885498,0.34099411964416504
s3_gw,0.6904616951942444,0.5902770161628723
s3_gw,0.6578015089035034,0.5462743639945984
s3_gw,0.7183825969696045,0.47334572672843933
s3_gw,0.7113181948661804,0.5076534152030945
s3_gw,0.6531880497932434,0.5366061925888062
s3_gw,0.612071692943573,0.4431978464126587
s3_gw,0.9362071752548218,0.31131109595298767
s3_gw,0.6419182419776917,0.4897215962409973
s3_gw,0.7035407423973083,0.5962650775909424
s3_gw,0.6519089341163635,0.5538864135742188
s3_gw,0.688120424747467,0.5529884696006775
s3_gw,0.7017217874526978,0.6231508255004883
s3_gw,0.6338040828704834,0.2771361172199249
s3_gw,0.8203821182250977,0.8090184926986694
s3_gw,0.8133016228675842,0.8051347732543945
s3_gw,0.9663302898406982,0.7946810126304626
s3_gw,0.7492148876190186,0.42040929198265076
s3_gw,0.6506085395812988,0.4093388020992279
s3_gw,0.16128835082054138,0.15173792839050293
s3_gw,0.4555211663246155,0.4797702729701996
s3_gw,0.6691350936889648,0.6133857369422913
s3_gw,0.3894396424293518,0.37012457847595215
s3_gw,0.7099840044975281,0.5535049438476562
s3_gw,0.695709764957428,0.22789888083934784
s3_gw,0.3818345367908478,0.23647361993789673
s3_gw,0.4465334415435791,0.4339940547943115
s3_gw,0.3418787717819214,0.2618505358695984
s3_gw,0.9745734930038452,0.696082592010498
s3_gw,0.898557186126709,0.7564470767974854
s3_gw,0.5552583336830139,0.5589883327484131
s3_gw,0.8018577098846436,0.7874123454093933
s3_gw,0.7734451293945312,0.8126583099365234
s3_gw,0.46870240569114685,0.20477819442749023
s3_gw,0.9289403557777405,0.5395294427871704
s3_gw,0.6863991022109985,0.7319521903991699
s3_gw,0.2582678198814392,0.21785151958465576
s3_gw,0.9095408320426941,0.10010877251625061
s3_gw,0.7294759750366211,0.667585551738739
s3_gw,0.7743912935256958,0.56826251745224
s3_gw,0.21732772886753082,0.21878015995025635
s3_gw,0.31868910789489746,0.41881588101387024
s3_gw,0.874245822429657,0.8889043927192688
s3_gw,0.9797984957695007,0.5282747149467468
s3_gw,0.7097390294075012,0.663636326789856
s3_gw,0.4244304895401001,0.324379026889801
s3_gw,0.6378589868545532,0.5614678263664246
s3_gw,0.6066257953643799,0.18437330424785614
s3_gw,0.752142608165741,0.48802435398101807
s3_gw,0.6492357850074768,0.6342213749885559
s3_gw,0.6721731424331665,0.6577404737472534
s3_gw,0.8083683252334595,0.29740414023399353
s3_gw,0.4480403661727905,0.18993084132671356
s3_gw,0.26313209533691406,0.24925251305103302
s3_gw,0.4563952684402466,0.4118588864803314
s3_gw,0.7361728549003601,0.2980508804321289
s3_gw,0.6199303269386292,0.5649325847625732
s3_gw,0.9361732602119446,0.5883603096008301
s3_gw,0.6317863464355469,0.48248353600502014
s3_gw,0.9590492844581604,0.6462029814720154
s3_gw,0.9395520091056824,0.3130425214767456
s3_gw,0.593352198600769,0.4120282232761383
s3_gw,0.910572350025177,0.6309190392494202
s3_gw,0.883924126625061,0.7259809970855713
s3_gw,0.8501224517822266,0.48121026158332825
s3_gw,0.8269689083099365,0.5924654006958008
s3_gw,0.8235616683959961,0.6883437633514404
s3_gw,0.7139306664466858,0.6782898902893066
s3_gw,0.8469076156616211,0.580564558506012
s3_gw,0.9074538350105286,0.5657508969306946
s3_gw,0.41199126839637756,0.1675664335489273
s3_gw,0.5860356688499451,0.41746100783348083
s3_gw,0.9662922024726868,0.25056275725364685
s3_gw,0.5223390460014343,0.48687079548835754
s3_gw,0.6572206020355225,0.655962347984314
s3_gw,0.9974963068962097,0.703576385974884
s3_gw,0.8026039600372314,0.41274094581604004
s3_gw,0.5778937339782715,0.25050896406173706
s3_gw,0.7943254709243774,0.33522549271583557
s3_gw,0.8545622825622559,0.7637553215026855
s3_gw,0.6746049523353577,0.46314114332199097
s3_gw,0.3606576919555664,0.3517901301383972
s3_gw,0.6152223348617554,0.43960750102996826
s3_gw,0.6672917008399963,0.6175474524497986
s3_gw,0.9452403783798218,0.6783534288406372
s3_gw,0.8461379408836365,0.45583847165107727
s3_gw,0.5229357481002808,0.4459315538406372
s3_gw,0.9807872176170349,0.7996909022331238
s3_gw,0.9204846024513245,0.8994746208190918
s3_gw,0.8751164674758911,0.6121096014976501
s3_gw,0.9624776840209961,0.5088990926742554
s3_gw,0.7978055477142334,0.49696114659309387
s3_gw,0.29072698950767517,0.3109891414642334
s3_gw,0.6895897388458252,0.43464207649230957
s3_gw,0.7444198727607727,0.6204687356948853
s3_gw,0.1813526302576065,0.3212287724018097
s3_gw,0.9472209811210632,0.9184942245483398
s3_gw,0.8300492167472839,0.6246678829193115
s3_gw,0.2493123859167099,0.32269006967544556
s3_gw,0.5194776654243469,0.33136266469955444
s3_gw,0.7363750338554382,0.7161547541618347
s3_gw,0.972227931022644,0.8861821889877319
s3_gw,0.6289769411087036,0.22612565755844116
s3_gw,0.9636940360069275,0.34754499793052673
s3_gw,0.9747441411018372,0.2744625508785248
s3_gw,0.9624619483947754,0.45321667194366455
s3_gw,0.7508921027183533,0.6003710031509399
s3_gw,0.9966387748718262,0.5827103853225708
s3_gw,0.44095689058303833,0.19035865366458893
s3_gw,0.4049391746520996,0.3990795910358429
s3_gw,0.7007264494895935,0.6360307931900024
s3_gw,0.6190735101699829,0.5746321678161621
s3_gw,0.9933124780654907,0.5177236795425415
s3_gw,0.8913334608078003,0.5713232755661011
s3_gw,0.8231906890869141,0.6057206392288208
s3_gw,0.6121566295623779,0.6451961398124695
s3_gw,0.9461376070976257,0.5015702247619629
s3_gw,0.812552809715271,0.15332582592964172
s3_gw,0.948098361492157,0.8800845146179199
s3_gw,0.3961210548877716,0.4358687698841095
s3_gw,0.9161832332611084,0.585671603679657
s3_gw,0.47960251569747925,0.27724477648735046
s3_gw,0.9346234202384949,0.5837433934211731
s3_gw,0.6312151551246643,0.4846222400665283
s3_gw,0.5950461030006409,0.5761411190032959
s3_gw,0.599909245967865,0.32923007011413574
s3_gw,0.6808828711509705,0.23125098645687103
s3_gw,0.5936198234558105,0.5275463461875916
s3_gw,0.7678363919258118,0.7405327558517456
s3_gw,0.9844658970832825,0.9237495064735413
s3_gw,0.4758782386779785,0.28873515129089355
s3_gw,0.38980430364608765,0.21559661626815796
s3_gw,0.6431506872177124,0.6610999703407288
s3_gw,0.9123878479003906,0.7855128049850464
s3_gw,0.71360182762146,0.7143939137458801
s3_gw,0.9544792175292969,0.8672341704368591
s3_gw,0.6664749383926392,0.5943707823753357
s3_gw,0.6581724286079407,0.5655457377433777
s3_gw,0.7489529848098755,0.5441864132881165
s3_gw,0.5409172177314758,0.3339778780937195
s3_gw,0.6762163043022156,0.29666346311569214
s3_gw,0.6404393315315247,0.5290614366531372
s3_gw,0.6140710115432739,0.4082607626914978
s3_gw,0.10955148935317993,0.17242960631847382
s3_gw,0.6126459240913391,0.41418617963790894
s3_gw,0.8568544387817383,0.7496882081031799
s3_gw,0.8034805655479431,0.4305078089237213
s3_gw,0.6933997869491577,0.5101754069328308
s3_gw,0.6347983479499817,0.5380799174308777
s3_gw,0.7528099417686462,0.21870914101600647
s3_gw,0.27185502648353577,0.1369907408952713
s3_gw,0.717909038066864,0.5184259414672852
s3_gw,0.8696468472480774,0.5545785427093506
s3_gw,0.7010552883148193,0.5646970868110657
s3_gw,0.2560960054397583,0.3645302951335907
s3_gw,0.706669807434082,0.6712857484817505
s3_gw,0.3721681833267212,0.3048335611820221
s3_gw,0.39564648270606995,0.4678359627723694
s3_gw,0.6885027289390564,0.6772758364677429
s3_gw,0.5516003966331482,0.5114047527313232
s3_gw,0.7881211042404175,0.6526383757591248
s3_gw,0.7929313778877258,0.4799575209617615
s3_gw,0.8832569122314453,0.8610249161720276
s3_gw,0.7342044711112976,0.7714177370071411
s3_gw,0.6542223691940308,0.5938253402709961
s3_gw,0.590852677822113,0.6633551120758057
s3_gw,0.5864699482917786,0.07800065726041794
s3_gw,0.6621067523956299,0.241567924618721
s3_gw,0.832635760307312,0.3323031961917877
s3_gw,0.9221869111061096,0.6046628952026367
s3_gw,0.5452434420585632,0.5663908123970032
s3_gw,0.6496614217758179,0.6586465835571289
s3_gw,0.8031148910522461,0.7295662760734558
s3_gw,0.33560600876808167,0.47855791449546814
s3_gw,0.7899478673934937,0.6071804165840149
s3_gw,0.40170127153396606,0.48940274119377136
s3_gw,0.7706862688064575,0.6884128451347351
s3_gw,0.3659183084964752,0.32528406381607056
s3_gw,0.6721515655517578,0.35845792293548584
s3_gw,0.6615468263626099,0.43604275584220886
s3_gw,0.6837541460990906,0.6787070035934448
s3_gw,0.4318237602710724,0.38654032349586487
s3_gw,0.6887288689613342,0.3448788523674011
s3_gw,0.5484206080436707,0.18321828544139862
s3_gw,0.3933403491973877,0.45977509021759033
s3_gw,0.5624608993530273,0.3328171968460083
s3_gw,0.9484257102012634,0.6183359622955322
s3_gw,0.933066725730896,0.18842020630836487
s3_gw,0.37571340799331665,0.39248451590538025
s3_gw,0.8987933993339539,0.5649436116218567
s3_gw,0.8409886956214905,0.5573109984397888
s3_gw,0.9667616486549377,0.6967124342918396
s3_gw,0.7988044619560242,0.741797924041748
s3_gw,0.6496126651763916,0.35385024547576904
s3_gw,0.9054505825042725,0.504059910774231
s3_gw,0.6985847353935242,0.5275430679321289
s3_gw,0.6933625936508179,0.3701765537261963
s3_gw,0.8401235938072205,0.849806547164917
s3_gw,0.8459324240684509,0.7516112327575684
s3_gw,0.8528844118118286,0.6783483624458313
s3_gw,0.343283474445343,0.26002755761146545
s3_gw,0.3311549723148346,0.2548144459724426
s3_gw,0.8740715980529785,0.7783904671669006
s3_gw,0.594481348991394,0.3169589340686798
s3_gw,0.5390710234642029,0.4993443489074707
s3_gw,0.7293570041656494,0.617882251739502
s3_gw,0.7463828921318054,0.6355274319648743
s3_gw,0.6584466099739075,0.5742947459220886
s3_gw,0.3236783742904663,0.36535903811454773
s3_gw,0.5897502303123474,0.5028596520423889
s3_gw,0.9667208790779114,0.8698036670684814
s3_gw,0.4371723532676697,0.3999952971935272
s3_gw,0.9498642086982727,0.8043554425239563
s3_gw,0.7766236066818237,0.5208989381790161
s3_gw,0.8085047006607056,0.7602396011352539
s3_gw,0.7692602276802063,0.7080612778663635
s3_gw,0.9773140549659729,0.4948946237564087
s3_gw,0.7677196860313416,0.46620696783065796
s3_gw,0.45387062430381775,0.36670613288879395
s3_gw,0.9874081611633301,0.6850333213806152
s3_gw,0.8165892362594604,0.5559442639350891
s3_gw,0.31078994274139404,0.3460160791873932
s3_gw,0.8226299285888672,0.5590237975120544
s3_gw,0.9523286819458008,0.4009411334991455
s3_gw,0.9279744625091553,0.35762110352516174
s3_gw,0.7021986246109009,0.6693333387374878
s3_gw,0.9695386290550232,0.7322865128517151
s3_gw,0.7648274302482605,0.5488250255584717
s3_gw,0.5910362601280212,0.5715802907943726
s3_gw,0.9121980667114258,0.2535238564014435
s3_gw,0.6068505644798279,0.34757933020591736
s3_gw,0.26141828298568726,0.22019989788532257
s3_gw,0.6881262063980103,0.40556788444519043
s3_gw,0.1165304034948349,0.09554826468229294
s3_gw,0.8543701171875,0.5972030162811279
s3_gw,0.3302898705005646,0.31602370738983154
s3_gw,0.9121084213256836,0.7237153053283691
s3_gw,0.7464523911476135,0.6108733415603638
s3_gw,0.6775609850883484,0.2258942723274231
s3_gw,0.9301972985267639,0.7193783521652222
s3_gw,0.7253020405769348,0.6878809928894043
s3_gw,0.5973469614982605,0.4280415177345276
s3_gw,0.5435054302215576,0.5511228442192078
s3_gw,0.301364928483963,0.24767518043518066
s3_gw,0.36555033922195435,0.3533470332622528
s3_gw,0.6181216835975647,0.36348626017570496
s3_gw,0.974102795124054,0.7235783934593201
s3_gw,0.34622007608413696,0.3117026388645172
s3_gw,0.8140237331390381,0.6110478043556213
s3_gw,0.8967404365539551,0.6989701986312866
s3_gw,0.5639801025390625,0.3899974822998047
s3_gw,0.7185129523277283,0.675250232219696
s3_gw,0.8562068939208984,0.7286383509635925
s3_gw,0.6186392307281494,0.09021265059709549
s3_gw,0.7497026324272156,0.6157152652740479
s3_gw,0.6760132312774658,0.30830690264701843
s3_gw,0.6121662855148315,0.5717226266860962
s3_gw,0.9005224108695984,0.6361563801765442
s3_gw,0.7253769040107727,0.23808492720127106
s3_gw,0.6756927371025085,0.48660027980804443
s3_gw,0.7443110942840576,0.7172937989234924
s3_gw,0.9388943910598755,0.4402075409889221
s3_gw,0.6079806685447693,0.5284499526023865
s3_gw,0.9927517771720886,0.6941479444503784
s3_gw,0.7935091257095337,0.6506523489952087
s3_gw,0.8569473028182983,0.3795841932296753
s3_gw,0.8489157557487488,0.738987922668457
s3_gw,0.24802398681640625,0.2436990588903427
s3_gw,0.5243282318115234,0.49670320749282837
s3_gw,0.9634082317352295,0.2925187349319458
s3_gw,0.8692288994789124,0.7361727356910706
s3_gw,0.4746816158294678,0.4313060939311981
s3_gw,0.5789878368377686,0.5509581565856934
s3_gw,0.561764121055603,0.4534154534339905
s3_gw,0.7108810544013977,0.4955376386642456
s3_gw,0.9782333374023438,0.3700163662433624
s3_gw,0.37070077657699585,0.4297167956829071
s3_gw,0.9569433927536011,0.6443285346031189
s3_gw,0.3910338878631592,0.49726980924606323
s3_gw,0.6876227259635925,0.29643821716308594
s3_gw,0.6597775220870972,0.5044616460800171
s3_gw,0.557736337184906,0.46577873826026917
s3_gw,0.9970503449440002,0.5896660089492798
s3_gw,0.7094646096229553,0.3113965690135956
s3_gw,0.6069892048835754,0.5286074280738831
s3_gw,0.5477115511894226,0.4594016969203949
s3_gw,0.9838562607765198,0.6376790404319763
s3_gw,0.6642550230026245,0.5085582733154297
s3_gw,0.3154376149177551,0.26997318863868713
s3_gw,0.5867003202438354,0.2447943389415741
s3_gw,0.8759333491325378,0.3680263161659241
s3_gw,0.9489220976829529,0.37814563512802124
s3_gw,0.6472068428993225,0.6307891011238098
s3_gw,0.9809627532958984,0.5195006728172302
s3_gw,0.7683575749397278,0.5214499235153198
s3_gw,0.7906612157821655,0.7738108038902283
s3_gw,0.4848853349685669,0.22231930494308472
s3_gw,0.48110273480415344,0.4067031741142273
s3_gw,0.847891092300415,0.7794216871261597
s3_gw,0.8432602882385254,0.48468440771102905
s3_gw,0.5923207998275757,0.4239727854728699
s3_gw,0.8296535015106201,0.30606809258461
s3_gw,0.5711817741394043,0.458466500043869
s3_gw,0.39658573269844055,0.352160781621933
s3_gw,0.7983784079551697,0.8247863054275513
s3_gw,0.7126903533935547,0.6574214696884155
s3_gw,0.8628129959106445,0.8079044818878174
s3_gw,0.9186667203903198,0.7409960627555847
s3_gw,0.6672817468643188,0.45905131101608276
s3_gw,0.824995219707489,0.6543567776679993
s3_gw,0.4176962673664093,0.351568341255188
s3_gw,0.7153903245925903,0.557981014251709
s3_gw,0.33214128017425537,0.3065405488014221
s3_gw,0.687188982963562,0.5431498885154724
s3_gw,0.4985423684120178,0.3052360713481903
s3_gw,0.9332107901573181,0.6888116598129272
s3_gw,0.9770593047142029,0.6143345832824707
s3_gw,0.5753567218780518,0.35008102655410767
s3_gw,0.7322401404380798,0.4285840690135956
s3_gw,0.6303389072418213,0.5859110355377197
s3_gw,0.6813732981681824,0.22018146514892578
s3_gw,0.624312698841095,0.22687415778636932
s3_gw,0.3704897463321686,0.284774512052536
s3_gw,0.7069509029388428,0.6081153750419617
s3_gw,0.6177825331687927,0.537273108959198
s3_gw,0.5482407212257385,0.4892331063747406
s3_gw,0.8921900391578674,0.7461689114570618
s3_gw,0.6716353893280029,0.580293595790863
s3_gw,0.8129404187202454,0.7122567296028137
s3_gw,0.8776857852935791,0.7262828946113586
s3_gw,0.8090731501579285,0.7036325335502625
s3_gw,0.5014213919639587,0.1263817697763443
s3_gw,0.5402689576148987,0.4705914855003357
s3_gw,0.5011109709739685,0.46564334630966187
s3_gw,0.7827709317207336,0.4173317849636078
s3_gw,0.7952598333358765,0.20093970000743866
s3_gw,0.4491158127784729,0.23191127181053162
s3_gw,0.9497506618499756,0.857182502746582
s3_gw,0.9204239845275879,0.4460802376270294
s3_gw,0.40803948044776917,0.3151780366897583
s3_gw,0.9657811522483826,0.7601622343063354
s3_gw,0.427747517824173,0.420874685049057
s3_gw,0.9319135546684265,0.2467125803232193
s3_gw,0.5818735361099243,0.4138552248477936
s3_gw,0.35590943694114685,0.32310447096824646
s3_gw,0.3957231342792511,0.2504025101661682
s3_gw,0.9142358899116516,0.8062424659729004
s3_gw,0.6154851913452148,0.5583119988441467
s3_gw,0.9259792566299438,0.18457002937793732
s3_gw,0.4587474763393402,0.3918170928955078
s3_gw,0.85506272315979,0.8017295002937317
s3_gw,0.7865790724754333,0.6027558445930481
s3_gw,0.7499427795410156,0.5889204144477844
s3_gw,0.7032632231712341,0.6564183235168457
s3_gw,0.8313680291175842,0.33501189947128296
s3_gw,0.8084397315979004,0.3936784267425537
s3_gw,0.7545498609542847,0.7875011563301086
s3_gw,0.9707233309745789,0.30078402161598206
s3_gw,0.9539369940757751,0.40850499272346497
s3_gw,0.8691333532333374,0.4622384309768677
s3_gw,0.05236499011516571,0.0751623883843422
s3_gw,0.9624388217926025,0.8428981304168701
s3_gw,0.642402708530426,0.5153128504753113
s3_gw,0.5799397230148315,0.4071093201637268
s3_gw,0.9834977388381958,0.35956501960754395
s3_gw,0.9246200323104858,0.41705721616744995
s3_gw,0.730480432510376,0.49043136835098267
s3_gw,0.34269723296165466,0.3626616597175598
s3_gw,0.7384925484657288,0.6180952787399292
s3_gw,0.970037043094635,0.6358819603919983
s3_gw,0.8161040544509888,0.6103145480155945
s3_gw,0.9809113144874573,0.8030278086662292
s3_gw,0.8340268731117249,0.737183153629303
s3_gw,0.7335705757141113,0.7140035033226013
s3_gw,0.2327495813369751,0.15265491604804993
s3_gw,0.8309088945388794,0.6594225168228149
s3_gw,0.5561853051185608,0.2207707017660141
s3_gw,0.4997926950454712,0.4007410705089569
s3_gw,0.9691948890686035,0.8592958450317383
s3_gw,0.7667944431304932,0.5902768969535828
s3_gw,0.8059453964233398,0.5564950704574585
s3_gw,0.6825497150421143,0.3484289348125458
s3_gw,0.4590400159358978,0.29674604535102844
s3_gw,0.83851158618927,0.8122936487197876
s3_gw,0.6655645966529846,0.6160115003585815
s3_gw,0.8682575225830078,0.5805211067199707
s3_gw,0.7474684119224548,0.7183198928833008
s3_gw,0.8140208125114441,0.19312059879302979
s3_gw,0.4587917923927307,0.2712123692035675
s3_gw,0.5914498567581177,0.5156103372573853
s3_gw,0.5812878608703613,0.4081823527812958
s3_gw,0.7449342012405396,0.41485950350761414
s3_gw,0.8982759714126587,0.7722308039665222
s3_gw,0.6824997067451477,0.5324647426605225
s3_gw,0.7729180455207825,0.41072067618370056
s3_gw,0.730362594127655,0.6813608407974243
s3_gw,0.6977227926254272,0.6405463814735413
s3_gw,0.7974584102630615,0.7282031774520874
s3_gw,0.8775695562362671,0.6452257037162781
s3_gw,0.851966142654419,0.7987982630729675
s3_gw,0.9391992688179016,0.31669458746910095
s3_gw,0.39950746297836304,0.49196720123291016
s3_gw,0.9931232333183289,0.2749747335910797
s3_gw,0.9957023859024048,0.9112001657485962
s3_gw,0.8114511370658875,0.7428491711616516
s3_gw,0.9327625632286072,0.5513656139373779
s3_gw,0.8524863719940186,0.6616957187652588
s3_gw,0.5451673865318298,0.36354687809944153
s3_gw,0.9366678595542908,0.6516498923301697
s3_gw,0.16066525876522064,0.17509083449840546
s3_gw,0.21220505237579346,0.11871184408664703
s3_gw,0.5944368243217468,0.4788570702075958
s3_gw,0.835092306137085,0.44390952587127686
s3_gw,0.466269314289093,0.3085018992424011
s3_gw,0.8519357442855835,0.39487478137016296
s3_gw,0.618015706539154,0.4316857159137726
s3_gw,0.5524152517318726,0.4573136270046234
s3_gw,0.4747381806373596,0.39150533080101013
s3_gw,0.7567748427391052,0.4657898247241974
s3_gw,0.7544804811477661,0.6654505133628845
s3_gw,0.8347526788711548,0.8284537196159363
s3_gw,0.8357358574867249,0.5681864023208618
s3_gw,0.6683847904205322,0.24808943271636963
s3_gw,0.6940352320671082,0.6710440516471863
s3_gw,0.22454003989696503,0.2367078810930252
s3_gw,0.5614774823188782,0.5077901482582092
s3_gw,0.33458757400512695,0.3273564875125885
s3_gw,0.7004082798957825,0.6190716624259949
s3_gw,0.9533771276473999,0.41638627648353577
s3_gw,0.7207324504852295,0.6079638004302979
s3_gw,0.9448050856590271,0.7763738632202148
s3_gw,0.2960648536682129,0.28237006068229675
s3_gw,0.7326472997665405,0.37334656715393066
s3_gw,0.6968383193016052,0.5511036515235901
s3_gw,0.9822442531585693,0.6174014806747437
s3_gw,0.6948915123939514,0.7972519993782043
s3_gw,0.8900606036186218,0.47296029329299927
s3_gw,0.968819797039032,0.4015020430088043
s3_gw,0.6513565182685852,0.6424416303634644
s3_gw,0.9533716440200806,0.7601125836372375
s3_gw,0.6900086998939514,0.6231855154037476
s3_gw,0.9383177161216736,0.7343190908432007
s3_gw,0.8800802230834961,0.7743616700172424
s3_gw,0.5164430737495422,0.5890254974365234
s3_gw,0.29468679428100586,0.304529070854187
s3_gw,0.6086459755897522,0.5958688259124756
s3_gw,0.8588941097259521,0.6595826745033264
s3_gw,0.5915453433990479,0.2919658124446869
s3_gw,0.6700321435928345,0.5123469829559326
s3_gw,0.7370412945747375,0.3290906548500061
s3_gw,0.564370334148407,0.5577529072761536
s3_gw,0.32871294021606445,0.5494819283485413
s3_gw,0.6749114394187927,0.5459734201431274
s3_gw,0.7006155848503113,0.5602118968963623
s3_gw,0.9384539723396301,0.6123481392860413
s3_gw,0.6987485885620117,0.4454226493835449
s3_gw,0.7518854141235352,0.46088072657585144
s3_gw,0.4844236671924591,0.2176315039396286
s3_gw,0.8079343438148499,0.36804234981536865
s3_gw,0.8092665672302246,0.8010813593864441
s3_gw,0.566516637802124,0.5840891003608704
s3_gw,0.7800509333610535,0.5609743595123291
s3_gw,0.7191828489303589,0.6043965816497803
s3_gw,0.5725650191307068,0.4708362817764282
s3_gw,0.7788359522819519,0.382587730884552
s3_gw,0.7114399075508118,0.6248447299003601
s3_gw,0.9678410887718201,0.19385676085948944
s3_gw,0.8887560963630676,0.8099613785743713
s3_gw,0.9341549873352051,0.6674482822418213
s3_gw,0.9422006607055664,0.553236722946167
s3_gw,0.6609518527984619,0.6113236546516418
s3_gw,0.3071688413619995,0.33785924315452576
s3_gw,0.9452499151229858,0.2960168123245239
s3_gw,0.9144647121429443,0.6373779773712158
s3_gw,0.769220232963562,0.6035218238830566
s3_gw,0.8794004917144775,0.8649702072143555
s3_gw,0.128054678440094,0.08105386793613434
s3_gw,0.9379767775535583,0.8256492614746094
s3_gw,0.8803770542144775,0.5904660224914551
s3_gw,0.9265507459640503,0.43779128789901733
s3_gw,0.7915960550308228,0.43178591132164
s3_gw,0.2709326148033142,0.2548038959503174
s3_gw,0.939513087272644,0.7547687292098999
s3_gw,0.41125160455703735,0.2866624891757965
s3_gw,0.7364967465400696,0.32045215368270874
s3_gw,0.4403918385505676,0.40479016304016113
s3_gw,0.5375733375549316,0.3341371715068817
s3_gw,0.8862116932868958,0.8863413333892822
s3_gw,0.764121949672699,0.5567031502723694
s3_gw,0.7104006409645081,0.4965575337409973
s3_gw,0.3570975363254547,0.37498587369918823
s3_gw,0.666265606880188,0.39354225993156433
s3_gw,0.26314929127693176,0.2417449951171875
s3_gw,0.8085060715675354,0.3083529472351074
s3_gw,0.9515450596809387,0.4291377365589142
s3_gw,0.7895895838737488,0.5854980945587158
s3_gw,0.7894777655601501,0.7218391299247742
s3_gw,0.5475448966026306,0.3341175615787506
s3_gw,0.484336793422699,0.2312770038843155
s3_gw,0.8956220149993896,0.4094293415546417
s3_gw,0.9157068133354187,0.5037424564361572
s3_gw,0.8933169841766357,0.7626780867576599
s3_gw,0.7931350469589233,0.5291231274604797
s3_gw,0.6303822994232178,0.4487724304199219
s3_gw,0.42104649543762207,0.4820520877838135
s3_gw,0.6034654378890991,0.4581930935382843
s3_gw,0.5766262412071228,0.5407670736312866
s3_gw,0.5447893142700195,0.5286574363708496
s3_gw,0.7825242280960083,0.5158425569534302
s3_gw,0.6141921281814575,0.46676966547966003
s3_gw,0.23559938371181488,0.2170964777469635
s3_gw,0.6235560178756714,0.5313102602958679
s3_gw,0.6399629712104797,0.6797213554382324
s3_gw,0.7900470495223999,0.6907862424850464
s3_gw,0.6899965405464172,0.5362685918807983
s3_gw,0.23726710677146912,0.40895310044288635
s3_gw,0.6336842775344849,0.5032955408096313
s3_gw,0.9596832394599915,0.6456714272499084
s3_gw,0.6379178166389465,0.5024120211601257
s3_gw,0.7546358704566956,0.7094431519508362
s3_gw,0.8776126503944397,0.6799710988998413
s3_gw,0.6387535929679871,0.17572247982025146
s3_gw,0.6585243940353394,0.3127300441265106
s3_gw,0.5253851413726807,0.3846834599971771
s3_gw,0.8352692723274231,0.6441254019737244
s3_gw,0.882391631603241,0.26659706234931946
s3_gw,0.8289388418197632,0.18254318833351135
s3_gw,0.5032627582550049,0.4820869565010071
s3_gw,0.7633827328681946,0.30012837052345276
s3_gw,0.9663136601448059,0.7838916182518005
s3_gw,0.8699489235877991,0.6117108464241028
s3_gw,0.6687180995941162,0.5714447498321533
s3_gw,0.22726337611675262,0.12004899233579636
s3_gw,0.5650541186332703,0.638050377368927
s3_gw,0.7767919898033142,0.5040586590766907
s3_gw,0.861015796661377,0.647903323173523
s3_gw,0.7899284362792969,0.5516071915626526
s3_gw,0.9209030866622925,0.7344349026679993
s3_gw,0.9787144064903259,0.4491078555583954
s3_gw,0.8102896213531494,0.618169367313385
s3_gw,0.5983808040618896,0.4935002326965332
s3_gw,0.780276358127594,0.3313528895378113
s3_gw,0.5594897866249084,0.11070845276117325
s3_gw,0.9398019313812256,0.5114187598228455
s3_gw,0.9299876689910889,0.27897635102272034
s3_gw,0.4801596701145172,0.5633753538131714
s3_gw,0.9237038493156433,0.8176152110099792
s3_gw,0.9508968591690063,0.1369682401418686
s3_gw,0.4842442572116852,0.33024540543556213
s3_gw,0.9441307187080383,0.8339568376541138
s3_gw,0.991213321685791,0.2371266484260559
s3_gw,0.7423398494720459,0.7011526823043823
s3_gw,0.9993325471878052,0.5326651334762573
s3_gw,0.8956884145736694,0.5764802098274231
s3_gw,0.6324324011802673,0.48589831590652466
s3_gw,0.4178487956523895,0.302933931350708
s3_gw,0.6415479779243469,0.5195544958114624
s3_gw,0.31074389815330505,0.17037929594516754
s3_gw,0.9946633577346802,0.12474846839904785
s3_gw,0.523318886756897,0.48277679085731506
s3_gw,0.5079059600830078,0.3300057053565979
s3_gw,0.8577733039855957,0.4915187954902649
s3_gw,0.7662292718887329,0.5476322174072266
s3_gw,0.7889981865882874,0.2195037305355072
s3_gw,0.7169009447097778,0.7002749443054199
s3_gw,0.9649433493614197,0.7783976793289185
s3_gw,0.7393066883087158,0.3946913778781891
s3_gw,0.6357727646827698,0.17484325170516968
s3_gw,0.655824601650238,0.6154388785362244
s3_gw,0.877751886844635,0.6060519218444824
s3_gw,0.388686865568161,0.340615838766098
s3_gw,0.6520556807518005,0.6035313010215759
s3_gw,0.8524787425994873,0.6312074661254883
s3_gw,0.15816032886505127,0.18105639517307281
s3_gw,0.8724799752235413,0.7915684580802917
s3_gw,0.6057823300361633,0.7035913467407227
s3_gw,0.7020019888877869,0.7069962620735168
s3_gw,0.9100508689880371,0.7171093821525574
s3_gw,0.7942371368408203,0.6739195585250854
s3_gw,0.7533366680145264,0.24089695513248444
s3_gw,0.5639466047286987,0.5200730562210083
s3_gw,0.7475754618644714,0.5069859027862549
s3_gw,0.9960547089576721,0.7935037016868591
s3_gw,0.818666398525238,0.6134382486343384
s3_gw,0.5867605805397034,0.5082336068153381
s3_gw,0.6432604193687439,0.43124738335609436
s3_gw,0.8056930899620056,0.6027517914772034
s3_gw,0.517693817615509,0.42765191197395325
s3_gw,0.9400026798248291,0.6062270998954773
s3_gw,0.870455801486969,0.5452749133110046
s3_gw,0.7322744131088257,0.4246877133846283
s3_gw,0.9452508091926575,0.5284072756767273
s3_gw,0.9451389908790588,0.7331616878509521
s3_gw,0.8209719657897949,0.4438861012458801
s3_gw,0.5476645231246948,0.5152673125267029
s3_gw,0.6610530018806458,0.2516195774078369
s3_gw,0.8968461751937866,0.8116517663002014
s3_gw,0.8255464434623718,0.5814335346221924
s3_gw,0.614129900932312,0.335508793592453
so3_recon,0.5764439105987549,0.5897468328475952
so3_recon,0.6559724807739258,0.965170681476593
so3_recon,0.4793965816497803,0.42171820998191833
so3_recon,0.8207189440727234,0.9802208542823792
so3_recon,0.4313265383243561,0.16808758676052094
so3_recon,0.7021595239639282,0.6136314868927002
so3_recon,0.665798008441925,0.2342163473367691
so3_recon,0.40987303853034973,0.31823816895484924
so3_recon,0.890404224395752,0.8034743666648865
so3_recon,0.5348528027534485,0.5896503329277039
so3_recon,0.21663515269756317,0.2739373743534088
so3_recon,0.43179959058761597,0.2520199418067932
so3_recon,0.780113160610199,0.9799829125404358
so3_recon,0.8091859221458435,0.8628758192062378
so3_recon,0.8646336197853088,0.6890783309936523
so3_recon,0.493269681930542,0.13875189423561096
so3_recon,0.654221773147583,0.8187792301177979
so3_recon,0.6906706094741821,0.91292804479599
so3_recon,0.9527908563613892,0.8658518195152283
so3_recon,0.9926449656486511,0.9366057515144348
so3_recon,0.9421870708465576,0.8620405197143555
so3_recon,0.41514843702316284,0.4760042428970337
so3_recon,0.6468566656112671,0.43968868255615234
so3_recon,0.6418530344963074,0.8843016028404236
so3_recon,0.489023357629776,0.3656340539455414
so3_recon,0.6735638380050659,0.8181427121162415
so3_recon,0.9488630294799805,0.8408027291297913
so3_recon,0.6245686411857605,0.7108151316642761
so3_recon,0.8903840184211731,0.11372186988592148
so3_recon,0.2485828548669815,0.2183789163827896
so3_recon,0.8210147619247437,0.9601959586143494
so3_recon,0.6759359836578369,0.7831745743751526
so3_recon,0.8212656378746033,0.6121340990066528
so3_recon,0.5956928730010986,0.7179510593414307
so3_recon,0.6903241872787476,0.776705265045166
so3_recon,0.8560040593147278,0.9861289262771606
so3_recon,0.8336758017539978,0.7256656885147095
so3_recon,0.5742184519767761,0.6398962736129761
so3_recon,0.5546866059303284,0.8292396068572998
so3_recon,0.8320262432098389,0.9715672135353088
so3_recon,0.5388923287391663,0.8265384435653687
so3_recon,0.8451589941978455,0.6530846357345581
so3_recon,0.952949583530426,0.3925417363643646
so3_recon,0.421414315700531,0.49396470189094543
so3_recon,0.23295527696609497,0.3711729347705841
so3_recon,0.8137098550796509,0.8003900051116943
so3_recon,0.35521814227104187,0.2988876700401306
so3_recon,0.8140394687652588,0.7302631735801697
so3_recon,0.7505030632019043,0.8153291940689087
so3_recon,0.7261689305305481,0.9367929100990295
so3_recon,0.8503530025482178,0.9345179200172424
so3_recon,0.7715299725532532,0.678861141204834
so3_recon,0.45047250390052795,0.6084166765213013
so3_recon,0.4671092629432678,0.21783368289470673
so3_recon,0.9313111901283264,0.7923200130462646
so3_recon,0.40133464336395264,0.4668726623058319
so3_recon,0.3302898705005646,0.4818170368671417
so3_recon,0.9271467924118042,0.8743978142738342
so3_recon,0.661629855632782,0.851966381072998
so3_recon,0.8532478213310242,0.7940221428871155
so3_recon,0.2636290490627289,0.6238583922386169
so3_recon,0.6478183269500732,0.6792507767677307
so3_recon,0.8288000822067261,0.6406652927398682
so3_recon,0.8985774517059326,0.8457954525947571
so3_recon,0.38701102137565613,0.40687474608421326
so3_recon,0.9022361040115356,0.744470477104187
so3_recon,0.8362818360328674,0.7596706748008728
so3_recon,0.44242531061172485,0.6593982577323914
so3_recon,0.7720634937286377,0.692793607711792
so3_recon,0.6016900539398193,0.9797188639640808
so3_recon,0.6532069444656372,0.8450098633766174
so3_recon,0.9857972264289856,0.9400933384895325
so3_recon,0.5666391849517822,0.7697368264198303
so3_recon,0.8053520321846008,0.9001538157463074
so3_recon,0.5590946674346924,0.5993434190750122
so3_recon,0.33057132363319397,0.14230497181415558
so3_recon,0.6750115156173706,0.8759106993675232
so3_recon,0.9444087743759155,0.9938482642173767
so3_recon,0.5493262410163879,0.5862856507301331
so3_recon,0.23524810373783112,0.3604154884815216
so3_recon,0.800588846206665,0.9372158646583557
so3_recon,0.29565170407295227,0.37181803584098816
so3_recon,0.8290640711784363,0.9435486197471619
so3_recon,0.8168303370475769,0.5275766849517822
so3_recon,0.11395632475614548,0.08250582963228226
so3_recon,0.9033914804458618,0.9872698187828064
so3_recon,0.6600416302680969,0.841262698173523
so3_recon,0.9243378043174744,0.8961324095726013
so3_recon,0.7985599040985107,0.7550017833709717
so3_recon,0.6852908730506897,0.7692869901657104
so3_recon,0.7752504348754883,0.9347929954528809
so3_recon,0.9261066317558289,0.6892068982124329
so3_recon,0.7664676904678345,0.9645920991897583
so3_recon,0.9305141568183899,0.7448458671569824
so3_recon,0.5278646945953369,0.5029550194740295
so3_recon,0.9228925704956055,0.9788432121276855
so3_recon,0.8867888450622559,0.9536834955215454
so3_recon,0.6267240643501282,0.750045657157898
so3_recon,0.8441668152809143,0.33815228939056396
so3_recon,0.492770254611969,0.7195777297019958
so3_recon,0.8148983716964722,0.9745585322380066
so3_recon,0.36681699752807617,0.5329227447509766
so3_recon,0.6641284823417664,0.9195647239685059
so3_recon,0.7146900296211243,0.7365736365318298
so3_recon,0.815923810005188,0.9060350656509399
so3_recon,0.7653741240501404,0.9413455128669739
so3_recon,0.11832761764526367,0.1972336769104004
so3_recon,0.8924266695976257,0.9779828786849976
so3_recon,0.909885048866272,0.9993268251419067
so3_recon,0.6891722083091736,0.9701465964317322
so3_recon,0.4915578067302704,0.7972689270973206
so3_recon,0.6234106421470642,0.5418569445610046
so3_recon,0.5703895092010498,0.7504062056541443
so3_recon,0.7208755016326904,0.7887426614761353
so3_recon,0.7794108390808105,0.7162792682647705
so3_recon,0.7035407423973083,0.9894229173660278
so3_recon,0.5397401452064514,0.8024052977561951
so3_recon,0.46987807750701904,0.4610155522823334
so3_recon,0.7013454437255859,0.8146178126335144
so3_recon,0.8417301774024963,0.9523298144340515
so3_recon,0.4750215709209442,0.7239518165588379
so3_recon,0.9772376418113708,0.4015759527683258
so3_recon,0.9100093245506287,0.7783070802688599
so3_recon,0.12198679894208908,0.1629147082567215
so3_recon,0.7958410978317261,0.7552841305732727
so3_recon,0.8707779049873352,0.9691619873046875
so3_recon,0.8595165014266968,0.9114676713943481
so3_recon,0.5999159812927246,0.8635151982307434
so3_recon,0.5066647529602051,0.3059864938259125
so3_recon,0.21864409744739532,0.2377062737941742
so3_recon,0.509897768497467,0.6541831493377686
so3_recon,0.4378645122051239,0.5879141092300415
so3_recon,0.9685394763946533,0.533199667930603
so3_recon,0.7002536058425903,0.8844781517982483
so3_recon,0.8699405789375305,0.7031185626983643
so3_recon,0.2166305035352707,0.31707847118377686
so3_recon,0.6753197312355042,0.43569183349609375
so3_recon,0.2601991891860962,0.40916329622268677
so3_recon,0.9135395884513855,0.8875707387924194
so3_recon,0.7275868654251099,0.7353004217147827
so3_recon,0.907877504825592,0.9348312616348267
so3_recon,0.7951834201812744,0.5610530376434326
so3_recon,0.939289391040802,0.7559882998466492
so3_recon,0.6980099678039551,0.579099178314209
so3_recon,0.8185901641845703,0.8485094904899597
so3_recon,0.8411920070648193,0.9622358679771423
so3_recon,0.3871426284313202,0.646066427230835
so3_recon,0.49381035566329956,0.3822001516819
so3_recon,0.9335474371910095,0.3879918158054352
so3_recon,0.9629305005073547,0.8697530031204224
so3_recon,0.907224714756012,0.9590898156166077
so3_recon,0.6280927658081055,0.8400154709815979
so3_recon,0.920409083366394,0.9259539246559143
so3_recon,0.7568804621696472,0.42572295665740967
so3_recon,0.861775815486908,0.9512248039245605
so3_recon,0.8533926606178284,0.7733643054962158
so3_recon,0.9180446863174438,0.9195148944854736
so3_recon,0.5640175342559814,0.676377534866333
so3_recon,0.6115900874137878,0.4493994414806366
so3_recon,0.9748785495758057,0.9047114849090576
so3_recon,0.6512538194656372,0.9031575322151184
so3_recon,0.4679964780807495,0.5952013731002808
so3_recon,0.6913913488388062,0.783494234085083
so3_recon,0.6889361143112183,0.9723657965660095
so3_recon,0.8345206379890442,0.9220147728919983
so3_recon,0.4141242504119873,0.4293213486671448
so3_recon,0.5391972661018372,0.7477895021438599
so3_recon,0.46386510133743286,0.4769572615623474
so3_recon,0.8563425540924072,0.8767003417015076
so3_recon,0.5694988965988159,0.6467316746711731
so3_recon,0.7252722978591919,0.9449589848518372
so3_recon,0.49212217330932617,0.4269682466983795
so3_recon,0.9347472786903381,0.9239533543586731
so3_recon,0.6806035041809082,0.835538923740387
so3_recon,0.6267064809799194,0.47877028584480286
so3_recon,0.641897976398468,0.8780159950256348
so3_recon,0.9185028076171875,0.9902089834213257
so3_recon,0.8054113984107971,0.9720649719238281
so3_recon,0.6390041708946228,0.7288060784339905
so3_recon,0.7779844999313354,0.40900886058807373
so3_recon,0.5631863474845886,0.97587651014328
so3_recon,0.46934372186660767,0.5392605066299438
so3_recon,0.4863440692424774,0.5431810021400452
so3_recon,0.8095588684082031,0.6162078380584717
so3_recon,0.7566762566566467,0.9288269281387329
so3_recon,0.9981794357299805,0.8307061791419983
so3_recon,0.5345500707626343,0.5120190978050232
so3_recon,0.5575194358825684,0.7794784903526306
so3_recon,0.8667824864387512,0.5608886480331421
so3_recon,0.5319716930389404,0.5783060789108276
so3_recon,0.2568912208080292,0.3432841897010803
so3_recon,0.7886564135551453,0.5939814448356628
so3_recon,0.8687824606895447,0.8351448774337769
so3_recon,0.7505003213882446,0.9612808227539062
so3_recon,0.3781719207763672,0.3267808258533478
so3_recon,0.7686898708343506,0.5969655513763428
so3_recon,0.8492565155029297,0.7498469352722168
so3_recon,0.708311915397644,0.26598823070526123
so3_recon,0.699826717376709,0.6215012073516846
so3_recon,0.738392174243927,0.765722393989563
so3_recon,0.5022268295288086,0.2655476927757263
so3_recon,0.7584934234619141,0.5666250586509705
so3_recon,0.29114457964897156,0.4163714051246643
so3_recon,0.5399077534675598,0.8329347968101501
so3_recon,0.6801223754882812,0.6367299556732178
so3_recon,0.41438597440719604,0.5156607627868652
so3_recon,0.7324921488761902,0.9805027842521667
so3_recon,0.8189057111740112,0.9763460159301758
so3_recon,0.39440417289733887,0.20926760137081146
so3_recon,0.8714552521705627,0.864322304725647
so3_recon,0.7524926066398621,0.8156576156616211
so3_recon,0.4233769178390503,0.2258744090795517
so3_recon,0.7922414541244507,0.7568404674530029
so3_recon,0.7877040505409241,0.9357631206512451
so3_recon,0.7939063906669617,0.42753568291664124
so3_recon,0.8881022334098816,0.9927163124084473
so3_recon,0.8666000366210938,0.9318035244941711
so3_recon,0.9016478657722473,0.2228306233882904
so3_recon,0.46937769651412964,0.714329183101654
so3_recon,0.5855602622032166,0.706240177154541
so3_recon,0.5425047278404236,0.4910784959793091
so3_recon,0.7995426654815674,0.6656291484832764
so3_recon,0.3488512337207794,0.46049612760543823
so3_recon,0.8150338530540466,0.9372092485427856
so3_recon,0.7523289918899536,0.8959073424339294
so3_recon,0.9528815150260925,0.7936556935310364
so3_recon,0.7361016869544983,0.6725513935089111
so3_recon,0.2660929262638092,0.31800153851509094
so3_recon,0.6867368817329407,0.9638844728469849
so3_recon,0.4674924314022064,0.6592812538146973
so3_recon,0.8307386636734009,0.9464964270591736
so3_recon,0.90424644947052,0.9423871040344238
so3_recon,0.5853578448295593,0.08820472657680511
so3_recon,0.8609062433242798,0.5232733488082886
so3_recon,0.8225091695785522,0.9992256164550781
so3_recon,0.5459956526756287,0.4435589909553528
so3_recon,0.8606827855110168,0.7070914506912231
so3_recon,0.5522090792655945,0.43449288606643677
so3_recon,0.6395312547683716,0.8199851512908936
so3_recon,0.5836867094039917,0.7204673886299133
so3_recon,0.2298169583082199,0.38146859407424927
so3_recon,0.6121566295623779,0.9032554626464844
so3_recon,0.84683758020401,0.49855151772499084
so3_recon,0.9241635799407959,0.8713082075119019
so3_recon,0.40378108620643616,0.5417131185531616
so3_recon,0.9354308843612671,0.6353339552879333
so3_recon,0.6602675914764404,0.9942842721939087
so3_recon,0.5267586708068848,0.49987173080444336
so3_recon,0.7841363549232483,0.9243239164352417
so3_recon,0.6029946804046631,0.9126938581466675
so3_recon,0.6492347121238708,0.8839404582977295
so3_recon,0.34644410014152527,0.28057152032852173
so3_recon,0.6368364095687866,0.9834372997283936
so3_recon,0.6116321682929993,0.8644146919250488
so3_recon,0.9966942071914673,0.855587899684906
so3_recon,0.4154653549194336,0.43724730610847473
so3_recon,0.544245719909668,0.417592316865921
so3_recon,0.1728329062461853,0.11725176870822906
so3_recon,0.959348738193512,0.6926375031471252
so3_recon,0.6244228482246399,0.049231626093387604
so3_recon,0.9692721962928772,0.8359894752502441
so3_recon,0.9620927572250366,0.8304129838943481
so3_recon,0.982308566570282,0.9898517727851868
so3_recon,0.9899892210960388,0.5263968110084534
so3_recon,0.40134114027023315,0.9996685981750488
so3_recon,0.565955400466919,0.8991943001747131
so3_recon,0.531678318977356,0.8368651270866394
so3_recon,0.4545866847038269,0.6288748979568481
so3_recon,0.7215375900268555,0.9236509799957275
so3_recon,0.9646748900413513,0.8706020712852478
so3_recon,0.9250543713569641,0.9776985049247742
so3_recon,0.5549509525299072,0.9531542658805847
so3_recon,0.42271876335144043,0.7551770210266113
so3_recon,0.7303524613380432,0.7829319834709167
so3_recon,0.36359623074531555,0.2746365964412689
so3_recon,0.9421547651290894,0.9484961032867432
so3_recon,0.9564564824104309,0.8139475584030151
so3_recon,0.8823590874671936,0.738847553730011
so3_recon,0.7560464143753052,0.8797490000724792
so3_recon,0.681153416633606,0.7734706401824951
so3_recon,0.9148088097572327,0.48550575971603394
so3_recon,0.784008264541626,0.8938572406768799
so3_recon,0.735639750957489,0.6437194347381592
so3_recon,0.9259952306747437,0.7729285955429077
so3_recon,0.6439263224601746,0.5774837136268616
so3_recon,0.6124463677406311,0.8220593333244324
so3_recon,0.917663037776947,0.7010976672172546
so3_recon,0.8487657308578491,0.7935832142829895
so3_recon,0.6284310221672058,0.7477200031280518
so3_recon,0.9155556559562683,0.7278112769126892
so3_recon,0.8577308058738708,0.9557406306266785
so3_recon,0.7180092930793762,0.8911876678466797
so3_recon,0.7059175372123718,0.988644003868103
so3_recon,0.8962316513061523,0.9256700277328491
so3_recon,0.9433705806732178,0.6489677429199219
so3_recon,0.9330289363861084,0.7338956594467163
so3_recon,0.9884404540061951,0.8485041856765747
so3_recon,0.7609460353851318,0.9246272444725037
so3_recon,0.44359004497528076,0.6126783490180969
so3_recon,0.5153746008872986,0.6204860210418701
so3_recon,0.6919341683387756,0.8052113056182861
so3_recon,0.9470961093902588,0.9421725869178772
so3_recon,0.42929384112358093,0.4077308773994446
so3_recon,0.7429133653640747,0.7121192812919617
so3_recon,0.7778140902519226,0.9615028500556946
so3_recon,0.7495980858802795,0.9239163398742676
so3_recon,0.4263627827167511,0.28818216919898987
so3_recon,0.9770693182945251,0.9798426032066345
so3_recon,0.6616661548614502,0.9095872640609741
so3_recon,0.6536804437637329,0.8801339268684387
so3_recon,0.4674185812473297,0.26042547821998596
so3_recon,0.8036242723464966,0.6808459758758545
so3_recon,0.9413790106773376,0.8056674003601074
so3_recon,0.9306371808052063,0.7160420417785645
so3_recon,0.8625930547714233,0.8627573847770691
so3_recon,0.780033528804779,0.7191240191459656
so3_recon,0.7835872769355774,0.9602648615837097
so3_recon,0.7496560215950012,0.6023132801055908
so3_recon,0.8286377191543579,0.14824485778808594
so3_recon,0.44143378734588623,0.4191305339336395
so3_recon,0.9454493522644043,0.22141581773757935
so3_recon,0.5525578260421753,0.13990817964076996
so3_recon,0.583774983882904,0.5160697102546692
so3_recon,0.6671631932258606,0.7938436269760132
so3_recon,0.8591595888137817,0.7485535740852356
so3_recon,0.6520565748214722,0.4320251941680908
so3_recon,0.8507243394851685,0.7596838474273682
so3_recon,0.6800146102905273,0.07565701752901077
so3_recon,0.5936309695243835,0.9500278830528259
so3_recon,0.48029229044914246,0.5691732168197632
so3_recon,0.41268131136894226,0.43702566623687744
so3_recon,0.9914431571960449,0.9039040207862854
so3_recon,0.45540711283683777,0.5248088240623474
so3_recon,0.8508044481277466,0.8664413690567017
so3_recon,0.7766409516334534,0.18726687133312225
so3_recon,0.5978229641914368,0.7660953998565674
so3_recon,0.7402305603027344,0.9502333402633667
so3_recon,0.3790217936038971,0.6152621507644653
so3_recon,0.9407382607460022,0.8086957931518555
so3_recon,0.5341126322746277,0.8752540946006775
so3_recon,0.7482563853263855,0.21463005244731903
so3_recon,0.32152169942855835,0.21505191922187805
so3_recon,0.8269689083099365,0.9974461197853088
so3_recon,0.6841050386428833,0.34728482365608215
so3_recon,0.5136304497718811,0.5964502096176147
so3_recon,0.7382333874702454,0.5456119179725647
so3_recon,0.604469358921051,0.463014155626297
so3_recon,0.49850839376449585,0.8052304983139038
so3_recon,0.8574591875076294,0.9821768999099731
so3_recon,0.7480466961860657,0.9526488184928894
so3_recon,0.3993088901042938,0.3002651631832123
so3_recon,0.13234813511371613,0.16898858547210693
so3_recon,0.7806997299194336,0.7238631844520569
so3_recon,0.9142372608184814,0.9378579258918762
so3_recon,0.93071049451828,0.6899248957633972
so3_recon,0.8468962907791138,0.8962346911430359
so3_recon,0.5749225616455078,0.6579729914665222
so3_recon,0.660107433795929,0.7268365621566772
so3_recon,0.671482503414154,0.9016428589820862
so3_recon,0.9187378883361816,0.8022365570068359
so3_recon,0.9864874482154846,0.9656996130943298
so3_recon,0.9854193925857544,0.8463261127471924
so3_recon,0.6203844547271729,0.7380225658416748
so3_recon,0.6670816540718079,0.9451249837875366
so3_recon,0.26951315999031067,0.3625198006629944
so3_recon,0.637622594833374,0.5734278559684753
so3_recon,0.8490875959396362,0.9713596701622009
so3_recon,0.8555907011032104,0.8564336895942688
so3_recon,0.34361129999160767,0.46914342045783997
so3_recon,0.9361732602119446,0.9087850451469421
so3_recon,0.6355942487716675,0.8188691735267639
so3_recon,0.4356132745742798,0.43191131949424744
so3_recon,0.3928243815898895,0.458617240190506
so3_recon,0.7531503438949585,0.9694849252700806
so3_recon,0.24271896481513977,0.39137592911720276
so3_recon,0.5366067290306091,0.3904166519641876
so3_recon,0.199026957154274,0.25548645853996277
so3_recon,0.6427079439163208,0.9951269626617432
so3_recon,0.6186537146568298,0.5312061905860901
so3_recon,0.379640132188797,0.785763144493103
so3_recon,0.9953294396400452,0.46708589792251587
so3_recon,0.4471631348133087,0.6489409804344177
so3_recon,0.5961155295372009,0.6379070281982422
so3_recon,0.4094478189945221,0.6879159212112427
so3_recon,0.8260581493377686,0.7163118720054626
so3_recon,0.5067653656005859,0.37528446316719055
so3_recon,0.9881516695022583,0.9270258545875549
so3_recon,0.5196678042411804,0.6407748460769653
so3_recon,0.28720736503601074,0.31372755765914917
so3_recon,0.9683680534362793,0.8518484234809875
so3_recon,0.48946794867515564,0.37919583916664124
so3_recon,0.6512247323989868,0.8685126304626465
so3_recon,0.8684266805648804,0.789512574672699
so3_recon,0.6697278022766113,0.7882058024406433
so3_recon,0.740480899810791,0.9380466341972351
so3_recon,0.34988752007484436,0.5121333599090576
so3_recon,0.4379076659679413,0.34427332878112793
so3_recon,0.8193315863609314,0.9867320656776428
so3_recon,0.513639509677887,0.7232224345207214
so3_recon,0.4748072326183319,0.6578540802001953
so3_recon,0.912635862827301,0.9425861239433289
so3_recon,0.5795489549636841,0.6742824912071228
so3_recon,0.5937508344650269,0.38363221287727356
so3_recon,0.4544680714607239,0.5071281790733337
so3_recon,0.6429857015609741,0.059721995145082474
so3_recon,0.9625949263572693,0.9418691992759705
so3_recon,0.8097583651542664,0.7917327880859375
so3_recon,0.2297823578119278,0.3342101275920868
so3_recon,0.82728111743927,0.3818078339099884
so3_recon,0.5645924806594849,0.6399405002593994
so3_recon,0.9204846024513245,0.8017432689666748
so3_recon,0.7649351954460144,0.7593364715576172
so3_recon,0.8136957287788391,0.7607027292251587
so3_recon,0.7015857100486755,0.9620872735977173
so3_recon,0.3524080514907837,0.34536486864089966
so3_recon,0.924472987651825,0.8633795380592346
so3_recon,0.8286545276641846,0.2153439074754715
so3_recon,0.8046318292617798,0.7456893920898438
so3_recon,0.7810739278793335,0.036027152091264725
so3_recon,0.893982470035553,0.6802430152893066
so3_recon,0.5726584792137146,0.9046294689178467
so3_recon,0.8086369037628174,0.9351596236228943
so3_recon,0.739132821559906,0.09201271831989288
so3_recon,0.9729565978050232,0.3370440602302551
so3_recon,0.7003612518310547,0.5256186127662659
so3_recon,0.8761597871780396,0.84602290391922
so3_recon,0.7351179122924805,0.8435738682746887
so3_recon,0.5740684866905212,0.5384979844093323
so3_recon,0.4178083837032318,0.6774206757545471
so3_recon,0.4389078617095947,0.7984285354614258
so3_recon,0.5944111347198486,0.7847172021865845
so3_recon,0.6159639954566956,0.5702322125434875
so3_recon,0.8968461751937866,0.7829981446266174
so3_recon,0.3723700940608978,0.3855457603931427
so3_recon,0.5157281756401062,0.9681412577629089
so3_recon,0.32540163397789,0.3375697135925293
so3_recon,0.714532196521759,0.38861528038978577
so3_recon,0.38653770089149475,0.6026869416236877
so3_recon,0.09502740204334259,0.14118406176567078
so3_recon,0.49640607833862305,0.2365006059408188
so3_recon,0.8310706615447998,0.9469667673110962
so3_recon,0.6066461801528931,0.7928608655929565
so3_recon,0.6984602212905884,0.7032152414321899
so3_recon,0.6166772842407227,0.5455576777458191
so3_recon,0.8983866572380066,0.9279503226280212
so3_recon,0.8299538493156433,0.999301552772522
so3_recon,0.5687341094017029,0.43499743938446045
so3_recon,0.8905802965164185,0.5717313885688782
so3_recon,0.6898742318153381,0.8389928936958313
so3_recon,0.9802231788635254,0.9354352951049805
so3_recon,0.8073034286499023,0.48969796299934387
so3_recon,0.4898892045021057,0.7053463459014893
so3_recon,0.5098900198936462,0.8320928812026978
so3_recon,0.7294610142707825,0.9512872695922852
so3_recon,0.8862186670303345,0.8498206734657288
so3_recon,0.6071792244911194,0.7010321617126465
so3_recon,0.9845147728919983,0.8259065747261047
so3_recon,0.5682775378227234,0.9608108997344971
so3_recon,0.32359009981155396,0.7322784662246704
so3_recon,0.7555394172668457,0.7991577386856079
so3_recon,0.7117677927017212,0.8140672445297241
so3_recon,0.8602549433708191,0.4431959092617035
so3_recon,0.869351863861084,0.942570149898529
so3_recon,0.9036115407943726,0.8945176601409912
so3_recon,0.5880171060562134,0.7313194274902344
so3_recon,0.744579553604126,0.9158906936645508
so3_recon,0.3462640047073364,0.4483591318130493
so3_recon,0.5345304608345032,0.8924208283424377
so3_recon,0.49526238441467285,0.7032613754272461
so3_recon,0.7098075747489929,0.6638451218605042
so3_recon,0.3904358148574829,0.5970479846000671
so3_recon,0.5109679698944092,0.48815494775772095
so3_recon,0.8477121591567993,0.9297371506690979
so3_recon,0.44736573100090027,0.17209313809871674
so3_recon,0.44937562942504883,0.3288373649120331
so3_recon,0.7826455235481262,0.9056792855262756
so3_recon,0.3922331929206848,0.5429897308349609
so3_recon,0.6126041412353516,0.45578533411026
so3_recon,0.5587421655654907,0.6662318706512451
so3_recon,0.7994842529296875,0.7804509997367859
so3_recon,0.7298173904418945,0.3043733239173889
so3_recon,0.6477794647216797,0.6857745051383972
so3_recon,0.5593277215957642,0.6087801456451416
so3_recon,0.218680277466774,0.25477418303489685
so3_recon,0.8709506392478943,0.8247554302215576
so3_recon,0.38458070158958435,0.687353789806366
so3_recon,0.8183749318122864,0.8965251445770264
so3_recon,0.9482573866844177,0.8878406286239624
so3_recon,0.7364893555641174,0.817966878414154
so3_recon,0.2572883069515228,0.28159037232398987
so3_recon,0.5096351504325867,0.22768670320510864
so3_recon,0.8180435299873352,0.5839237570762634
so3_recon,0.926605761051178,0.794345498085022
so3_recon,0.6232956647872925,0.7204715609550476
so3_recon,0.5419594645500183,0.7323824167251587
so3_recon,0.5871597528457642,0.6315848231315613
so3_recon,0.6430864334106445,0.8019574284553528
so3_recon,0.5583686828613281,0.6437771320343018
so3_recon,0.8120273351669312,0.7709081172943115
so3_recon,0.38481995463371277,0.11536390334367752
so3_recon,0.8278295993804932,0.6974167823791504
so3_recon,0.8621399402618408,0.7638556957244873
so3_recon,0.7197846174240112,0.9386876225471497
so3_recon,0.6805570125579834,0.17046818137168884
so3_recon,0.9520671963691711,0.6755566596984863
so3_recon,0.9181404709815979,0.8532488942146301
so3_recon,0.9784042835235596,0.4506828784942627
so3_recon,0.952508270740509,0.358608216047287
so3_recon,0.7638028860092163,0.6719475984573364
so3_recon,0.9438688158988953,0.9667981266975403
so3_recon,0.9687406420707703,0.854101836681366
so3_recon,0.7484105229377747,0.9593044519424438
so3_recon,0.8580413460731506,0.6160107254981995
so3_recon,0.8835559487342834,0.8838353157043457
so3_recon,0.48883119225502014,0.3416084051132202
so3_recon,0.7580659985542297,0.8314449787139893
so3_recon,0.6680707931518555,0.9563181400299072
so3_recon,0.29620978236198425,0.3194010257720947
so3_recon,0.842907726764679,0.8845717310905457
so3_recon,0.18996745347976685,0.12540943920612335
so3_recon,0.6460209488868713,0.44067302346229553
so3_recon,0.8026008605957031,0.5338517427444458
so3_recon,0.42029207944869995,0.5166455507278442
so3_recon,0.5275006890296936,0.9909796118736267
so3_recon,0.6254174709320068,0.875688910484314
so3_recon,0.9644075036048889,0.6550278067588806
so3_recon,0.9978352785110474,0.7876283526420593
so3_recon,0.611467719078064,0.9037243127822876
so3_recon,0.47434061765670776,0.5817480683326721
so3_recon,0.24981752038002014,0.3427121043205261
so3_recon,0.9274269938468933,0.9238508939743042
so3_recon,0.7727962136268616,0.7247721552848816
so3_recon,0.9782289266586304,0.2288939505815506
so3_recon,0.9633024334907532,0.49366700649261475
so3_recon,0.6699667572975159,0.7456169128417969
so3_recon,0.41153019666671753,0.6696254014968872
so3_recon,0.7186231017112732,0.22649432718753815
so3_recon,0.9541451334953308,0.3874345123767853
so3_recon,0.8464142680168152,0.4156806468963623
so3_recon,0.5538944602012634,0.4223088324069977
so3_recon,0.45253100991249084,0.7788923382759094
so3_recon,0.6517044305801392,0.6363038420677185
so3_recon,0.7523228526115417,0.502500057220459
so3_recon,0.18511584401130676,0.2160964161157608
so3_recon,0.9044844508171082,0.9624637365341187
so3_recon,0.5180550217628479,0.2657555341720581
so3_recon,0.6793918609619141,0.890333890914917
so3_recon,0.7466757893562317,0.7773330211639404
so3_recon,0.7411152124404907,0.808536171913147
so3_recon,0.8863277435302734,0.18695080280303955
so3_recon,0.4926247000694275,0.769472599029541
so3_recon,0.6330276727676392,0.6339731812477112
so3_recon,0.9242512583732605,0.8574461936950684
so3_recon,0.4386783838272095,0.5092630386352539
so3_recon,0.4099632203578949,0.6194219589233398
so3_recon,0.14393870532512665,0.20024096965789795
so3_recon,0.755138099193573,0.7738567590713501
so3_recon,0.32302120327949524,0.4599253535270691
so3_recon,0.9671657085418701,0.7974044680595398
so3_recon,0.3465931713581085,0.5077479481697083
so3_recon,0.8299244046211243,0.9996008276939392
so3_recon,0.5792565941810608,0.7803934216499329
so3_recon,0.5997484922409058,0.7188619375228882
so3_recon,0.9865512847900391,0.8428542613983154
so3_recon,0.504463791847229,0.5821134448051453
so3_recon,0.8435627818107605,0.873972475528717
so3_recon,0.8628129959106445,0.9767844080924988
so3_recon,0.5112795829772949,0.42139047384262085
so3_recon,0.43351444602012634,0.20021435618400574
so3_recon,0.6770414113998413,0.5192325711250305
so3_recon,0.8410715460777283,0.5863803625106812
so3_recon,0.5893748998641968,0.43993300199508667
so3_recon,0.7862339019775391,0.7607579827308655
so3_recon,0.9776642918586731,0.9307786822319031
so3_recon,0.8454917669296265,0.9810894727706909
so3_recon,0.9028887748718262,0.7512694597244263
so3_recon,0.4069114327430725,0.23780901730060577
so3_recon,0.9365996718406677,0.9743793606758118
so3_recon,0.7844640612602234,0.47873455286026
so3_recon,0.9661970734596252,0.8858430981636047
so3_recon,0.7011014223098755,0.5609350204467773
so3_recon,0.9799017310142517,0.9217197299003601
so3_recon,0.8109631538391113,0.6824346780776978
so3_recon,0.6491537094116211,0.8149821162223816
so3_recon,0.37436261773109436,0.4629548490047455
so3_recon,0.5505833029747009,0.7494342923164368
so3_recon,0.41480112075805664,0.3811105489730835
so3_recon,0.8908536434173584,0.863793671131134
so3_recon,0.9251445531845093,0.3438149392604828
so3_recon,0.6133556962013245,0.9844112992286682
so3_recon,0.4803542196750641,0.5984302163124084
so3_recon,0.7547802925109863,0.9930799007415771
so3_recon,0.9499196410179138,0.9920361638069153
so3_recon,0.43262094259262085,0.6254498958587646
so3_recon,0.5744752287864685,0.6736736297607422
so3_recon,0.19886960089206696,0.2609422206878662
so3_recon,0.8160678744316101,0.8358376026153564
so3_recon,0.9439645409584045,0.7640978097915649
so3_recon,0.6135388612747192,0.882957398891449
so3_recon,0.8574447631835938,0.5809134840965271
so3_recon,0.8102990984916687,0.9109771251678467
so3_recon,0.24162153899669647,0.18725888431072235
so3_recon,0.9639649391174316,0.9829179048538208
so3_recon,0.8185429573059082,0.6240425705909729
so3_recon,0.36845579743385315,0.6660589575767517
so3_recon,0.9158028364181519,0.8532840609550476
so3_recon,0.7885919809341431,0.9791991710662842
so3_recon,0.633842408657074,0.12830400466918945
so3_recon,0.46258753538131714,0.6445673704147339
so3_recon,0.7883791327476501,0.8258447647094727
so3_recon,0.6032344698905945,0.8702224493026733
so3_recon,0.6943685412406921,0.8862264156341553
so3_recon,0.8602346181869507,0.4167971909046173
so3_recon,0.8958706855773926,0.9373779296875
so3_recon,0.5850124955177307,0.5018190145492554
so3_recon,0.9340640306472778,0.441315621137619
so3_recon,0.8520162105560303,0.7859088778495789
so3_recon,0.965556263923645,0.9662536978721619
so3_recon,0.9597418308258057,0.8576732277870178
so3_recon,0.9414254426956177,0.5243568420410156
so3_recon,0.7896179556846619,0.049062374979257584
so3_recon,0.8331275582313538,0.995979368686676
so3_recon,0.6272214651107788,0.5414348244667053
so3_recon,0.8368374109268188,0.5918101668357849
so3_recon,0.8710812330245972,0.9085220098495483
so3_recon,0.6786147952079773,0.8477703928947449
so3_recon,0.5320284366607666,0.747506856918335
so3_recon,0.45691001415252686,0.5723652839660645
so3_recon,0.9174438118934631,0.8358058929443359
so3_recon,0.9853270053863525,0.8868021368980408
so3_recon,0.45716819167137146,0.6497546434402466
so3_recon,0.4737836718559265,0.13015159964561462
so3_recon,0.8413675427436829,0.9137965440750122
so3_recon,0.7230890989303589,0.9584565758705139
so3_recon,0.9778376221656799,0.8232592940330505
so3_recon,0.7263103127479553,0.9861814379692078
so3_recon,0.9721152186393738,0.8727216124534607
so3_recon,0.45895397663116455,0.27825501561164856
so3_recon,0.8593088984489441,0.503656268119812
so3_recon,0.9682661890983582,0.9716899394989014
so3_recon,0.9702132344245911,0.8780770897865295
so3_recon,0.6988710761070251,0.35754793882369995
so3_recon,0.7278771996498108,0.4270131289958954
so3_recon,0.5815638303756714,0.22448918223381042
so3_recon,0.8953012228012085,0.7674880027770996
so3_recon,0.6854336857795715,0.734744131565094
so3_recon,0.5940263271331787,0.565683126449585
so3_recon,0.5441945195198059,0.6127194762229919
so3_recon,0.8170585632324219,0.863124668598175
so3_recon,0.5806759595870972,0.9456388354301453
so3_recon,0.5041449069976807,0.6415689587593079
so3_recon,0.5768999457359314,0.3982606530189514
so3_recon,0.49267470836639404,0.34952205419540405
so3_recon,0.9852864742279053,0.8667142391204834
so3_recon,0.7594477534294128,0.8268949389457703
so3_recon,0.573691725730896,0.5624943375587463
so3_recon,0.9802221059799194,0.09539692103862762
so3_recon,0.5892911553382874,0.9725498557090759
so3_recon,0.3136187791824341,0.36783158779144287
so3_recon,0.8021771311759949,0.25289422273635864
so3_recon,0.2373061627149582,0.08344912528991699
so3_recon,0.5901346802711487,0.5274564027786255
so3_recon,0.11770755052566528,0.1454003006219864
so3_recon,0.78697270154953,0.9050689339637756
so3_recon,0.5105530619621277,0.6084086298942566
so3_recon,0.8549839854240417,0.9239607453346252
so3_recon,0.8923976421356201,0.5813669562339783
so3_recon,0.9588414430618286,0.91778564453125
so3_recon,0.766853392124176,0.9691210389137268
so3_recon,0.8219764828681946,0.4573199450969696
so3_recon,0.9384002685546875,0.9641939997673035
so3_recon,0.6121914982795715,0.9176624417304993
so3_recon,0.8012648820877075,0.916384756565094
so3_recon,0.8154585361480713,0.8633710145950317
so3_recon,0.8454046845436096,0.8833266496658325
so3_recon,0.6642572283744812,0.8522217273712158
so3_recon,0.5429708361625671,0.6992986798286438
so3_recon,0.9571449160575867,0.4832306206226349
so3_recon,0.49616822600364685,0.8325217366218567
so3_recon,0.928747832775116,0.9584357142448425
so3_recon,0.5694037079811096,0.5917757749557495
so3_recon,0.6513190865516663,0.7516710758209229
so3_recon,0.7129930853843689,0.5579788088798523
so3_recon,0.5867999196052551,0.8379805684089661
so3_recon,0.6892716288566589,0.7422844767570496
so3_recon,0.6924523711204529,0.614000141620636
so3_recon,0.8554948568344116,0.9855006337165833
so3_recon,0.827039897441864,0.8792421221733093
so3_recon,0.4664751887321472,0.56926429271698
so3_recon,0.9736276268959045,0.7753565311431885
so3_recon,0.9092344045639038,0.8429147005081177
so3_recon,0.8874391913414001,0.9114521145820618
so3_recon,0.5261915326118469,0.9475464224815369
so3_recon,0.6593667268753052,0.5999451875686646
so3_recon,0.47268781065940857,0.44365862011909485
so3_recon,0.7390303015708923,0.23715537786483765
so3_recon,0.9788239598274231,0.738610565662384
so3_recon,0.44857653975486755,0.6715438961982727
so3_recon,0.9214751124382019,0.7534879446029663
so3_recon,0.9830300211906433,0.7616435289382935
so3_gw,0.973989725112915,0.5933776497840881
so3_gw,0.9060049653053284,0.8495804667472839
so3_gw,0.27467936277389526,0.471206396818161
so3_gw,0.7250074148178101,0.8417053818702698
so3_gw,0.7143608331680298,0.8519354462623596
so3_gw,0.6267240643501282,0.9708062410354614
so3_gw,0.7759443521499634,0.8060051202774048
so3_gw,0.9493703842163086,0.898258626461029
so3_gw,0.46059972047805786,0.47478044033050537
so3_gw,0.7076305150985718,0.9776612520217896
so3_gw,0.8474444150924683,0.8597099781036377
so3_gw,0.628791093826294,0.47728976607322693
so3_gw,0.9556820392608643,0.31209972500801086
so3_gw,0.8665130734443665,0.5784682631492615
so3_gw,0.7708230018615723,0.7349579334259033
so3_gw,0.8294752240180969,0.9497594237327576
so3_gw,0.481389582157135,0.2777114510536194
so3_gw,0.8315984010696411,0.919601321220398
so3_gw,0.9835808277130127,0.7758709192276001
so3_gw,0.9507211446762085,0.9126179814338684
so3_gw,0.8509984612464905,0.992321789264679
so3_gw,0.16689027845859528,0.2573409974575043
so3_gw,0.9386774301528931,0.7130587697029114
so3_gw,0.9299828410148621,0.629340648651123
so3_gw,0.28060272336006165,0.5499175786972046
so3_gw,0.9711146950721741,0.5433262586593628
so3_gw,0.6050688624382019,0.44916632771492004
so3_gw,0.5083076357841492,0.30974727869033813
so3_gw,0.5040995478630066,0.5574336051940918
so3_gw,0.502935528755188,0.9605342745780945
so3_gw,0.6349806785583496,0.6698349118232727
so3_gw,0.6468785405158997,0.5168096423149109
so3_gw,0.900018572807312,0.5439801812171936
so3_gw,0.900355875492096,0.8102311491966248
so3_gw,0.4617227017879486,0.7859033942222595
so3_gw,0.8282744884490967,0.9590694904327393
so3_gw,0.7545080780982971,0.830156147480011
so3_gw,0.9261091947555542,0.918634295463562
so3_gw,0.5484861731529236,0.5551725625991821
so3_gw,0.46392881870269775,0.5695043802261353
so3_gw,0.9580773711204529,0.7484298944473267
so3_gw,0.5564661622047424,0.66688072681427
so3_gw,0.9316785931587219,0.8739441633224487
so3_gw,0.6717994213104248,0.7056427597999573
so3_gw,0.8537657260894775,0.5868289470672607
so3_gw,0.7711193561553955,0.9015398025512695
so3_gw,0.9638120532035828,0.8813429474830627
so3_gw,0.9979895949363708,0.5195928812026978
so3_gw,0.1982218623161316,0.3570549488067627
so3_gw,0.2843233048915863,0.5003471970558167
so3_gw,0.28313982486724854,0.420072078704834
so3_gw,0.8677514791488647,0.8855859637260437
so3_gw,0.8700554370880127,0.9810076951980591
so3_gw,0.7997061610221863,0.852333128452301
so3_gw,0.6590403318405151,0.9015215635299683
so3_gw,0.6753066182136536,0.8896276354789734
so3_gw,0.5423709154129028,0.17279453575611115
so3_gw,0.8465355038642883,0.610398530960083
so3_gw,0.9981794357299805,0.7991045713424683
so3_gw,0.5303916335105896,0.6014775633811951
so3_gw,0.6922681331634521,0.7746752500534058
so3_gw,0.8698349595069885,0.8408811092376709
so3_gw,0.467072457075119,0.4912431240081787
so3_gw,0.9724801778793335,0.9646565914154053
so3_gw,0.7662136554718018,0.7639514803886414
so3_gw,0.3240674138069153,0.3363145589828491
so3_gw,0.8170832395553589,0.8315361142158508
so3_gw,0.7980714440345764,0.8263993859291077
so3_gw,0.7411628365516663,0.8387573957443237
so3_gw,0.9115583896636963,0.7637567520141602
so3_gw,0.7486733198165894,0.9392201900482178
so3_gw,0.7483581304550171,0.31447020173072815
so3_gw,0.6479316353797913,0.9427986741065979
so3_gw,0.9229604005813599,0.31385451555252075
so3_gw,0.8000839948654175,0.84027099609375
so3_gw,0.8805443048477173,0.22479990124702454
so3_gw,0.8013569116592407,0.5283777713775635
so3_gw,0.8706406950950623,0.9995711445808411
so3_gw,0.6438716650009155,0.9689266085624695
so3_gw,0.5975320339202881,0.18221613764762878
so3_gw,0.4316768944263458,0.6638603806495667
so3_gw,0.2321814000606537,0.09551452845335007
so3_gw,0.480282723903656,0.5930076241493225
so3_gw,0.8871513605117798,0.918593168258667
so3_gw,0.8046400547027588,0.8828487992286682
so3_gw,0.44158294796943665,0.36464056372642517
so3_gw,0.7135893702507019,0.9750678539276123
so3_gw,0.07543939352035522,0.0672704204916954
so3_gw,0.982334315776825,0.8784422874450684
so3_gw,0.9715666770935059,0.48016875982284546
so3_gw,0.8609963059425354,0.651332437992096
so3_gw,0.7827709317207336,0.569451630115509
so3_gw,0.7066777348518372,0.7189503312110901
so3_gw,0.3421785533428192,0.5476442575454712
so3_gw,0.7810313701629639,0.6148499846458435
so3_gw,0.8126358985900879,0.9863876700401306
so3_gw,0.061122994869947433,0.07346443086862564
so3_gw,0.43706217408180237,0.505124032497406
so3_gw,0.28797343373298645,0.5025597214698792
so3_gw,0.4798275828361511,0.8309786915779114
so3_gw,0.767724871635437,0.7455800175666809
so3_gw,0.752142608165741,0.7983056306838989
so3_gw,0.8459482789039612,0.816611111164093
so3_gw,0.4590400159358978,0.45169129967689514
so3_gw,0.4928506910800934,0.7789770364761353
so3_gw,0.9823589324951172,0.44196799397468567
so3_gw,0.7755173444747925,0.6615083813667297
so3_gw,0.8477506637573242,0.6032406687736511
so3_gw,0.4991922974586487,0.7647556066513062
so3_gw,0.5382580757141113,0.5446992516517639
so3_gw,0.7728782296180725,0.7604278326034546
so3_gw,0.452738493680954,0.8677793741226196
so3_gw,0.7265649437904358,0.7884017825126648
so3_gw,0.6735207438468933,0.6137388348579407
so3_gw,0.5460148453712463,0.08596077561378479
so3_gw,0.748028039932251,0.7491926550865173
so3_gw,0.8129224181175232,0.9917557835578918
so3_gw,0.9369699358940125,0.9975751042366028
so3_gw,0.5080912113189697,0.4780513644218445
so3_gw,0.9717147350311279,0.9010213017463684
so3_gw,0.7670381665229797,0.9447393417358398
so3_gw,0.5590665340423584,0.4447941482067108
so3_gw,0.629803478717804,0.9205557703971863
so3_gw,0.8006678223609924,0.6131011247634888
so3_gw,0.9564170837402344,0.939182698726654
so3_gw,0.6134884357452393,0.7631190419197083
so3_gw,0.6544376611709595,0.6935558319091797
so3_gw,0.7651627659797668,0.971608579158783
so3_gw,0.716543436050415,0.8869234919548035
so3_gw,0.6952148079872131,0.7551981210708618
so3_gw,0.6968709230422974,0.826753556728363
so3_gw,0.6680826544761658,0.9357808828353882
so3_gw,0.5441390872001648,0.6423759460449219
so3_gw,0.9887462258338928,0.9185702800750732
so3_gw,0.41533276438713074,0.4087620973587036
so3_gw,0.9031562805175781,0.7947256565093994
so3_gw,0.2079305648803711,0.30225181579589844
so3_gw,0.8145012259483337,0.9206339716911316
so3_gw,0.5847023129463196,0.7561674118041992
so3_gw,0.8427894711494446,0.4056599736213684
so3_gw,0.9187718033790588,0.7026551365852356
so3_gw,0.3723700940608978,0.5084651112556458
so3_gw,0.7897252440452576,0.392808735370636
so3_gw,0.8711556792259216,0.7541943788528442
so3_gw,0.36694011092185974,0.3864319324493408
so3_gw,0.6903242468833923,0.969542384147644
so3_gw,0.942534327507019,0.5999031662940979
so3_gw,0.5009444355964661,0.5363091230392456
so3_gw,0.9123769402503967,0.7629872560501099
so3_gw,0.844333291053772,0.45758166909217834
so3_gw,0.6974970102310181,0.8377178311347961
so3_gw,0.9310720562934875,0.8097543716430664
so3_gw,0.829338788986206,0.9872562885284424
so3_gw,0.9978589415550232,0.46232590079307556
so3_gw,0.2953398525714874,0.5184699296951294
so3_gw,0.5308577418327332,0.7106003165245056
so3_gw,0.6239897012710571,0.6733213067054749
so3_gw,0.37586891651153564,0.5739880204200745
so3_gw,0.9693772196769714,0.9770842790603638
so3_gw,0.6584466099739075,0.8456621170043945
so3_gw,0.7190677523612976,0.807213306427002
so3_gw,0.9948337078094482,0.5984564423561096
so3_gw,0.7868019342422485,0.7461614012718201
so3_gw,0.28646522760391235,0.5031926035881042
so3_gw,0.8294633030891418,0.9741782546043396
so3_gw,0.8364837765693665,0.8256992101669312
so3_gw,0.830033540725708,0.8536205291748047
so3_gw,0.921355128288269,0.27647754549980164
so3_gw,0.8921676278114319,0.9767310619354248
so3_gw,0.957759439945221,0.8053505420684814
so3_gw,0.4211481213569641,0.6507255434989929
so3_gw,0.3897758424282074,0.5143935084342957
so3_gw,0.48131871223449707,0.5269533395767212
so3_gw,0.6921382546424866,0.8295233249664307
so3_gw,0.9365996718406677,0.9258211851119995
so3_gw,0.9657097458839417,0.6308680772781372
so3_gw,0.9889205098152161,0.46438083052635193
so3_gw,0.5762351751327515,0.8210440278053284
so3_gw,0.6273787021636963,0.6745374798774719
so3_gw,0.9187061190605164,0.8437905311584473
so3_gw,0.38439643383026123,0.44613492488861084
so3_gw,0.372659295797348,0.7668931484222412
so3_gw,0.958204984664917,0.8760313391685486
so3_gw,0.898003101348877,0.3287007212638855
so3_gw,0.9150556921958923,0.6263031959533691
so3_gw,0.8033235669136047,0.8685498237609863
so3_gw,0.9927169680595398,0.9310556054115295
so3_gw,0.7583786249160767,0.7868692874908447
so3_gw,0.6849715113639832,0.34009310603141785
so3_gw,0.4932005703449249,0.5931373834609985
so3_gw,0.939018726348877,0.7125611901283264
so3_gw,0.612071692943573,0.6721919178962708
so3_gw,0.7765491604804993,0.7733657360076904
so3_gw,0.9306076169013977,0.7782753109931946
so3_gw,0.9966387748718262,0.9351611137390137
so3_gw,0.4927561283111572,0.14263583719730377
so3_gw,0.4930371642112732,0.6024652719497681
so3_gw,0.4898892045021057,0.6350089311599731
so3_gw,0.8412254452705383,0.8426180481910706
so3_gw,0.7229562997817993,0.8788650035858154
so3_gw,0.6672255396842957,0.7945396304130554
so3_gw,0.5455214381217957,0.553313136100769
so3_gw,0.9120327234268188,0.8728842735290527
so3_gw,0.5238854885101318,0.6763556003570557
so3_gw,0.9895995259284973,0.5510870218276978
so3_gw,0.788367509841919,0.8986555337905884
so3_gw,0.6341434121131897,0.8911710381507874
so3_gw,0.843908429145813,0.8478391766548157
so3_gw,0.9292808175086975,0.8339041471481323
so3_gw,0.9942057728767395,0.758610188961029
so3_gw,0.8852079510688782,0.768883466720581
so3_gw,0.5363078713417053,0.4912930130958557
so3_gw,0.8204254508018494,0.965582549571991
so3_gw,0.5559943318367004,0.03180808946490288
so3_gw,0.9281617999076843,0.7885066270828247
so3_gw,0.6542223691940308,0.847072422504425
so3_gw,0.7053238153457642,0.8743025064468384
so3_gw,0.7493916153907776,0.26992905139923096
so3_gw,0.6395851969718933,0.9988058805465698
so3_gw,0.5670136213302612,0.9838801622390747
so3_gw,0.5965448617935181,0.736833930015564
so3_gw,0.8905413746833801,0.5788646936416626
so3_gw,0.8791167140007019,0.7098877429962158
so3_gw,0.8299809098243713,0.6848734617233276
so3_gw,0.5391972661018372,0.8719435334205627
so3_gw,0.8847262263298035,0.7170572876930237
so3_gw,0.7437118291854858,0.7351857423782349
so3_gw,0.6635496020317078,0.4245585501194
so3_gw,0.836991548538208,0.6676421761512756
so3_gw,0.38362136483192444,0.47546303272247314
so3_gw,0.8959152102470398,0.8887343406677246
so3_gw,0.2327495813369751,0.3176651895046234
so3_gw,0.46284765005111694,0.6450947523117065
so3_gw,0.5020456910133362,0.8030866980552673
so3_gw,0.3829193711280823,0.5153954029083252
so3_gw,0.928607702255249,0.5141428709030151
so3_gw,0.5792849063873291,0.7076466083526611
so3_gw,0.764303982257843,0.8872209191322327
so3_gw,0.9766630530357361,0.8227149844169617
so3_gw,0.9976904392242432,0.5798089504241943
so3_gw,0.926923930644989,0.9266980290412903
so3_gw,0.8355560898780823,0.9767460227012634
so3_gw,0.7718795537948608,0.965336263179779
so3_gw,0.37574049830436707,0.7479152679443359
so3_gw,0.692343533039093,0.9066603779792786
so3_gw,0.9930124282836914,0.6628960371017456
so3_gw,0.553385317325592,0.41025516390800476
so3_gw,0.989775538444519,0.2636590301990509
so3_gw,0.7538608312606812,0.6603277325630188
so3_gw,0.7135573625564575,0.7633014917373657
so3_gw,0.7515397071838379,0.6327475309371948
so3_gw,0.7384638786315918,0.9772577285766602
so3_gw,0.42077645659446716,0.6076299548149109
so3_gw,0.7193761467933655,0.15130554139614105
so3_gw,0.6843957304954529,0.33295708894729614
so3_gw,0.5981441140174866,0.7955777049064636
so3_gw,0.8904863595962524,0.686045229434967
so3_gw,0.886394739151001,0.7204702496528625
so3_gw,0.9530982971191406,0.7664576768875122
so3_gw,0.8862413167953491,0.8797788619995117
so3_gw,0.9801404476165771,0.6974695920944214
so3_gw,0.63728928565979,0.7890411615371704
so3_gw,0.9554266929626465,0.9526574611663818
so3_gw,0.7585446238517761,0.6646671891212463
so3_gw,0.9271835088729858,0.9413574934005737
so3_gw,0.3341110944747925,0.2570585608482361
so3_gw,0.45110681653022766,0.9594666957855225
so3_gw,0.5468623638153076,0.5970944762229919
so3_gw,0.8583946824073792,0.8718947172164917
so3_gw,0.8689711093902588,0.9654125571250916
so3_gw,0.6785622835159302,0.3994090259075165
so3_gw,0.13584569096565247,0.32442912459373474
so3_gw,0.7927708029747009,0.7036154270172119
so3_gw,0.6757495403289795,0.8395287394523621
so3_gw,0.9831023216247559,0.916254997253418
so3_gw,0.9464206695556641,0.9851019978523254
so3_gw,0.6176479458808899,0.9394690990447998
so3_gw,0.5238904356956482,0.6597804427146912
so3_gw,0.7714295983314514,0.8786142468452454
so3_gw,0.7293570041656494,0.9148215651512146
so3_gw,0.9743396043777466,0.6606895923614502
so3_gw,0.8938153982162476,0.9721602201461792
so3_gw,0.5640175342559814,0.732742190361023
so3_gw,0.6269407868385315,0.7169843912124634
so3_gw,0.5384647250175476,0.7667349576950073
so3_gw,0.9623015522956848,0.865843653678894
so3_gw,0.7044440507888794,0.8097299933433533
so3_gw,0.8648968935012817,0.8455792665481567
so3_gw,0.7213100790977478,0.995115339756012
so3_gw,0.615150511264801,0.40943777561187744
so3_gw,0.597831666469574,0.4935602843761444
so3_gw,0.6746602654457092,0.6669777631759644
so3_gw,0.9142930507659912,0.6600591540336609
so3_gw,0.6032344698905945,0.9697955846786499
so3_gw,0.6652534008026123,0.5329993367195129
so3_gw,0.4914340674877167,0.3416109085083008
so3_gw,0.8529186844825745,0.9493798613548279
so3_gw,0.907433807849884,0.7993829250335693
so3_gw,0.6226928234100342,0.9418157935142517
so3_gw,0.5991847515106201,0.8248119354248047
so3_gw,0.6942066550254822,0.8355774879455566
so3_gw,0.7555707097053528,0.7731220722198486
so3_gw,0.9448384046554565,0.9024805426597595
so3_gw,0.9014618992805481,0.5683358907699585
so3_gw,0.6934874653816223,0.8966858983039856
so3_gw,0.36545687913894653,0.5671833753585815
so3_gw,0.8864138722419739,0.9110345244407654
so3_gw,0.8132866024971008,0.936322808265686
so3_gw,0.5219729542732239,0.703466534614563
so3_gw,0.9235795140266418,0.9553146958351135
so3_gw,0.5974307656288147,0.5724513530731201
so3_gw,0.7696484327316284,0.8175745606422424
so3_gw,0.6049527525901794,0.5102119445800781
so3_gw,0.918184220790863,0.6709065437316895
so3_gw,0.952925443649292,0.7230969071388245
so3_gw,0.8542633652687073,0.831834614276886
so3_gw,0.9711691737174988,0.8590676188468933
so3_gw,0.7208240628242493,0.9719128012657166
so3_gw,0.7113842964172363,0.930665135383606
so3_gw,0.8944529891014099,0.9834007620811462
so3_gw,0.47610989212989807,0.3801092505455017
so3_gw,0.6550678610801697,0.6335926651954651
so3_gw,0.9382474422454834,0.8144460916519165
so3_gw,0.7753766179084778,0.877212643623352
so3_gw,0.5571058988571167,0.7311480045318604
so3_gw,0.7243434190750122,0.6642240881919861
so3_gw,0.5836300849914551,0.212901771068573
so3_gw,0.9141880869865417,0.501897931098938
so3_gw,0.277366042137146,0.4155457019805908
so3_gw,0.22832892835140228,0.48264068365097046
so3_gw,0.6390958428382874,0.8333730101585388
so3_gw,0.5916493535041809,0.7943258881568909
so3_gw,0.9499632716178894,0.8658904433250427
so3_gw,0.49791038036346436,0.4574691653251648
so3_gw,0.5892630219459534,0.6491472125053406
so3_gw,0.7093356847763062,0.6298989057540894
so3_gw,0.39456936717033386,0.7220057845115662
so3_gw,0.9928308725357056,0.9235333800315857
so3_gw,0.8364947438240051,0.7293010354042053
so3_gw,0.5737130045890808,0.2706288695335388
so3_gw,0.5022964477539062,0.7405142188072205
so3_gw,0.9627870321273804,0.8867875933647156
so3_gw,0.8080333471298218,0.15930885076522827
so3_gw,0.774238646030426,0.813786506652832
so3_gw,0.9968451857566833,0.7252285480499268
so3_gw,0.6220966577529907,0.890884518623352
so3_gw,0.9810900688171387,0.4003494381904602
so3_gw,0.7762365341186523,0.7979811429977417
so3_gw,0.49826911091804504,0.7133137583732605
so3_gw,0.5035274624824524,0.6977906823158264
so3_gw,0.9043412804603577,0.9235929250717163
so3_gw,0.7955871820449829,0.7526130080223083
so3_gw,0.6367713809013367,0.7072828412055969
so3_gw,0.7545867562294006,0.8521268367767334
so3_gw,0.8286448121070862,0.9850327968597412
so3_gw,0.4880068004131317,0.9735991358757019
so3_gw,0.48567357659339905,0.7296679019927979
so3_gw,0.7709538340568542,0.5182645916938782
so3_gw,0.7450098395347595,0.8900783061981201
so3_gw,0.9166874885559082,0.8892247080802917
so3_gw,0.8059453964233398,0.9161806106567383
so3_gw,0.7715796828269958,0.9474905133247375
so3_gw,0.8111762404441833,0.9411666393280029
so3_gw,0.8617472052574158,0.6375063061714172
so3_gw,0.6314631700515747,0.9177224040031433
so3_gw,0.815599262714386,0.940730094909668
so3_gw,0.6740705966949463,0.9454507827758789
so3_gw,0.843993067741394,0.9952324032783508
so3_gw,0.8888787627220154,0.7432299256324768
so3_gw,0.8982474207878113,0.3897631764411926
so3_gw,0.42951202392578125,0.3231881856918335
so3_gw,0.6051970720291138,0.541720449924469
so3_gw,0.6038419008255005,0.7780928015708923
so3_gw,0.8762292265892029,0.6733775734901428
so3_gw,0.8722447156906128,0.732608437538147
so3_gw,0.3997354209423065,0.4936767518520355
so3_gw,0.8853586912155151,0.4659445881843567
so3_gw,0.5836867094039917,0.5311858654022217
so3_gw,0.6395312547683716,0.9165438413619995
so3_gw,0.6027833819389343,0.8350468873977661
so3_gw,0.8825749158859253,0.6367552280426025
so3_gw,0.8469229340553284,0.9719440937042236
so3_gw,0.6286197900772095,0.6500223278999329
so3_gw,0.9418731331825256,0.7804161310195923
so3_gw,0.8141348958015442,0.7380979061126709
so3_gw,0.23134192824363708,0.33186450600624084
so3_gw,0.8196224570274353,0.7919431328773499
so3_gw,0.3259073495864868,0.2045898288488388
so3_gw,0.40757304430007935,0.6679297685623169
so3_gw,0.8090731501579285,0.9338566064834595
so3_gw,0.8400676846504211,0.6466711163520813
so3_gw,0.9403483271598816,0.6035942435264587
so3_gw,0.7344221472740173,0.6953539252281189
so3_gw,0.8760706186294556,0.8710165023803711
so3_gw,0.8657015562057495,0.6812992691993713
so3_gw,0.5165225267410278,0.6799997091293335
so3_gw,0.42457565665245056,0.548709511756897
so3_gw,0.7380861639976501,0.7959904670715332
so3_gw,0.12853676080703735,0.22371143102645874
so3_gw,0.9557861089706421,0.9583221077919006
so3_gw,0.8806369304656982,0.9981389045715332
so3_gw,0.970869243144989,0.6921813488006592
so3_gw,0.7706707119941711,0.78801029920578
so3_gw,0.9067697525024414,0.7549413442611694
so3_gw,0.7492082118988037,0.723046600818634
so3_gw,0.8072231411933899,0.7523741722106934
so3_gw,0.3626117706298828,0.3283339738845825
so3_gw,0.6138284206390381,0.4673317074775696
so3_gw,0.2887527644634247,0.27307796478271484
so3_gw,0.4228530824184418,0.6392316818237305
so3_gw,0.7906503677368164,0.45821380615234375
so3_gw,0.5808315873146057,0.5692711472511292
so3_gw,0.9862542152404785,0.8918483853340149
so3_gw,0.4941069483757019,0.447774201631546
so3_gw,0.6212949156761169,0.6269851922988892
so3_gw,0.8851814270019531,0.9887332916259766
so3_gw,0.4620543122291565,0.6788230538368225
so3_gw,0.38855570554733276,0.20750756561756134
so3_gw,0.7853944897651672,0.9204428195953369
so3_gw,0.7158675789833069,0.8219978213310242
so3_gw,0.7809169292449951,0.9184919595718384
so3_gw,0.9388698935508728,0.9006804823875427
so3_gw,0.629559338092804,0.7807595729827881
so3_gw,0.6675699949264526,0.812849760055542
so3_gw,0.879116415977478,0.7128929495811462
so3_gw,0.8234072923660278,0.6113357543945312
so3_gw,0.4457213878631592,0.45774996280670166
so3_gw,0.750544548034668,0.9042633771896362
so3_gw,0.686167299747467,0.9715057611465454
so3_gw,0.8232423663139343,0.6591892838478088
so3_gw,0.8522489666938782,0.5480618476867676
so3_gw,0.8852049112319946,0.7838805317878723
so3_gw,0.31764131784439087,0.3789852559566498
so3_gw,0.5837604403495789,0.5123079419136047
so3_gw,0.3481315076351166,0.5444192886352539
so3_gw,0.8320702314376831,0.8481593728065491
so3_gw,0.9758095741271973,0.8705437183380127
so3_gw,0.8588941097259521,0.9516823291778564
so3_gw,0.8960357904434204,0.9889618158340454
so3_gw,0.8404327630996704,0.8233456015586853
so3_gw,0.7388482093811035,0.8550231456756592
so3_gw,0.5444009900093079,0.3360612392425537
so3_gw,0.6564484238624573,0.8259953260421753
so3_gw,0.8595342636108398,0.7886572480201721
so3_gw,0.6953935027122498,0.9565647840499878
so3_gw,0.5810991525650024,0.9469659328460693
so3_gw,0.9288173913955688,0.8907924294471741
so3_gw,0.7326115965843201,0.7514238357543945
so3_gw,0.8854019641876221,0.4424053430557251
so3_gw,0.8454422950744629,0.9009118676185608
so3_gw,0.49041178822517395,0.8636128902435303
so3_gw,0.9557589888572693,0.6897779107093811
so3_gw,0.782859742641449,0.7950255870819092
so3_gw,0.4763612449169159,0.6503505706787109
so3_gw,0.624312698841095,0.43016451597213745
so3_gw,0.9737618565559387,0.7958511710166931
so3_gw,0.7903334498405457,0.6432981491088867
so3_gw,0.9168943762779236,0.6605415344238281
so3_gw,0.38711705803871155,0.36049357056617737
so3_gw,0.5966843366622925,0.856866180896759
so3_gw,0.455083429813385,0.6632845997810364
so3_gw,0.6862714290618896,0.9599872827529907
so3_gw,0.8927996754646301,0.7217351198196411
so3_gw,0.9889805316925049,0.6518420577049255
so3_gw,0.5672781467437744,0.36798012256622314
so3_gw,0.7737341523170471,0.9352490305900574
so3_gw,0.6888307929039001,0.7204419374465942
so3_gw,0.4876185357570648,0.6525773406028748
so3_gw,0.6484853029251099,0.9511979818344116
so3_gw,0.9893248677253723,0.4871197044849396
so3_gw,0.5315341353416443,0.3107732832431793
so3_gw,0.7261945605278015,0.8686186671257019
so3_gw,0.485502153635025,0.8682962656021118
so3_gw,0.6642550230026245,0.9144353270530701
so3_gw,0.5788359642028809,0.30103757977485657
so3_gw,0.7189651131629944,0.784674882888794
so3_gw,0.8015209436416626,0.8987208008766174
so3_gw,0.6818181276321411,0.911047637462616
so3_gw,0.8686856627464294,0.8699094653129578
so3_gw,0.5868258476257324,0.9466127157211304
so3_gw,0.9327656626701355,0.8032891750335693
so3_gw,0.7769379615783691,0.8346059322357178
so3_gw,0.8986260294914246,0.9792672395706177
so3_gw,0.5153955817222595,0.6750531792640686
so3_gw,0.6882912516593933,0.6779491305351257
so3_gw,0.9610632658004761,0.9044903516769409
so3_gw,0.8195897936820984,0.8554543256759644
so3_gw,0.6529327630996704,0.8276209235191345
so3_gw,0.8447911143302917,0.30905285477638245
so3_gw,0.7786717414855957,0.5996606945991516
so3_gw,0.39064568281173706,0.44968920946121216
so3_gw,0.7731970548629761,0.9279256463050842
so3_gw,0.44137516617774963,0.5573444962501526
so3_gw,0.959010899066925,0.9502094984054565
so3_gw,0.8334320187568665,0.725005567073822
so3_gw,0.8621296286582947,0.7724704146385193
so3_gw,0.9798960089683533,0.8803256154060364
so3_gw,0.5840203166007996,0.8698051571846008
so3_gw,0.6467158198356628,0.9801822304725647
so3_gw,0.7332977652549744,0.621922492980957
so3_gw,0.3032149374485016,0.5278326272964478
so3_gw,0.6105177998542786,0.4404590129852295
so3_gw,0.9452713131904602,0.9379631280899048
so3_gw,0.4409463703632355,0.5725850462913513
so3_gw,0.8572430610656738,0.24204428493976593
so3_gw,0.7540207505226135,0.9909460544586182
so3_gw,0.9155556559562683,0.672851026058197
so3_gw,0.2836275100708008,0.4018746614456177
so3_gw,0.6984727382659912,0.8326857686042786
so3_gw,0.24763476848602295,0.35104113817214966
so3_gw,0.9251909255981445,0.2506449520587921
so3_gw,0.7506774663925171,0.9862821102142334
so3_gw,0.616777241230011,0.43375328183174133
so3_gw,0.5580682754516602,0.726730227470398
so3_gw,0.5804327130317688,0.5934059619903564
so3_gw,0.8445441126823425,0.6693927645683289
so3_gw,0.23528076708316803,0.3384277820587158
so3_gw,0.722780168056488,0.9118339419364929
so3_gw,0.2931300401687622,0.16794534027576447
so3_gw,0.9103940725326538,0.8169058561325073
so3_gw,0.8905127048492432,0.8986572027206421
so3_gw,0.4396522343158722,0.7891049385070801
so3_gw,0.8492099642753601,0.594285786151886
so3_gw,0.9474183917045593,0.7400821447372437
so3_gw,0.6316733360290527,0.7654034495353699
so3_gw,0.5271562337875366,0.7896513342857361
so3_gw,0.5686407685279846,0.7921543717384338
so3_gw,0.3652486801147461,0.39439085125923157
so3_gw,0.9452508091926575,0.977454662322998
so3_gw,0.5323420166969299,0.260801762342453
so3_gw,0.2637684941291809,0.18145564198493958
so3_gw,0.820364236831665,0.8440657258033752
so3_gw,0.8144435882568359,0.6833177804946899
so3_gw,0.8826820850372314,0.5584532618522644
so3_gw,0.7085116505622864,0.7963349223136902
so3_gw,0.5870988368988037,0.4888165593147278
so3_gw,0.6047170162200928,0.8492153286933899
so3_gw,0.6438614726066589,0.6777132153511047
so3_gw,0.8319784998893738,0.8536069393157959
so3_gw,0.9887719750404358,0.9034806489944458
so3_gw,0.3597251772880554,0.3646419048309326
so3_gw,0.8801714181900024,0.5683442950248718
so3_gw,0.6647642850875854,0.8379786610603333
so3_gw,0.9591916799545288,0.9607231616973877
so3_gw,0.7048698663711548,0.3422811031341553
so3_gw,0.8378167152404785,0.9519400596618652
so3_gw,0.7618826627731323,0.8191872835159302
so3_gw,0.6011291146278381,0.9985665678977966
so3_gw,0.6274440884590149,0.7225274443626404
so3_gw,0.9144675135612488,0.927338182926178
so3_gw,0.7052741050720215,0.8496541976928711
so3_gw,0.8725205063819885,0.11471318453550339
so3_gw,0.24422867596149445,0.2783092260360718
so3_gw,0.9381994605064392,0.9053713083267212
so3_gw,0.9067451357841492,0.902227520942688
so3_gw,0.8460590243339539,0.8161368370056152
so3_gw,0.9919400811195374,0.9578076601028442
so3_gw,0.7340683341026306,0.8713724613189697
so3_gw,0.7683409452438354,0.5720569491386414
so3_gw,0.6007769703865051,0.5272414088249207
so3_gw,0.8246707320213318,0.69814532995224
so3_gw,0.42809414863586426,0.36602339148521423
so3_gw,0.9709833264350891,0.755384087562561
so3_gw,0.85344398021698,0.6831275224685669
so3_gw,0.5762549042701721,0.9109476208686829
so3_gw,0.9628974199295044,0.7989559173583984
so3_gw,0.45140424370765686,0.5432475805282593
so3_gw,0.5757299661636353,0.878438413143158
so3_gw,0.9634073376655579,0.9640841484069824
so3_gw,0.793078601360321,0.6211506128311157
so3_gw,0.8468509912490845,0.8797346353530884
so3_gw,0.4255324602127075,0.39264827966690063
so3_gw,0.5622161030769348,0.6460305452346802
so3_gw,0.9308001399040222,0.9809539318084717
so3_gw,0.4371723532676697,0.6243140697479248
so3_gw,0.4013206660747528,0.6147112250328064
so3_gw,0.596476674079895,0.6626124382019043
so3_gw,0.41851991415023804,0.5988307595252991
so3_gw,0.6977171897888184,0.950886607170105
so3_gw,0.6321802735328674,0.49732354283332825
so3_gw,0.6635717749595642,0.6658766269683838
so3_gw,0.9294726848602295,0.9384236335754395
so3_gw,0.40170127153396606,0.6652466654777527
so3_gw,0.9563727974891663,0.891615092754364
so3_gw,0.6529415249824524,0.9928169846534729
so3_gw,0.5227371454238892,0.2797802984714508
so3_gw,0.7785823345184326,0.9285399317741394
so3_gw,0.6615468263626099,0.7018961906433105
so3_gw,0.3744633197784424,0.5448830127716064
so3_gw,0.9796332120895386,0.5841682553291321
so3_gw,0.7846940159797668,0.30117037892341614
so3_gw,0.7573978900909424,0.8976814150810242
so3_gw,0.700826108455658,0.8909479379653931
so3_gw,0.8800696134567261,0.8959205150604248
so3_gw,0.5469360947608948,0.5522801876068115
so3_gw,0.8261663317680359,0.6696894764900208
so3_gw,0.5889124274253845,0.8040510416030884
so3_gw,0.6558694243431091,0.9760091304779053
so3_gw,0.7755281925201416,0.502629816532135
so3_gw,0.7997400760650635,0.7824612855911255
so3_gw,0.4728682041168213,0.3942401707172394
so3_gw,0.7089142203330994,0.6920129060745239
so3_gw,0.6190245151519775,0.350169837474823
so3_gw,0.7958410978317261,0.7249903082847595
so3_gw,0.8921900391578674,0.9335914254188538
so3_gw,0.7358940243721008,0.9727010726928711
so3_gw,0.8831930756568909,0.4551251530647278
so3_gw,0.7953593134880066,0.8470065593719482
so3_gw,0.8506419658660889,0.4145969748497009
so3_gw,0.7834044098854065,0.8853359222412109
so3_gw,0.4458062946796417,0.7445324659347534
so3_gw,0.5649928450584412,0.5088866949081421
so3_gw,0.2984616756439209,0.4723990261554718
so3_gw,0.9658908247947693,0.7960197329521179
so3_gw,0.6724897623062134,0.9738101959228516
so3_gw,0.6355546712875366,0.3157036602497101
so3_gw,0.623607873916626,0.7352041006088257
so3_gw,0.5254297256469727,0.8040068745613098
so3_gw,0.6815245747566223,0.8259129524230957
so3_gw,0.7746071815490723,0.36568593978881836
so3_gw,0.9487064480781555,0.6476166844367981
so3_gw,0.9660695791244507,0.9471930861473083
so3_gw,0.6714658737182617,0.7736563682556152
so3_gw,0.7580026984214783,0.46206068992614746
so3_gw,0.5702627301216125,0.9586575627326965
so3_gw,0.36240288615226746,0.6430595517158508
so3_gw,0.7916308045387268,0.6962900161743164
so3_gw,0.8795124292373657,0.8963602185249329
so3_gw,0.8259925842285156,0.916366457939148
so3_gw,0.5052483677864075,0.727168083190918
so3_gw,0.5082582831382751,0.6765917539596558
so3_gw,0.5376396179199219,0.6491993069648743
so3_gw,0.4710296094417572,0.4700791835784912
so3_gw,0.29632148146629333,0.34547463059425354
so3_gw,0.7459059953689575,0.7305029630661011
so3_gw,0.4695014953613281,0.6236781477928162
so3_gw,0.9391040205955505,0.8072214722633362
so3_gw,0.7616317272186279,0.89995938539505
so3_gw,0.8751237988471985,0.3769986927509308
so3_gw,0.8538703322410583,0.5859711170196533
so3_gw,0.7466426491737366,0.928493320941925
so3_gw,0.8738700151443481,0.7656218409538269
so3_gw,0.8704148530960083,0.9578431844711304
so3_gw,0.8052546381950378,0.24391146004199982
so3_gw,0.8143596649169922,0.846176266670227
so3_gw,0.6572014093399048,0.801205575466156
so3_gw,0.5867533683776855,0.8958776593208313
so3_gw,0.7284529209136963,0.923417329788208
so3_gw,0.9058799743652344,0.7981354594230652
so3_gw,0.4104655981063843,0.46051934361457825
so3_gw,0.9822439551353455,0.6781330108642578
so3_gw,0.31154295802116394,0.3120957016944885
so3_gw,0.8428426384925842,0.970605731010437
so3_gw,0.6344097852706909,0.8309822082519531
so3_gw,0.5684739351272583,0.8991339206695557
so3_gw,0.9625582695007324,0.7563543915748596
so3_gw,0.6648627519607544,0.9672500491142273
so3_gw,0.37095576524734497,0.6183515191078186
so3_gw,0.934191882610321,0.8024864196777344
so3_gw,0.8722610473632812,0.7697878479957581
so3_gw,0.20780633389949799,0.32470935583114624
so3_gw,0.48153170943260193,0.6348220705986023
so3_gw,0.35753050446510315,0.6117108464241028
so3_gw,0.31880152225494385,0.42689937353134155
so3_gw,0.901319682598114,0.888446033000946
so3_gw,0.47159042954444885,0.774553656578064
so3_gw,0.8817315697669983,0.39443522691726685
so3_gw,0.38093987107276917,0.3916088342666626
so3_gw,0.323146253824234,0.6002333164215088
so3_gw,0.9535074234008789,0.4915308654308319
so3_gw,0.7946042418479919,0.8588176369667053
so3_gw,0.994198739528656,0.8053585290908813
so3_gw,0.9429577589035034,0.7326841354370117
so3_gw,0.8421668410301208,0.9374806880950928
so3_gw,0.9229826331138611,0.6808784008026123
so3_gw,0.3420736491680145,0.4327813386917114
so3_gw,0.9894856810569763,0.8219249248504639
so3_gw,0.9483155608177185,0.8068922162055969
so3_gw,0.16393205523490906,0.2956233024597168
so3_gw,0.6584648489952087,0.8346301913261414
so3_gw,0.8157907128334045,0.23214256763458252
so3_gw,0.9187884330749512,0.9935680031776428
so3_gw,0.6584469079971313,0.6120770573616028
so3_gw,0.9901074767112732,0.932090163230896
so3_gw,0.7253154516220093,0.8939693570137024
so3_gw,0.4825354218482971,0.5650261640548706
so3_gw,0.7522234916687012,0.3927466869354248
so3_gw,0.8847095966339111,0.8715078234672546
so3_gw,0.5994766354560852,0.773880124092102
so3_gw,0.9366243481636047,0.9483832120895386
so3_gw,0.8760978579521179,0.9458974003791809
so3_gw,0.8583513498306274,0.3765842914581299
so3_gw,0.6128756999969482,0.8291096091270447
so3_gw,0.5241100192070007,0.5983449220657349
so3_gw,0.9279490113258362,0.574698269367218
so3_gw,0.47808709740638733,0.831524670124054
so3_gw,0.8951728940010071,0.7347902655601501
so3_gw,0.8574994206428528,0.8351345658302307
so3_gw,0.7537772059440613,0.9763408303260803
so3_gw,0.556899905204773,0.4490177631378174
