model,true_sphere_distance,learned_distance
r2_gw,0.1290014684200287,0.06801464408636093
r2_gw,0.8583335876464844,0.5709115862846375
r2_gw,0.9503195285797119,0.6008602380752563
r2_gw,0.3826710879802704,0.05112699046730995
r2_gw,0.8555951118469238,0.4996609687805176
r2_gw,0.07347273826599121,0.20472873747348785
r2_gw,0.8342239856719971,0.5222519636154175
r2_gw,0.8862772583961487,0.5741779208183289
r2_gw,0.5515425801277161,0.3300625681877136
r2_gw,0.36314618587493896,0.2012995481491089
r2_gw,0.9069039821624756,0.32581499218940735
r2_gw,0.3928886950016022,0.2550296187400818
r2_gw,0.29599878191947937,0.576395571231842
r2_gw,0.44127562642097473,0.5127716064453125
r2_gw,0.5375434756278992,0.4862681031227112
r2_gw,0.9530013203620911,0.6330748200416565
r2_gw,0.969535231590271,0.5604405403137207
r2_gw,0.5054160356521606,0.3539927303791046
r2_gw,0.9472982883453369,0.6596171259880066
r2_gw,0.9972625374794006,0.631373941898346
r2_gw,0.8536354899406433,0.41461119055747986
r2_gw,0.6847143173217773,0.516773521900177
r2_gw,0.7692548036575317,0.4481367766857147
r2_gw,0.8821447491645813,0.6637255549430847
r2_gw,0.8908973932266235,0.6119239330291748
r2_gw,0.6859763860702515,0.4210665822029114
r2_gw,0.7653529047966003,0.6033145189285278
r2_gw,0.45938071608543396,0.12461525946855545
r2_gw,0.9708338379859924,0.7171833515167236
r2_gw,0.9334442615509033,0.566474199295044
r2_gw,0.9925190806388855,0.6715154647827148
r2_gw,0.7689676880836487,0.5457145571708679
r2_gw,0.9236412048339844,0.6827125549316406
r2_gw,0.8668266534805298,0.49284619092941284
r2_gw,0.47484132647514343,0.5544726252555847
r2_gw,0.4563141167163849,0.2781020700931549
r2_gw,0.7155695557594299,0.6427922248840332
r2_gw,0.7664200067520142,0.5453182458877563
r2_gw,0.7341088056564331,0.3381810188293457
r2_gw,0.9689866304397583,0.7110818028450012
r2_gw,0.825162410736084,0.528654932975769
r2_gw,0.8172913193702698,0.44018352031707764
r2_gw,0.8770059943199158,0.24975603818893433
r2_gw,0.8172413110733032,0.5329150557518005
r2_gw,0.943508505821228,0.4453785717487335
r2_gw,0.9397236704826355,0.6063418388366699
r2_gw,0.9894334673881531,0.6694672703742981
r2_gw,0.9523788094520569,0.2613249123096466
r2_gw,0.9077335596084595,0.5064191222190857
r2_gw,0.40608564019203186,0.5069451928138733
r2_gw,0.932721734046936,0.4863264560699463
r2_gw,0.23985427618026733,0.1325247883796692
r2_gw,0.908941388130188,0.5895824432373047
r2_gw,0.6347121000289917,0.4435221552848816
r2_gw,0.4487813711166382,0.27400830388069153
r2_gw,0.8137483596801758,0.3407948911190033
r2_gw,0.8236910700798035,0.5712746977806091
r2_gw,0.8187744617462158,0.3892526924610138
r2_gw,0.5644492506980896,0.42557772994041443
r2_gw,0.8871826529502869,0.6103318333625793
r2_gw,0.4184316396713257,0.2133743315935135
r2_gw,0.9023610353469849,0.787434995174408
r2_gw,0.807108998298645,0.5785602331161499
r2_gw,0.5486050844192505,0.23525147140026093
r2_gw,0.9131003618240356,0.4162918031215668
r2_gw,0.6806070804595947,0.2613960802555084
r2_gw,0.4446406662464142,0.3187466859817505
r2_gw,0.7615380883216858,0.49845656752586365
r2_gw,0.9704024195671082,0.7101703882217407
r2_gw,0.660000741481781,0.39440080523490906
r2_gw,0.8598306775093079,0.5898922085762024
r2_gw,0.519032895565033,0.29328468441963196
r2_gw,0.8360735177993774,0.5029674172401428
r2_gw,0.9246771931648254,0.6763014793395996
r2_gw,0.688601016998291,0.46595513820648193
r2_gw,0.4596917927265167,0.27534449100494385
r2_gw,0.6962971091270447,0.6772295832633972
r2_gw,0.7079659700393677,0.27530455589294434
r2_gw,0.7445274591445923,0.3422260284423828
r2_gw,0.9777745008468628,0.6280193328857422
r2_gw,0.7669100761413574,0.7069500684738159
r2_gw,0.6839743852615356,0.4301096498966217
r2_gw,0.7823293209075928,0.2619992196559906
r2_gw,0.667309045791626,0.4647611975669861
r2_gw,0.4086846113204956,0.6640545129776001
r2_gw,0.16379188001155853,0.08071072399616241
r2_gw,0.8468252420425415,0.550890326499939
r2_gw,0.926785409450531,0.7435101270675659
r2_gw,0.754675567150116,0.4416951835155487
r2_gw,0.9593108892440796,0.7733983993530273
r2_gw,0.48112279176712036,0.3811345100402832
r2_gw,0.5184847712516785,0.4750802516937256
r2_gw,0.08218822628259659,0.07004943490028381
r2_gw,0.41664862632751465,0.21997131407260895
r2_gw,0.857511043548584,0.5568386316299438
r2_gw,0.613728404045105,0.19009952247142792
r2_gw,0.5146337151527405,0.6165263652801514
r2_gw,0.3226015269756317,0.20838913321495056
r2_gw,0.4903658330440521,0.44150614738464355
r2_gw,0.7680982947349548,0.4594016671180725
r2_gw,0.7631881833076477,0.7810121178627014
r2_gw,0.8857820630073547,0.694459855556488
r2_gw,0.47643494606018066,0.4147057831287384
r2_gw,0.06788448244333267,0.046984270215034485
r2_gw,0.994734525680542,0.7415692806243896
r2_gw,0.9342292547225952,0.6137042045593262
r2_gw,0.6309387683868408,0.2881844639778137
r2_gw,0.5020822882652283,0.2737747132778168
r2_gw,0.7846867442131042,0.08253596723079681
r2_gw,0.8271870017051697,0.6737174987792969
r2_gw,0.5703775882720947,0.6173638105392456
r2_gw,0.5965366363525391,0.22022795677185059
r2_gw,0.9449219107627869,0.6026349067687988
r2_gw,0.4493497908115387,0.5611624717712402
r2_gw,0.5326370596885681,0.14235617220401764
r2_gw,0.22039003670215607,0.16501972079277039
r2_gw,0.7992139458656311,0.5032044649124146
r2_gw,0.9851382970809937,0.6616135835647583
r2_gw,0.43907421827316284,0.3217737674713135
r2_gw,0.24277259409427643,0.12741412222385406
r2_gw,0.5999618172645569,0.5142871737480164
r2_gw,0.5094224214553833,0.5309485793113708
r2_gw,0.8697119951248169,0.5910329818725586
r2_gw,0.9779278635978699,0.7710572481155396
r2_gw,0.9348013401031494,0.6301307082176208
r2_gw,0.9040164947509766,0.6549509763717651
r2_gw,0.6917214393615723,0.4570402204990387
r2_gw,0.9023482203483582,0.48577189445495605
r2_gw,0.818743884563446,0.5113921761512756
r2_gw,0.6196081638336182,0.41636922955513
r2_gw,0.5476614832878113,0.38813692331314087
r2_gw,0.9922791719436646,0.5671058893203735
r2_gw,0.4578966796398163,0.38985756039619446
r2_gw,0.21892663836479187,0.03889735788106918
r2_gw,0.5765768885612488,0.2876517176628113
r2_gw,0.5819939970970154,0.416297972202301
r2_gw,0.45176446437835693,0.2520884573459625
r2_gw,0.8553480505943298,0.5041456818580627
r2_gw,0.9348914623260498,0.5151767134666443
r2_gw,0.9852367043495178,0.6818714737892151
r2_gw,0.390960156917572,0.2420782744884491
r2_gw,0.606173038482666,0.3428720235824585
r2_gw,0.702773928642273,0.24765846133232117
r2_gw,0.7981404662132263,0.48663273453712463
r2_gw,0.904886782169342,0.5806527733802795
r2_gw,0.6280765533447266,0.41398170590400696
r2_gw,0.9985353350639343,0.6792788505554199
r2_gw,0.7150434255599976,0.5196182727813721
r2_gw,0.13095669448375702,0.5905376076698303
r2_gw,0.9451320171356201,0.6274632215499878
r2_gw,0.44754958152770996,0.31950294971466064
r2_gw,0.7117330431938171,0.528225302696228
r2_gw,0.77132648229599,0.7420068979263306
r2_gw,0.8599503636360168,0.43852582573890686
r2_gw,0.6285067796707153,0.38141486048698425
r2_gw,0.44942477345466614,0.09799494594335556
r2_gw,0.14048346877098083,0.37577080726623535
r2_gw,0.6980575323104858,0.2629135549068451
r2_gw,0.8745014071464539,0.628348171710968
r2_gw,0.935154139995575,0.6191117763519287
r2_gw,0.25621944665908813,0.26747074723243713
r2_gw,0.35650843381881714,0.4553460478782654
r2_gw,0.8620472550392151,0.6913591027259827
r2_gw,0.9849079847335815,0.7694324851036072
r2_gw,0.4706250727176666,0.15088462829589844
r2_gw,0.42372018098831177,0.31845587491989136
r2_gw,0.6355650424957275,0.4308338165283203
r2_gw,0.23627395927906036,0.13146565854549408
r2_gw,0.6950950026512146,0.5433392524719238
r2_gw,0.47427693009376526,0.2042541205883026
r2_gw,0.8876444697380066,0.5919734239578247
r2_gw,0.5253475904464722,0.09375055879354477
r2_gw,0.3295266628265381,0.12055987119674683
r2_gw,0.7568126320838928,0.4422263205051422
r2_gw,0.6969059109687805,0.42620256543159485
r2_gw,0.4938516914844513,0.35370197892189026
r2_gw,0.8634425401687622,0.5744352340698242
r2_gw,0.548060417175293,0.8279916048049927
r2_gw,0.876764714717865,0.469454288482666
r2_gw,0.16830427944660187,0.12808296084403992
r2_gw,0.81536465883255,0.30941998958587646
r2_gw,0.8138018250465393,0.5181717276573181
r2_gw,0.7257131934165955,0.45925435423851013
r2_gw,0.8843511939048767,0.45047223567962646
r2_gw,0.567103385925293,0.3735617995262146
r2_gw,0.554980456829071,0.30247220396995544
r2_gw,0.6951090693473816,0.47765833139419556
r2_gw,0.7270143032073975,0.645104169845581
r2_gw,0.35671451687812805,0.09763558208942413
r2_gw,0.5724513530731201,0.32837650179862976
r2_gw,0.6174094080924988,0.3841739594936371
r2_gw,0.8005711436271667,0.5978855490684509
r2_gw,0.5806443095207214,0.37021997570991516
r2_gw,0.8080427050590515,0.04728519171476364
r2_gw,0.6025202870368958,0.30142974853515625
r2_gw,0.9842851758003235,0.6403781771659851
r2_gw,0.6649112105369568,0.35972192883491516
r2_gw,0.4215080142021179,0.34665462374687195
r2_gw,0.9291011691093445,0.6152042150497437
r2_gw,0.8156933784484863,0.571837306022644
r2_gw,0.3717253804206848,0.3388768136501312
r2_gw,0.9421180486679077,0.5684108138084412
r2_gw,0.386006236076355,0.15015169978141785
r2_gw,0.37381309270858765,0.11049043387174606
r2_gw,0.6264916062355042,0.38422107696533203
r2_gw,0.8475099205970764,0.5801296830177307
r2_gw,0.507391095161438,0.31375831365585327
r2_gw,0.8066214919090271,0.5315771102905273
r2_gw,0.8392746448516846,0.7033570408821106
r2_gw,0.779059648513794,0.6215856075286865
r2_gw,0.6107483506202698,0.34811434149742126
r2_gw,0.3446974754333496,0.15449149906635284
r2_gw,0.9717243313789368,0.4600374400615692
r2_gw,0.9641627073287964,0.6605443358421326
r2_gw,0.7192226052284241,0.4736493229866028
r2_gw,0.9406067728996277,0.3921673595905304
r2_gw,0.4431745111942291,0.39825981855392456
r2_gw,0.2994823455810547,0.19033677875995636
r2_gw,0.8023349642753601,0.5790172219276428
r2_gw,0.561689019203186,0.13450774550437927
r2_gw,0.17592547833919525,0.41481080651283264
r2_gw,0.9399796724319458,0.5408182740211487
r2_gw,0.7968693375587463,0.36315077543258667
r2_gw,0.7012279629707336,0.3032613694667816
r2_gw,0.9093563556671143,0.5506514310836792
r2_gw,0.6816927194595337,0.30008840560913086
r2_gw,0.9232646822929382,0.6076831221580505
r2_gw,0.8105996251106262,0.516995906829834
r2_gw,0.4853394627571106,0.31989219784736633
r2_gw,0.3097744286060333,0.22011595964431763
r2_gw,0.7339341044425964,0.244262233376503
r2_gw,0.9611693620681763,0.4079717695713043
r2_gw,0.3692876994609833,0.19427818059921265
r2_gw,0.7858180999755859,0.5201743841171265
r2_gw,0.34382790327072144,0.13576239347457886
r2_gw,0.3646427094936371,0.23762907087802887
r2_gw,0.7584202885627747,0.3840722143650055
r2_gw,0.9378414154052734,0.660508930683136
r2_gw,0.8206222057342529,0.6242936849594116
r2_gw,0.9076467156410217,0.509448766708374
r2_gw,0.7956902980804443,0.5070334076881409
r2_gw,0.5055914521217346,0.19090121984481812
r2_gw,0.12783832848072052,0.04831825941801071
r2_gw,0.9456030130386353,0.6590434312820435
r2_gw,0.8946832418441772,0.5220369696617126
r2_gw,0.7845032215118408,0.5312140583992004
r2_gw,0.5313811302185059,0.2369934618473053
r2_gw,0.9193702936172485,0.5266870260238647
r2_gw,0.6901981830596924,0.4255046844482422
r2_gw,0.1135033369064331,0.03525719419121742
r2_gw,0.7262532114982605,0.5242891311645508
r2_gw,0.9792994856834412,0.538927435874939
r2_gw,0.28582319617271423,0.192051962018013
r2_gw,0.1931936889886856,0.12774018943309784
r2_gw,0.3388374149799347,0.3621838092803955
r2_gw,0.9449993968009949,0.6703898906707764
r2_gw,0.2746845781803131,0.23828309774398804
r2_gw,0.5593429803848267,0.5640357136726379
r2_gw,0.829164445400238,0.4832683801651001
r2_gw,0.15312054753303528,0.11165270209312439
r2_gw,0.7851168513298035,0.21935880184173584
r2_gw,0.8569831848144531,0.5350576043128967
r2_gw,0.37290847301483154,0.5352298617362976
r2_gw,0.756417453289032,0.8080209493637085
r2_gw,0.7964807152748108,0.6669188141822815
r2_gw,0.9289981126785278,0.6414875984191895
r2_gw,0.9252872467041016,0.649617612361908
r2_gw,0.4231230318546295,0.23989558219909668
r2_gw,0.7284296154975891,0.09768146276473999
r2_gw,0.9188832640647888,0.6789459586143494
r2_gw,0.8757709860801697,0.7913858890533447
r2_gw,0.5501862168312073,0.3164694309234619
r2_gw,0.9024725556373596,0.7694765329360962
r2_gw,0.518282413482666,0.6231966018676758
r2_gw,0.9316728711128235,0.6634116768836975
r2_gw,0.5347312688827515,0.3099897801876068
r2_gw,0.7587350010871887,0.48789551854133606
r2_gw,0.6767185926437378,0.16183766722679138
r2_gw,0.5313300490379333,0.3783256411552429
r2_gw,0.9480352401733398,0.572170078754425
r2_gw,0.41425612568855286,0.09309900552034378
r2_gw,0.37660861015319824,0.37265169620513916
r2_gw,0.8201585412025452,0.6329801082611084
r2_gw,0.9386042952537537,0.6583459973335266
r2_gw,0.8892595767974854,0.6129583716392517
r2_gw,0.6439391374588013,0.31741464138031006
r2_gw,0.8261747360229492,0.5657789707183838
r2_gw,0.669938862323761,0.38514432311058044
r2_gw,0.9143650531768799,0.7035289406776428
r2_gw,0.5233206152915955,0.19500908255577087
r2_gw,0.6561317443847656,0.4434651732444763
r2_gw,0.9606167078018188,0.6110003590583801
r2_gw,0.13368387520313263,0.08502142876386642
r2_gw,0.9879087209701538,0.5830772519111633
r2_gw,0.36660122871398926,0.12168631702661514
r2_gw,0.2705860137939453,0.6131772994995117
r2_gw,0.4007883369922638,0.18008193373680115
r2_gw,0.6454084515571594,0.27680203318595886
r2_gw,0.8329281806945801,0.5732499957084656
r2_gw,0.4566054046154022,0.30089062452316284
r2_gw,0.7979576587677002,0.353270560503006
r2_gw,0.8147876858711243,0.5149410963058472
r2_gw,0.4850537180900574,0.3942192792892456
r2_gw,0.47273823618888855,0.3315379321575165
r2_gw,0.8868273496627808,0.6134886145591736
r2_gw,0.20738643407821655,0.13222630321979523
r2_gw,0.8360952138900757,0.6021478772163391
r2_gw,0.7799093723297119,0.5051970481872559
r2_gw,0.40701621770858765,0.23699851334095
r2_gw,0.7108509540557861,0.5091946721076965
r2_gw,0.7423123121261597,0.48767009377479553
r2_gw,0.5882568955421448,0.5763228535652161
r2_gw,0.8924570679664612,0.7575300335884094
r2_gw,0.6113531589508057,0.41035595536231995
r2_gw,0.7081529498100281,0.6600598692893982
r2_gw,0.4701592028141022,0.09516514092683792
r2_gw,0.6203570365905762,0.33319807052612305
r2_gw,0.3012150824069977,0.2599869668483734
r2_gw,0.5935894846916199,0.0486411526799202
r2_gw,0.5884337425231934,0.3092212677001953
r2_gw,0.8459317088127136,0.4161250591278076
r2_gw,0.7671127915382385,0.24052220582962036
r2_gw,0.845768928527832,0.5315299034118652
r2_gw,0.5248795747756958,0.3162212669849396
r2_gw,0.7686134576797485,0.3251793384552002
r2_gw,0.48659268021583557,0.20306037366390228
r2_gw,0.9268224239349365,0.6641287803649902
r2_gw,0.6019068360328674,0.4032036364078522
r2_gw,0.909310519695282,0.7054021954536438
r2_gw,0.8689285516738892,0.502805769443512
r2_gw,0.7798924446105957,0.5161349773406982
r2_gw,0.7124746441841125,0.4535635709762573
r2_gw,0.5697494745254517,0.3889254629611969
r2_gw,0.6969727873802185,0.5027350783348083
r2_gw,0.3141171634197235,0.4023131728172302
r2_gw,0.8580628633499146,0.30299505591392517
r2_gw,0.8762694597244263,0.34836021065711975
r2_gw,0.7377157211303711,0.42955100536346436
r2_gw,0.7011389136314392,0.671281099319458
r2_gw,0.39839544892311096,0.25267282128334045
r2_gw,0.8207611441612244,0.5854738354682922
r2_gw,0.3982103765010834,0.3683618903160095
r2_gw,0.9982016682624817,0.7266966700553894
r2_gw,0.7360960245132446,0.6134222149848938
r2_gw,0.857562780380249,0.5467792749404907
r2_gw,0.7912405133247375,0.5464506149291992
r2_gw,0.05926309525966644,0.04499640688300133
r2_gw,0.9164033532142639,0.6144130825996399
r2_gw,0.8491142392158508,0.3387468457221985
r2_gw,0.9763456583023071,0.6622406244277954
r2_gw,0.9130294919013977,0.8040053248405457
r2_gw,0.24843339622020721,0.09801029413938522
r2_gw,0.7640060782432556,0.4470784664154053
r2_gw,0.6644548773765564,0.5349640846252441
r2_gw,0.7879582643508911,0.18776923418045044
r2_gw,0.2157614827156067,0.1507701277732849
r2_gw,0.8514615893363953,0.5133855938911438
r2_gw,0.5513004064559937,0.21095144748687744
r2_gw,0.38470447063446045,0.20968787372112274
r2_gw,0.9576507210731506,0.65093994140625
r2_gw,0.7901615500450134,0.5163569450378418
r2_gw,0.9275129437446594,0.6519194841384888
r2_gw,0.6486135125160217,0.818120002746582
r2_gw,0.758497416973114,0.4150623679161072
r2_gw,0.41698503494262695,0.25380629301071167
r2_gw,0.8036401271820068,0.4836961627006531
r2_gw,0.7563620209693909,0.6936659216880798
r2_gw,0.5304141640663147,0.2380327433347702
r2_gw,0.826288104057312,0.7098532319068909
r2_gw,0.303123414516449,0.07501993328332901
r2_gw,0.8816644549369812,0.7023998498916626
r2_gw,0.5921974182128906,0.3689858019351959
r2_gw,0.5222426056861877,0.5144808292388916
r2_gw,0.3918378949165344,0.16260367631912231
r2_gw,0.90167635679245,0.6373791098594666
r2_gw,0.24577055871486664,0.4932014048099518
r2_gw,0.6743082404136658,0.4639725387096405
r2_gw,0.6545655727386475,0.4283217787742615
r2_gw,0.2017717808485031,0.12252740561962128
r2_gw,0.5519483685493469,0.35893651843070984
r2_gw,0.9436876177787781,0.5241290330886841
r2_gw,0.6052635908126831,0.2869907021522522
r2_gw,0.7772889137268066,0.834629237651825
r2_gw,0.9808043837547302,0.6200906038284302
r2_gw,0.937053918838501,0.6306526064872742
r2_gw,0.7095109224319458,0.7325398325920105
r2_gw,0.7556381225585938,0.5350388884544373
r2_gw,0.6179144382476807,0.19203923642635345
r2_gw,0.1254817545413971,0.031446319073438644
r2_gw,0.8162168264389038,0.48313337564468384
r2_gw,0.6734923124313354,0.4529406428337097
r2_gw,0.35079848766326904,0.13299325108528137
r2_gw,0.43301647901535034,0.33845359086990356
r2_gw,0.8016284704208374,0.610203206539154
r2_gw,0.032080113887786865,0.027880175039172173
r2_gw,0.17784316837787628,0.07582247257232666
r2_gw,0.7858989238739014,0.21993033587932587
r2_gw,0.8199968338012695,0.5750206112861633
r2_gw,0.6961170434951782,0.6555196642875671
r2_gw,0.6268657445907593,0.46847790479660034
r2_gw,0.6015089154243469,0.3566882312297821
r2_gw,0.6590404510498047,0.6057568788528442
r2_gw,0.5576497316360474,0.044770028442144394
r2_gw,0.9380885362625122,0.6565908789634705
r2_gw,0.5898505449295044,0.4552290439605713
r2_gw,0.6826149225234985,0.27485907077789307
r2_gw,0.9743775129318237,0.6569700837135315
r2_gw,0.9324601888656616,0.6357405185699463
r2_gw,0.8625314235687256,0.7396529912948608
r2_gw,0.9274582862854004,0.6624733805656433
r2_gw,0.6206826567649841,0.4617171287536621
r2_gw,0.8818328380584717,0.7611843347549438
r2_gw,0.34814730286598206,0.1348404735326767
r2_gw,0.5127480030059814,0.40322285890579224
r2_gw,0.7849230766296387,0.6655797362327576
r2_gw,0.9591078758239746,0.7415085434913635
r2_gw,0.12459450960159302,0.06728377938270569
r2_gw,0.21070100367069244,0.5735902786254883
r2_gw,0.631356954574585,0.60395747423172
r2_gw,0.8814675807952881,0.6945294737815857
r2_gw,0.33623188734054565,0.22501304745674133
r2_gw,0.7630107998847961,0.3407706022262573
r2_gw,0.8425406217575073,0.6604079008102417
r2_gw,0.5856002569198608,0.4573325216770172
r2_gw,0.4356761872768402,0.2499849796295166
r2_gw,0.7693208456039429,0.11602136492729187
r2_gw,0.38119199872016907,0.16212715208530426
r2_gw,0.7271220088005066,0.45730140805244446
r2_gw,0.9075736999511719,0.5794305205345154
r2_gw,0.9269897937774658,0.5675421953201294
r2_gw,0.6499441862106323,0.39777883887290955
r2_gw,0.8622020483016968,0.4904974102973938
r2_gw,0.9536475539207458,0.7405821681022644
r2_gw,0.9867531657218933,0.7088532447814941
r2_gw,0.8224734663963318,0.24460817873477936
r2_gw,0.39595943689346313,0.29711535573005676
r2_gw,0.6068283915519714,0.4882113039493561
r2_gw,0.8940849304199219,0.6173829436302185
r2_gw,0.23788368701934814,0.1779995709657669
r2_gw,0.8013325929641724,0.5321633219718933
r2_gw,0.6368996500968933,0.4896881878376007
r2_gw,0.3832195997238159,0.17779527604579926
r2_gw,0.8912439942359924,0.7055853605270386
r2_gw,0.43762460350990295,0.5049139261245728
r2_gw,0.44703805446624756,0.16629812121391296
r2_gw,0.9423189759254456,0.6240774393081665
r2_gw,0.5715050101280212,0.26813992857933044
r2_gw,0.4360169768333435,0.457934707403183
r2_gw,0.9995837807655334,0.6158406138420105
r2_gw,0.7912383675575256,0.6768508553504944
r2_gw,0.6874457597732544,0.1732393205165863
r2_gw,0.8964247107505798,0.5899156928062439
r2_gw,0.7110466361045837,0.5882231593132019
r2_gw,0.9313436150550842,0.6093032956123352
r2_gw,0.8285062313079834,0.47374626994132996
r2_gw,0.6330100297927856,0.264026939868927
r2_gw,0.2844364047050476,0.14438053965568542
r2_gw,0.5088946223258972,0.31794634461402893
r2_gw,0.5802510380744934,0.4832800030708313
r2_gw,0.40524518489837646,0.5601423382759094
r2_gw,0.9253088235855103,0.6160385608673096
r2_gw,0.21503911912441254,0.09424009919166565
r2_gw,0.7145960927009583,0.46534669399261475
r2_gw,0.9041022062301636,0.5370156168937683
r2_gw,0.6345444917678833,0.2241225242614746
r2_gw,0.2650330662727356,0.07821688055992126
r2_gw,0.9444445967674255,0.6931793689727783
r2_gw,0.9728426933288574,0.6512410640716553
r2_gw,0.7413011789321899,0.5321253538131714
r2_gw,0.8190829753875732,0.5005769729614258
r2_gw,0.6035629510879517,0.6246768832206726
r2_gw,0.8596498966217041,0.8174632787704468
r2_gw,0.3376389741897583,0.2778800129890442
r2_gw,0.2986922562122345,0.08753637969493866
r2_gw,0.7702997922897339,0.5712636709213257
r2_gw,0.03794325515627861,0.007803912740200758
r2_gw,0.8739215731620789,0.48039332032203674
r2_gw,0.3395068049430847,0.6140731573104858
r2_gw,0.654849112033844,0.09348331391811371
r2_gw,0.5386709570884705,0.283947229385376
r2_gw,0.6561515927314758,0.38788673281669617
r2_gw,0.9899727702140808,0.7090719938278198
r2_gw,0.5599413514137268,0.4293878376483917
r2_gw,0.8140038251876831,0.5830069184303284
r2_gw,0.3154250979423523,0.2979384660720825
r2_gw,0.7679799795150757,0.5391534566879272
r2_gw,0.8660836815834045,0.6370026469230652
r2_gw,0.30047348141670227,0.1439998596906662
r2_gw,0.9548084735870361,0.6398407816886902
r2_gw,0.2967735826969147,0.12383441627025604
r2_gw,0.5829366445541382,0.3676058351993561
r2_gw,0.6776665449142456,0.5121423602104187
r2_gw,0.7179260849952698,0.39102455973625183
r2_gw,0.827783465385437,0.5744978785514832
r2_gw,0.2622723877429962,0.11592300236225128
r2_gw,0.9265710711479187,0.5834200978279114
r2_gw,0.3911922574043274,0.09157751500606537
r2_gw,0.9274432063102722,0.23263011872768402
r2_gw,0.9869170188903809,0.6357834339141846
r2_gw,0.7078163623809814,0.4140876829624176
r2_gw,0.7667085528373718,0.512549638748169
r2_gw,0.8673141598701477,0.7941434383392334
r2_gw,0.9298540949821472,0.5373939275741577
r2_gw,0.4740205407142639,0.14204071462154388
r2_gw,0.7273846864700317,0.2666807472705841
r2_gw,0.3566177487373352,0.23170992732048035
r2_gw,0.7493604421615601,0.7088436484336853
r2_gw,0.4315468668937683,0.16196846961975098
r2_gw,0.9236363172531128,0.49978727102279663
r2_gw,0.8920766711235046,0.535320520401001
r2_gw,0.9109812378883362,0.4665679335594177
r2_gw,0.7710689306259155,0.7541936635971069
r2_gw,0.6917054057121277,0.4344143569469452
r2_gw,0.2567540109157562,0.1671479493379593
r2_gw,0.5018077492713928,0.4482657015323639
r2_gw,0.6725969314575195,0.7757225632667542
r2_gw,0.9557288289070129,0.5332306623458862
r2_gw,0.6050311923027039,0.5752219557762146
r2_gw,0.7615291476249695,0.19635716080665588
r2_gw,0.8584608435630798,0.608803927898407
r2_gw,0.8810744881629944,0.7834093570709229
r2_gw,0.8069679737091064,0.4593247175216675
r2_gw,0.9922497868537903,0.6885533332824707
r2_gw,0.9255784749984741,0.7104367017745972
r2_gw,0.7771890759468079,0.554011881351471
r2_gw,0.5848946571350098,0.25352558493614197
r2_gw,0.5856286883354187,0.387147456407547
r2_gw,0.85309898853302,0.2356622964143753
r2_gw,0.7132644057273865,0.44330063462257385
r2_gw,0.7413817048072815,0.763892650604248
r2_gw,0.20502957701683044,0.12370771169662476
r2_gw,0.5648723244667053,0.4338318109512329
r2_gw,0.7231636047363281,0.5735461711883545
r2_gw,0.7104453444480896,0.17255346477031708
r2_gw,0.8601154088973999,0.5985294580459595
r2_gw,0.8036854863166809,0.7838716506958008
r2_gw,0.4179709255695343,0.7987189292907715
r2_gw,0.19956058263778687,0.06999687105417252
r2_gw,0.9540261030197144,0.6556138396263123
r2_gw,0.39981579780578613,0.13942497968673706
r2_gw,0.3700639605522156,0.11718706041574478
r2_gw,0.9851526021957397,0.6059287786483765
r2_gw,0.8377223610877991,0.5921252965927124
r2_gw,0.30375778675079346,0.8343794941902161
r2_gw,0.750292956829071,0.47085288166999817
r2_gw,0.4388105571269989,0.29951992630958557
r2_gw,0.9582942128181458,0.6748548150062561
r2_gw,0.9394676685333252,0.4986076354980469
r2_gw,0.44544145464897156,0.4069782495498657
r2_gw,0.9853754043579102,0.6752017140388489
r2_gw,0.7058406472206116,0.40794622898101807
r2_gw,0.8375343084335327,0.5025887489318848
r2_gw,0.8894139528274536,0.11445298045873642
r2_gw,0.8970414400100708,0.646313488483429
r2_gw,0.7407312393188477,0.6423045992851257
r2_gw,0.9525551795959473,0.5690556764602661
r2_gw,0.5015314221382141,0.2609914243221283
r2_gw,0.5060100555419922,0.4468833804130554
r2_gw,0.8905029892921448,0.5532684326171875
r2_gw,0.42888566851615906,0.17347870767116547
r2_gw,0.7326267957687378,0.7076771259307861
r2_gw,0.600385844707489,0.45512914657592773
r2_gw,0.6524642705917358,0.3380380868911743
r2_gw,0.2395753562450409,0.18327398598194122
r2_gw,0.08468231558799744,0.3108062148094177
r2_gw,0.09870635718107224,0.0447508804500103
r2_gw,0.8276526927947998,0.5394229292869568
r2_gw,0.7424330711364746,0.4912700057029724
r2_gw,0.9347755312919617,0.5882511734962463
r2_gw,0.7630022168159485,0.48523232340812683
r2_gw,0.2903909683227539,0.06871994584798813
r2_gw,0.817653477191925,0.4972873032093048
r2_gw,0.9899498820304871,0.6198378801345825
r2_gw,0.44646206498146057,0.289806067943573
r2_gw,0.9082847237586975,0.722308337688446
r2_gw,0.9929687976837158,0.5837088823318481
r2_gw,0.9648972749710083,0.625594973564148
r2_gw,0.405784010887146,0.05546265468001366
r2_gw,0.8907796740531921,0.612831711769104
r2_gw,0.880765438079834,0.4734302759170532
r2_gw,0.6965508460998535,0.5089106559753418
r2_gw,0.990123987197876,0.5238586068153381
r2_gw,0.9671369791030884,0.5923927426338196
r2_gw,0.8258446455001831,0.47543442249298096
r2_gw,0.9528693556785583,0.7272406816482544
r2_gw,0.9338959455490112,0.5505046844482422
r2_gw,0.036521267145872116,0.02527533657848835
r2_gw,0.6822057962417603,0.4489103853702545
r2_gw,0.6712249517440796,0.6466772556304932
r2_gw,0.7730396389961243,0.4785120487213135
r2_gw,0.11580850929021835,0.059134405106306076
r2_gw,0.8032804727554321,0.5056321024894714
r2_gw,0.4699178636074066,0.16749484837055206
r2_gw,0.4451877474784851,0.51900714635849
r2_gw,0.5156745314598083,0.2008073925971985
r2_gw,0.5051019787788391,0.3515419363975525
r2_gw,0.7175617218017578,0.5317142009735107
r2_gw,0.48973381519317627,0.3402996063232422
r2_gw,0.1774154156446457,0.0848894789814949
r2_gw,0.32872557640075684,0.12037216126918793
r2_gw,0.7816623449325562,0.755991518497467
r2_gw,0.9184169173240662,0.7381768822669983
r2_gw,0.23534004390239716,0.18811799585819244
r2_gw,0.49881991744041443,0.39960843324661255
r2_gw,0.9233033657073975,0.3589344918727875
r2_gw,0.8960071802139282,0.8207079768180847
r2_gw,0.9244812726974487,0.6183939576148987
r2_gw,0.7690519094467163,0.5872554183006287
r2_gw,0.3354625105857849,0.13820967078208923
r2_gw,0.6859487295150757,0.4700465202331543
r2_gw,0.9006334543228149,0.5723654627799988
r2_gw,0.9206143617630005,0.5379428267478943
r2_gw,0.6920527815818787,0.4510684013366699
r2_gw,0.7595179677009583,0.4931601583957672
r2_gw,0.8732020854949951,0.47450801730155945
r2_gw,0.602019190788269,0.6248146295547485
r2_gw,0.5677590370178223,0.252915620803833
r2_gw,0.5548356175422668,0.2619495689868927
r2_gw,0.5914180278778076,0.6579320430755615
r2_gw,0.466543972492218,0.2645360231399536
r2_gw,0.6084388494491577,0.3549892008304596
r2_gw,0.10961220413446426,0.03703099116683006
r2_gw,0.8719847202301025,0.7929247617721558
r2_gw,0.08661351352930069,0.015749435871839523
r2_gw,0.9979172945022583,0.7056820392608643
r2_gw,0.8593719005584717,0.26389968395233154
r2_gw,0.9449601769447327,0.6290286183357239
r2_gw,0.9901745319366455,0.5377674698829651
r2_gw,0.7300007343292236,0.6522700190544128
r2_gw,0.8242583870887756,0.5418024063110352
r2_gw,0.9329603910446167,0.5747667551040649
r2_gw,0.9207026958465576,0.4657517671585083
r2_gw,0.9164746999740601,0.6272523999214172
r2_gw,0.1665436327457428,0.07189641147851944
r2_gw,0.8290279507637024,0.5504854321479797
r2_gw,0.4513883590698242,0.15477585792541504
r2_gw,0.6000174283981323,0.12675343453884125
r2_gw,0.3161245882511139,0.23040637373924255
r2_gw,0.7121259570121765,0.3100632131099701
r2_gw,0.8109893798828125,0.3872442841529846
r2_gw,0.8356606364250183,0.7206929326057434
r2_gw,0.9156811237335205,0.635093629360199
r2_gw,0.1576710045337677,0.12016067653894424
r2_gw,0.9519599080085754,0.7648232579231262
r2_gw,0.9771941304206848,0.6448164582252502
r2_gw,0.9274805188179016,0.7627537250518799
r2_gw,0.8469286561012268,0.6237701177597046
r2_gw,0.3786913752555847,0.0801817998290062
r2_gw,0.888422966003418,0.5529988408088684
r2_gw,0.8973450064659119,0.5937346816062927
r2_gw,0.7825853824615479,0.4855058789253235
r2_gw,0.8274019956588745,0.7708174586296082
r2_gw,0.9350680112838745,0.6728772521018982
r2_gw,0.2449422925710678,0.13195693492889404
r2_gw,0.9024658203125,0.6007048487663269
r2_gw,0.5806599855422974,0.4527689218521118
r2_gw,0.5864331722259521,0.2185695767402649
r2_gw,0.31383419036865234,0.0956212729215622
r2_gw,0.8743683695793152,0.598150908946991
r2_gw,0.8560382723808289,0.544364869594574
r2_gw,0.5954256057739258,0.45901626348495483
r2_gw,0.9172281622886658,0.5129866003990173
r2_gw,0.36199507117271423,0.09309116005897522
r2_gw,0.5644643306732178,0.5717111229896545
r2_gw,0.8243166208267212,0.308576375246048
r2_gw,0.3161974549293518,0.1686040610074997
r2_gw,0.9939634799957275,0.7217404246330261
r2_gw,0.7518516778945923,0.5649814009666443
r2_gw,0.9565234184265137,0.64632248878479
r2_gw,0.2979062497615814,0.11874650418758392
r2_gw,0.5597747564315796,0.4431167542934418
r2_gw,0.7365109920501709,0.4571084678173065
r2_gw,0.916428804397583,0.58775794506073
r2_gw,0.2510533928871155,0.07864952087402344
r2_gw,0.8803979158401489,0.5632755756378174
r2_gw,0.7818539142608643,0.48371365666389465
r2_gw,0.8834880590438843,0.7018529176712036
r2_gw,0.27864211797714233,0.30292120575904846
r2_gw,0.9995899200439453,0.46485912799835205
r2_gw,0.5326201319694519,0.17184916138648987
r2_gw,0.4059813916683197,0.134794682264328
r2_gw,0.9972435235977173,0.4761172831058502
r2_gw,0.8412187695503235,0.560313880443573
r2_gw,0.6510963439941406,0.5419670939445496
r2_gw,0.9356756806373596,0.5372817516326904
r2_gw,0.6930873394012451,0.2290196567773819
r2_gw,0.29222986102104187,0.15484756231307983
r2_gw,0.380696564912796,0.1880882978439331
r2_gw,0.5922326445579529,0.38934558629989624
r2_gw,0.2465721219778061,0.19298964738845825
r2_gw,0.9613361954689026,0.6576637625694275
r2_gw,0.3673161268234253,0.12856543064117432
r2_gw,0.7634968161582947,0.6743459105491638
r2_gw,0.48044106364250183,0.36494046449661255
r2_gw,0.5574793815612793,0.34529635310173035
r2_gw,0.48624277114868164,0.0727352648973465
r2_gw,0.9974392652511597,0.5662875175476074
r2_gw,0.8343218564987183,0.4461490213871002
r2_gw,0.8793227672576904,0.49857011437416077
r2_gw,0.36034995317459106,0.18481025099754333
t2_gw,0.1290014684200287,0.1257876455783844
t2_gw,0.8583335876464844,0.7146053910255432
t2_gw,0.9503195285797119,0.9569683074951172
t2_gw,0.3826710879802704,0.4977124333381653
t2_gw,0.8555951118469238,0.8311247229576111
t2_gw,0.07347273826599121,0.03691491857171059
t2_gw,0.8342239856719971,0.8015363216400146
t2_gw,0.8862772583961487,0.8395942449569702
t2_gw,0.5515425801277161,0.5488181710243225
t2_gw,0.36314618587493896,0.2454787641763687
t2_gw,0.9069039821624756,0.922419548034668
t2_gw,0.3928886950016022,0.3678217828273773
t2_gw,0.29599878191947937,0.4828946888446808
t2_gw,0.44127562642097473,0.4391094744205475
t2_gw,0.5375434756278992,0.7070598602294922
t2_gw,0.9530013203620911,0.9444383382797241
t2_gw,0.969535231590271,0.732898473739624
t2_gw,0.5054160356521606,0.6676362752914429
t2_gw,0.9472982883453369,0.7232390642166138
t2_gw,0.9972625374794006,0.9979967474937439
t2_gw,0.8536354899406433,0.7897350192070007
t2_gw,0.6847143173217773,0.6695969104766846
t2_gw,0.7692548036575317,0.783999502658844
t2_gw,0.8821447491645813,0.7154712677001953
t2_gw,0.8908973932266235,0.8631845116615295
t2_gw,0.6859763860702515,0.6537949442863464
t2_gw,0.7653529047966003,0.7361132502555847
t2_gw,0.45938071608543396,0.515628457069397
t2_gw,0.9708338379859924,0.960301399230957
t2_gw,0.9334442615509033,0.9389485120773315
t2_gw,0.9925190806388855,0.9946427345275879
t2_gw,0.7689676880836487,0.8018805384635925
t2_gw,0.9236412048339844,0.913164496421814
t2_gw,0.8668266534805298,0.7903774380683899
t2_gw,0.47484132647514343,0.600414514541626
t2_gw,0.4563141167163849,0.4775177836418152
t2_gw,0.7155695557594299,0.7514554858207703
t2_gw,0.7664200067520142,0.7771347165107727
t2_gw,0.7341088056564331,0.7250900864601135
t2_gw,0.9689866304397583,0.9324576258659363
t2_gw,0.825162410736084,0.8287084698677063
t2_gw,0.8172913193702698,0.7948611974716187
t2_gw,0.8770059943199158,0.9029176235198975
t2_gw,0.8172413110733032,0.8360704183578491
t2_gw,0.943508505821228,0.95159912109375
t2_gw,0.9397236704826355,0.9479131698608398
t2_gw,0.9894334673881531,0.9920607805252075
t2_gw,0.9523788094520569,0.9649221897125244
t2_gw,0.9077335596084595,0.892345130443573
t2_gw,0.40608564019203186,0.4108482301235199
t2_gw,0.932721734046936,0.9324763417243958
t2_gw,0.23985427618026733,0.25139594078063965
t2_gw,0.908941388130188,0.915788471698761
t2_gw,0.6347121000289917,0.6902132630348206
t2_gw,0.4487813711166382,0.40808820724487305
t2_gw,0.8137483596801758,0.7029803991317749
t2_gw,0.8236910700798035,0.83738774061203
t2_gw,0.8187744617462158,0.8436464071273804
t2_gw,0.5644492506980896,0.5479854345321655
t2_gw,0.8871826529502869,0.8722264170646667
t2_gw,0.4184316396713257,0.6397468447685242
t2_gw,0.9023610353469849,0.8852713704109192
t2_gw,0.807108998298645,0.7024424076080322
t2_gw,0.5486050844192505,0.7210342884063721
t2_gw,0.9131003618240356,0.7035012245178223
t2_gw,0.6806070804595947,0.7513896226882935
t2_gw,0.4446406662464142,0.6922311782836914
t2_gw,0.7615380883216858,0.65782630443573
t2_gw,0.9704024195671082,0.9750216603279114
t2_gw,0.660000741481781,0.7128753662109375
t2_gw,0.8598306775093079,0.8488481044769287
t2_gw,0.519032895565033,0.4648476243019104
t2_gw,0.8360735177993774,0.7401775121688843
t2_gw,0.9246771931648254,0.9149034023284912
t2_gw,0.688601016998291,0.7023352384567261
t2_gw,0.4596917927265167,0.4523339867591858
t2_gw,0.6962971091270447,0.6229930520057678
t2_gw,0.7079659700393677,0.6531198620796204
t2_gw,0.7445274591445923,0.7448074817657471
t2_gw,0.9777745008468628,0.9818081259727478
t2_gw,0.7669100761413574,0.6631452441215515
t2_gw,0.6839743852615356,0.7164771556854248
t2_gw,0.7823293209075928,0.8095470666885376
t2_gw,0.667309045791626,0.7169731259346008
t2_gw,0.4086846113204956,0.4258157014846802
t2_gw,0.16379188001155853,0.4966183602809906
t2_gw,0.8468252420425415,0.8509172201156616
t2_gw,0.926785409450531,0.9185076951980591
t2_gw,0.754675567150116,0.791933000087738
t2_gw,0.9593108892440796,0.9660111665725708
t2_gw,0.48112279176712036,0.6996666789054871
t2_gw,0.5184847712516785,0.5114695429801941
t2_gw,0.08218822628259659,0.09035249054431915
t2_gw,0.41664862632751465,0.4147942364215851
t2_gw,0.857511043548584,0.8531754612922668
t2_gw,0.613728404045105,0.5967666506767273
t2_gw,0.5146337151527405,0.6025426387786865
t2_gw,0.3226015269756317,0.3904379904270172
t2_gw,0.4903658330440521,0.4641611874103546
t2_gw,0.7680982947349548,0.8141873478889465
t2_gw,0.7631881833076477,0.774235188961029
t2_gw,0.8857820630073547,0.8900747895240784
t2_gw,0.47643494606018066,0.4882357716560364
t2_gw,0.06788448244333267,0.07861632108688354
t2_gw,0.994734525680542,0.9944409728050232
t2_gw,0.9342292547225952,0.9322282075881958
t2_gw,0.6309387683868408,0.6701984405517578
t2_gw,0.5020822882652283,0.5049796104431152
t2_gw,0.7846867442131042,0.824074387550354
t2_gw,0.8271870017051697,0.7156255841255188
t2_gw,0.5703775882720947,0.6547370553016663
t2_gw,0.5965366363525391,0.650503933429718
t2_gw,0.9449219107627869,0.9479660987854004
t2_gw,0.4493497908115387,0.4487673342227936
t2_gw,0.5326370596885681,0.6905959248542786
t2_gw,0.22039003670215607,0.22915677726268768
t2_gw,0.7992139458656311,0.8062294125556946
t2_gw,0.9851382970809937,0.9829453825950623
t2_gw,0.43907421827316284,0.5567767024040222
t2_gw,0.24277259409427643,0.253658264875412
t2_gw,0.5999618172645569,0.5986937880516052
t2_gw,0.5094224214553833,0.5068570971488953
t2_gw,0.8697119951248169,0.8082432746887207
t2_gw,0.9779278635978699,0.7431191802024841
t2_gw,0.9348013401031494,0.9382317662239075
t2_gw,0.9040164947509766,0.8919374942779541
t2_gw,0.6917214393615723,0.6806818842887878
t2_gw,0.9023482203483582,0.8212708234786987
t2_gw,0.818743884563446,0.834550678730011
t2_gw,0.6196081638336182,0.5585005283355713
t2_gw,0.5476614832878113,0.5310916304588318
t2_gw,0.9922791719436646,0.9922273755073547
t2_gw,0.4578966796398163,0.4193226397037506
t2_gw,0.21892663836479187,0.20217867195606232
t2_gw,0.5765768885612488,0.6558466553688049
t2_gw,0.5819939970970154,0.618799090385437
t2_gw,0.45176446437835693,0.4541981816291809
t2_gw,0.8553480505943298,0.7021464705467224
t2_gw,0.9348914623260498,0.8492474555969238
t2_gw,0.9852367043495178,0.9887011051177979
t2_gw,0.390960156917572,0.35733792185783386
t2_gw,0.606173038482666,0.5848926901817322
t2_gw,0.702773928642273,0.6623608469963074
t2_gw,0.7981404662132263,0.8247847557067871
t2_gw,0.904886782169342,0.9232394695281982
t2_gw,0.6280765533447266,0.7161508202552795
t2_gw,0.9985353350639343,0.9966979026794434
t2_gw,0.7150434255599976,0.7120166420936584
t2_gw,0.13095669448375702,0.12732373178005219
t2_gw,0.9451320171356201,0.9535416960716248
t2_gw,0.44754958152770996,0.4407511055469513
t2_gw,0.7117330431938171,0.7825604677200317
t2_gw,0.77132648229599,0.7226793766021729
t2_gw,0.8599503636360168,0.8609788417816162
t2_gw,0.6285067796707153,0.7218771576881409
t2_gw,0.44942477345466614,0.6752539873123169
t2_gw,0.14048346877098083,0.14031657576560974
t2_gw,0.6980575323104858,0.7649918794631958
t2_gw,0.8745014071464539,0.9004015922546387
t2_gw,0.935154139995575,0.92574542760849
t2_gw,0.25621944665908813,0.24973639845848083
t2_gw,0.35650843381881714,0.662437379360199
t2_gw,0.8620472550392151,0.872384250164032
t2_gw,0.9849079847335815,0.9778271913528442
t2_gw,0.4706250727176666,0.5046155452728271
t2_gw,0.42372018098831177,0.37930312752723694
t2_gw,0.6355650424957275,0.5691036581993103
t2_gw,0.23627395927906036,0.6515080332756042
t2_gw,0.6950950026512146,0.6866377592086792
t2_gw,0.47427693009376526,0.45176106691360474
t2_gw,0.8876444697380066,0.8914272785186768
t2_gw,0.5253475904464722,0.5829200744628906
t2_gw,0.3295266628265381,0.3349281847476959
t2_gw,0.7568126320838928,0.717717170715332
t2_gw,0.6969059109687805,0.693084716796875
t2_gw,0.4938516914844513,0.6174366474151611
t2_gw,0.8634425401687622,0.7536624670028687
t2_gw,0.548060417175293,0.5459528565406799
t2_gw,0.876764714717865,0.7592129707336426
t2_gw,0.16830427944660187,0.18497973680496216
t2_gw,0.81536465883255,0.7434142827987671
t2_gw,0.8138018250465393,0.7690244913101196
t2_gw,0.7257131934165955,0.711095929145813
t2_gw,0.8843511939048767,0.8807165026664734
t2_gw,0.567103385925293,0.5105777382850647
t2_gw,0.554980456829071,0.5456165671348572
t2_gw,0.6951090693473816,0.7342811226844788
t2_gw,0.7270143032073975,0.7159634232521057
t2_gw,0.35671451687812805,0.34039008617401123
t2_gw,0.5724513530731201,0.5447262525558472
t2_gw,0.6174094080924988,0.6257013082504272
t2_gw,0.8005711436271667,0.857586145401001
t2_gw,0.5806443095207214,0.5389493107795715
t2_gw,0.8080427050590515,0.8217716813087463
t2_gw,0.6025202870368958,0.6358479261398315
t2_gw,0.9842851758003235,0.962371289730072
t2_gw,0.6649112105369568,0.6627793312072754
t2_gw,0.4215080142021179,0.41163453459739685
t2_gw,0.9291011691093445,0.9298266172409058
t2_gw,0.8156933784484863,0.8431171774864197
t2_gw,0.3717253804206848,0.36529549956321716
t2_gw,0.9421180486679077,0.9421489238739014
t2_gw,0.386006236076355,0.36655712127685547
t2_gw,0.37381309270858765,0.35774335265159607
t2_gw,0.6264916062355042,0.6234031319618225
t2_gw,0.8475099205970764,0.8342909812927246
t2_gw,0.507391095161438,0.6141852736473083
t2_gw,0.8066214919090271,0.8273419141769409
t2_gw,0.8392746448516846,0.7874972820281982
t2_gw,0.779059648513794,0.7137396931648254
t2_gw,0.6107483506202698,0.6072800755500793
t2_gw,0.3446974754333496,0.6034823656082153
t2_gw,0.9717243313789368,0.9729502201080322
t2_gw,0.9641627073287964,0.96475750207901
t2_gw,0.7192226052284241,0.7276818752288818
t2_gw,0.9406067728996277,0.932815670967102
t2_gw,0.4431745111942291,0.49473321437835693
t2_gw,0.2994823455810547,0.6566344499588013
t2_gw,0.8023349642753601,0.7759507298469543
t2_gw,0.561689019203186,0.5334171056747437
t2_gw,0.17592547833919525,0.19186657667160034
t2_gw,0.9399796724319458,0.938467264175415
t2_gw,0.7968693375587463,0.7640252113342285
t2_gw,0.7012279629707336,0.710006833076477
t2_gw,0.9093563556671143,0.7989521026611328
t2_gw,0.6816927194595337,0.6856364011764526
t2_gw,0.9232646822929382,0.9067097902297974
t2_gw,0.8105996251106262,0.7652813196182251
t2_gw,0.4853394627571106,0.4304054081439972
t2_gw,0.3097744286060333,0.284260630607605
t2_gw,0.7339341044425964,0.6444128751754761
t2_gw,0.9611693620681763,0.9706711769104004
t2_gw,0.3692876994609833,0.4320082366466522
t2_gw,0.7858180999755859,0.7134391069412231
t2_gw,0.34382790327072144,0.6641923785209656
t2_gw,0.3646427094936371,0.36474156379699707
t2_gw,0.7584202885627747,0.7539099454879761
t2_gw,0.9378414154052734,0.9150059819221497
t2_gw,0.8206222057342529,0.8412281274795532
t2_gw,0.9076467156410217,0.889638364315033
t2_gw,0.7956902980804443,0.8283112049102783
t2_gw,0.5055914521217346,0.6911759376525879
t2_gw,0.12783832848072052,0.14648336172103882
t2_gw,0.9456030130386353,0.9113290905952454
t2_gw,0.8946832418441772,0.9028629660606384
t2_gw,0.7845032215118408,0.7731694579124451
t2_gw,0.5313811302185059,0.5258095264434814
t2_gw,0.9193702936172485,0.7221899032592773
t2_gw,0.6901981830596924,0.5358117818832397
t2_gw,0.1135033369064331,0.11308001726865768
t2_gw,0.7262532114982605,0.6498055458068848
t2_gw,0.9792994856834412,0.9825919270515442
t2_gw,0.28582319617271423,0.7445856332778931
t2_gw,0.1931936889886856,0.19821572303771973
t2_gw,0.3388374149799347,0.34947264194488525
t2_gw,0.9449993968009949,0.7280041575431824
t2_gw,0.2746845781803131,0.264864057302475
t2_gw,0.5593429803848267,0.5538928508758545
t2_gw,0.829164445400238,0.8117811679840088
t2_gw,0.15312054753303528,0.35672229528427124
t2_gw,0.7851168513298035,0.7738979458808899
t2_gw,0.8569831848144531,0.7822686433792114
t2_gw,0.37290847301483154,0.4473385214805603
t2_gw,0.756417453289032,0.6570039391517639
t2_gw,0.7964807152748108,0.779151201248169
t2_gw,0.9289981126785278,0.9156116247177124
t2_gw,0.9252872467041016,0.9245232343673706
t2_gw,0.4231230318546295,0.5139589905738831
t2_gw,0.7284296154975891,0.7383179068565369
t2_gw,0.9188832640647888,0.8530203104019165
t2_gw,0.8757709860801697,0.8621883988380432
t2_gw,0.5501862168312073,0.5970357656478882
t2_gw,0.9024725556373596,0.919884204864502
t2_gw,0.518282413482666,0.5427517890930176
t2_gw,0.9316728711128235,0.8898716568946838
t2_gw,0.5347312688827515,0.511520504951477
t2_gw,0.7587350010871887,0.7833868861198425
t2_gw,0.6767185926437378,0.681934654712677
t2_gw,0.5313300490379333,0.561566174030304
t2_gw,0.9480352401733398,0.9534533619880676
t2_gw,0.41425612568855286,0.41971683502197266
t2_gw,0.37660861015319824,0.42627012729644775
t2_gw,0.8201585412025452,0.8248287439346313
t2_gw,0.9386042952537537,0.9106245040893555
t2_gw,0.8892595767974854,0.8798536062240601
t2_gw,0.6439391374588013,0.633094847202301
t2_gw,0.8261747360229492,0.8485708236694336
t2_gw,0.669938862323761,0.6999222040176392
t2_gw,0.9143650531768799,0.8388923406600952
t2_gw,0.5233206152915955,0.5287336707115173
t2_gw,0.6561317443847656,0.6638410091400146
t2_gw,0.9606167078018188,0.9511401057243347
t2_gw,0.13368387520313263,0.22078879177570343
t2_gw,0.9879087209701538,0.9925122857093811
t2_gw,0.36660122871398926,0.33214056491851807
t2_gw,0.2705860137939453,0.2938421368598938
t2_gw,0.4007883369922638,0.40296030044555664
t2_gw,0.6454084515571594,0.6245821118354797
t2_gw,0.8329281806945801,0.7132793068885803
t2_gw,0.4566054046154022,0.44009724259376526
t2_gw,0.7979576587677002,0.8371410965919495
t2_gw,0.8147876858711243,0.725723922252655
t2_gw,0.4850537180900574,0.7116236686706543
t2_gw,0.47273823618888855,0.49140098690986633
t2_gw,0.8868273496627808,0.7712742686271667
t2_gw,0.20738643407821655,0.24304187297821045
t2_gw,0.8360952138900757,0.7131491303443909
t2_gw,0.7799093723297119,0.8112267255783081
t2_gw,0.40701621770858765,0.39948907494544983
t2_gw,0.7108509540557861,0.699855625629425
t2_gw,0.7423123121261597,0.7905797958374023
t2_gw,0.5882568955421448,0.5660012364387512
t2_gw,0.8924570679664612,0.9117136597633362
t2_gw,0.6113531589508057,0.557115375995636
t2_gw,0.7081529498100281,0.7075393199920654
t2_gw,0.4701592028141022,0.7083533406257629
t2_gw,0.6203570365905762,0.7026787996292114
t2_gw,0.3012150824069977,0.6326680779457092
t2_gw,0.5935894846916199,0.6745450496673584
t2_gw,0.5884337425231934,0.689240038394928
t2_gw,0.8459317088127136,0.7536673545837402
t2_gw,0.7671127915382385,0.8125820755958557
t2_gw,0.845768928527832,0.8514280319213867
t2_gw,0.5248795747756958,0.5952791571617126
t2_gw,0.7686134576797485,0.7596314549446106
t2_gw,0.48659268021583557,0.6969106197357178
t2_gw,0.9268224239349365,0.929999053478241
t2_gw,0.6019068360328674,0.5557926297187805
t2_gw,0.909310519695282,0.9192878007888794
t2_gw,0.8689285516738892,0.8768218755722046
t2_gw,0.7798924446105957,0.7289578318595886
t2_gw,0.7124746441841125,0.594031035900116
t2_gw,0.5697494745254517,0.5850331783294678
t2_gw,0.6969727873802185,0.6566209197044373
t2_gw,0.3141171634197235,0.36376523971557617
t2_gw,0.8580628633499146,0.8826814889907837
t2_gw,0.8762694597244263,0.8866807818412781
t2_gw,0.7377157211303711,0.7280058264732361
t2_gw,0.7011389136314392,0.6252401471138
t2_gw,0.39839544892311096,0.44008782505989075
t2_gw,0.8207611441612244,0.7586047649383545
t2_gw,0.3982103765010834,0.39652934670448303
t2_gw,0.9982016682624817,0.9985069036483765
t2_gw,0.7360960245132446,0.7610735297203064
t2_gw,0.857562780380249,0.8524676561355591
t2_gw,0.7912405133247375,0.7881214618682861
t2_gw,0.05926309525966644,0.05910031497478485
t2_gw,0.9164033532142639,0.9236190319061279
t2_gw,0.8491142392158508,0.8646652698516846
t2_gw,0.9763456583023071,0.9784416556358337
t2_gw,0.9130294919013977,0.9268285036087036
t2_gw,0.24843339622020721,0.7182539701461792
t2_gw,0.7640060782432556,0.7271570563316345
t2_gw,0.6644548773765564,0.6739543676376343
t2_gw,0.7879582643508911,0.7632195353507996
t2_gw,0.2157614827156067,0.19822843372821808
t2_gw,0.8514615893363953,0.8609124422073364
t2_gw,0.5513004064559937,0.5365675091743469
t2_gw,0.38470447063446045,0.3484286367893219
t2_gw,0.9576507210731506,0.960088849067688
t2_gw,0.7901615500450134,0.7543824911117554
t2_gw,0.9275129437446594,0.8664801120758057
t2_gw,0.6486135125160217,0.5903143882751465
t2_gw,0.758497416973114,0.7681042551994324
t2_gw,0.41698503494262695,0.5813423991203308
t2_gw,0.8036401271820068,0.7599638104438782
t2_gw,0.7563620209693909,0.6933272480964661
t2_gw,0.5304141640663147,0.7175673842430115
t2_gw,0.826288104057312,0.806168258190155
t2_gw,0.303123414516449,0.6792028546333313
t2_gw,0.8816644549369812,0.793914794921875
t2_gw,0.5921974182128906,0.5965350270271301
t2_gw,0.5222426056861877,0.5396313667297363
t2_gw,0.3918378949165344,0.41846826672554016
t2_gw,0.90167635679245,0.9072280526161194
t2_gw,0.24577055871486664,0.25217753648757935
t2_gw,0.6743082404136658,0.7543790936470032
t2_gw,0.6545655727386475,0.7380297780036926
t2_gw,0.2017717808485031,0.19384972751140594
t2_gw,0.5519483685493469,0.5506319999694824
t2_gw,0.9436876177787781,0.9381076693534851
t2_gw,0.6052635908126831,0.5834091901779175
t2_gw,0.7772889137268066,0.7441570162773132
t2_gw,0.9808043837547302,0.9804061651229858
t2_gw,0.937053918838501,0.9095557332038879
t2_gw,0.7095109224319458,0.7356743216514587
t2_gw,0.7556381225585938,0.7128757834434509
t2_gw,0.6179144382476807,0.6925737261772156
t2_gw,0.1254817545413971,0.14189548790454865
t2_gw,0.8162168264389038,0.8240758776664734
t2_gw,0.6734923124313354,0.6623945236206055
t2_gw,0.35079848766326904,0.3961546719074249
t2_gw,0.43301647901535034,0.4246614873409271
t2_gw,0.8016284704208374,0.7083126306533813
t2_gw,0.032080113887786865,0.029370535165071487
t2_gw,0.17784316837787628,0.17528259754180908
t2_gw,0.7858989238739014,0.8378358483314514
t2_gw,0.8199968338012695,0.7592545747756958
t2_gw,0.6961170434951782,0.666263222694397
t2_gw,0.6268657445907593,0.5849149823188782
t2_gw,0.6015089154243469,0.6574559807777405
t2_gw,0.6590404510498047,0.6796323657035828
t2_gw,0.5576497316360474,0.5165544152259827
t2_gw,0.9380885362625122,0.9413607716560364
t2_gw,0.5898505449295044,0.5504525303840637
t2_gw,0.6826149225234985,0.6873210668563843
t2_gw,0.9743775129318237,0.9549619555473328
t2_gw,0.9324601888656616,0.9324514865875244
t2_gw,0.8625314235687256,0.8519473671913147
t2_gw,0.9274582862854004,0.7462401390075684
t2_gw,0.6206826567649841,0.5809171199798584
t2_gw,0.8818328380584717,0.880441427230835
t2_gw,0.34814730286598206,0.46470630168914795
t2_gw,0.5127480030059814,0.5390805602073669
t2_gw,0.7849230766296387,0.8131402730941772
t2_gw,0.9591078758239746,0.9678442478179932
t2_gw,0.12459450960159302,0.12525716423988342
t2_gw,0.21070100367069244,0.19475038349628448
t2_gw,0.631356954574585,0.5742462873458862
t2_gw,0.8814675807952881,0.8216983675956726
t2_gw,0.33623188734054565,0.3474005460739136
t2_gw,0.7630107998847961,0.7009091973304749
t2_gw,0.8425406217575073,0.8442771434783936
t2_gw,0.5856002569198608,0.6100641489028931
t2_gw,0.4356761872768402,0.38528648018836975
t2_gw,0.7693208456039429,0.7592437863349915
t2_gw,0.38119199872016907,0.4310016930103302
t2_gw,0.7271220088005066,0.775723397731781
t2_gw,0.9075736999511719,0.9259490966796875
t2_gw,0.9269897937774658,0.9275522828102112
t2_gw,0.6499441862106323,0.6720824241638184
t2_gw,0.8622020483016968,0.8552867770195007
t2_gw,0.9536475539207458,0.9020592570304871
t2_gw,0.9867531657218933,0.9889131784439087
t2_gw,0.8224734663963318,0.8563521504402161
t2_gw,0.39595943689346313,0.3791787326335907
t2_gw,0.6068283915519714,0.6185364723205566
t2_gw,0.8940849304199219,0.7272958159446716
t2_gw,0.23788368701934814,0.20614653825759888
t2_gw,0.8013325929641724,0.7806010246276855
t2_gw,0.6368996500968933,0.6079031229019165
t2_gw,0.3832195997238159,0.3677125573158264
t2_gw,0.8912439942359924,0.9000032544136047
t2_gw,0.43762460350990295,0.48998212814331055
t2_gw,0.44703805446624756,0.4546196162700653
t2_gw,0.9423189759254456,0.9539727568626404
t2_gw,0.5715050101280212,0.5196912884712219
t2_gw,0.4360169768333435,0.4855957627296448
t2_gw,0.9995837807655334,0.9996082782745361
t2_gw,0.7912383675575256,0.828874409198761
t2_gw,0.6874457597732544,0.720023512840271
t2_gw,0.8964247107505798,0.8431636691093445
t2_gw,0.7110466361045837,0.7230821251869202
t2_gw,0.9313436150550842,0.9281793236732483
t2_gw,0.8285062313079834,0.8803174495697021
t2_gw,0.6330100297927856,0.6659907698631287
t2_gw,0.2844364047050476,0.29605764150619507
t2_gw,0.5088946223258972,0.49912044405937195
t2_gw,0.5802510380744934,0.6429995894432068
t2_gw,0.40524518489837646,0.48204657435417175
t2_gw,0.9253088235855103,0.9149613380432129
t2_gw,0.21503911912441254,0.2978958785533905
t2_gw,0.7145960927009583,0.7344712018966675
t2_gw,0.9041022062301636,0.8421481847763062
t2_gw,0.6345444917678833,0.7255098819732666
t2_gw,0.2650330662727356,0.29671749472618103
t2_gw,0.9444445967674255,0.7334057688713074
t2_gw,0.9728426933288574,0.9648565053939819
t2_gw,0.7413011789321899,0.6723796725273132
t2_gw,0.8190829753875732,0.8233407139778137
t2_gw,0.6035629510879517,0.6117504835128784
t2_gw,0.8596498966217041,0.853198230266571
t2_gw,0.3376389741897583,0.7254470586776733
t2_gw,0.2986922562122345,0.2973777651786804
t2_gw,0.7702997922897339,0.736769437789917
t2_gw,0.03794325515627861,0.0392979197204113
t2_gw,0.8739215731620789,0.8765754103660583
t2_gw,0.3395068049430847,0.2742675244808197
t2_gw,0.654849112033844,0.5803736448287964
t2_gw,0.5386709570884705,0.5153366923332214
t2_gw,0.6561515927314758,0.62434321641922
t2_gw,0.9899727702140808,0.9859025478363037
t2_gw,0.5599413514137268,0.5948981046676636
t2_gw,0.8140038251876831,0.7462331652641296
t2_gw,0.3154250979423523,0.3226616680622101
t2_gw,0.7679799795150757,0.7632090449333191
t2_gw,0.8660836815834045,0.8796082735061646
t2_gw,0.30047348141670227,0.7123261094093323
t2_gw,0.9548084735870361,0.9486311674118042
t2_gw,0.2967735826969147,0.24584664404392242
t2_gw,0.5829366445541382,0.5736697316169739
t2_gw,0.6776665449142456,0.6932530999183655
t2_gw,0.7179260849952698,0.7078157067298889
t2_gw,0.827783465385437,0.8325907588005066
t2_gw,0.2622723877429962,0.3896770477294922
t2_gw,0.9265710711479187,0.9338374733924866
t2_gw,0.3911922574043274,0.459430456161499
t2_gw,0.9274432063102722,0.7235802412033081
t2_gw,0.9869170188903809,0.9722321629524231
t2_gw,0.7078163623809814,0.7607342004776001
t2_gw,0.7667085528373718,0.7517598867416382
t2_gw,0.8673141598701477,0.7258971929550171
t2_gw,0.9298540949821472,0.9369999170303345
t2_gw,0.4740205407142639,0.5287765860557556
t2_gw,0.7273846864700317,0.8027940392494202
t2_gw,0.3566177487373352,0.3439527153968811
t2_gw,0.7493604421615601,0.7896389961242676
t2_gw,0.4315468668937683,0.6867555379867554
t2_gw,0.9236363172531128,0.9074565768241882
t2_gw,0.8920766711235046,0.8818673491477966
t2_gw,0.9109812378883362,0.9003968834877014
t2_gw,0.7710689306259155,0.7854282259941101
t2_gw,0.6917054057121277,0.6974489688873291
t2_gw,0.2567540109157562,0.23266835510730743
t2_gw,0.5018077492713928,0.6698489189147949
t2_gw,0.6725969314575195,0.6866981387138367
t2_gw,0.9557288289070129,0.9498447179794312
t2_gw,0.6050311923027039,0.596053957939148
t2_gw,0.7615291476249695,0.7371942400932312
t2_gw,0.8584608435630798,0.8966062068939209
t2_gw,0.8810744881629944,0.7136426568031311
t2_gw,0.8069679737091064,0.786324679851532
t2_gw,0.9922497868537903,0.9931209683418274
t2_gw,0.9255784749984741,0.7061636447906494
t2_gw,0.7771890759468079,0.7469499111175537
t2_gw,0.5848946571350098,0.7077446579933167
t2_gw,0.5856286883354187,0.7044166922569275
t2_gw,0.85309898853302,0.7087353467941284
t2_gw,0.7132644057273865,0.6948457956314087
t2_gw,0.7413817048072815,0.7935390472412109
t2_gw,0.20502957701683044,0.2182689607143402
t2_gw,0.5648723244667053,0.6002975702285767
t2_gw,0.7231636047363281,0.6573967933654785
t2_gw,0.7104453444480896,0.7528942227363586
t2_gw,0.8601154088973999,0.8459243774414062
t2_gw,0.8036854863166809,0.6822015643119812
t2_gw,0.4179709255695343,0.41295820474624634
t2_gw,0.19956058263778687,0.19633187353610992
t2_gw,0.9540261030197144,0.7410500049591064
t2_gw,0.39981579780578613,0.6271748542785645
t2_gw,0.3700639605522156,0.36532771587371826
t2_gw,0.9851526021957397,0.9819537401199341
t2_gw,0.8377223610877991,0.7564366459846497
t2_gw,0.30375778675079346,0.32494741678237915
t2_gw,0.750292956829071,0.745587944984436
t2_gw,0.4388105571269989,0.47603121399879456
t2_gw,0.9582942128181458,0.9562250375747681
t2_gw,0.9394676685333252,0.9316045045852661
t2_gw,0.44544145464897156,0.4968882203102112
t2_gw,0.9853754043579102,0.8541947603225708
t2_gw,0.7058406472206116,0.6818790435791016
t2_gw,0.8375343084335327,0.8480803966522217
t2_gw,0.8894139528274536,0.7113354802131653
t2_gw,0.8970414400100708,0.9145881533622742
t2_gw,0.7407312393188477,0.6997538208961487
t2_gw,0.9525551795959473,0.9704551696777344
t2_gw,0.5015314221382141,0.4804597795009613
t2_gw,0.5060100555419922,0.48933330178260803
t2_gw,0.8905029892921448,0.8695369362831116
t2_gw,0.42888566851615906,0.421238511800766
t2_gw,0.7326267957687378,0.7280382513999939
t2_gw,0.600385844707489,0.606705904006958
t2_gw,0.6524642705917358,0.7466776967048645
t2_gw,0.2395753562450409,0.24349655210971832
t2_gw,0.08468231558799744,0.08670756965875626
t2_gw,0.09870635718107224,0.1352885514497757
t2_gw,0.8276526927947998,0.712884783744812
t2_gw,0.7424330711364746,0.7342628240585327
t2_gw,0.9347755312919617,0.946326494216919
t2_gw,0.7630022168159485,0.6533504724502563
t2_gw,0.2903909683227539,0.6837168335914612
t2_gw,0.817653477191925,0.84220951795578
t2_gw,0.9899498820304871,0.9887882471084595
t2_gw,0.44646206498146057,0.4285639226436615
t2_gw,0.9082847237586975,0.9105932712554932
t2_gw,0.9929687976837158,0.9906006455421448
t2_gw,0.9648972749710083,0.9694729447364807
t2_gw,0.405784010887146,0.5174707770347595
t2_gw,0.8907796740531921,0.8154586553573608
t2_gw,0.880765438079834,0.8826390504837036
t2_gw,0.6965508460998535,0.716949999332428
t2_gw,0.990123987197876,0.9797663688659668
t2_gw,0.9671369791030884,0.9646283984184265
t2_gw,0.8258446455001831,0.7146449089050293
t2_gw,0.9528693556785583,0.9390512704849243
t2_gw,0.9338959455490112,0.9317656755447388
t2_gw,0.036521267145872116,0.03615404665470123
t2_gw,0.6822057962417603,0.7303532958030701
t2_gw,0.6712249517440796,0.6336424946784973
t2_gw,0.7730396389961243,0.781961977481842
t2_gw,0.11580850929021835,0.4078049063682556
t2_gw,0.8032804727554321,0.8364980220794678
t2_gw,0.4699178636074066,0.49915677309036255
t2_gw,0.4451877474784851,0.639763355255127
t2_gw,0.5156745314598083,0.6529074311256409
t2_gw,0.5051019787788391,0.47335970401763916
t2_gw,0.7175617218017578,0.7465904951095581
t2_gw,0.48973381519317627,0.4752301275730133
t2_gw,0.1774154156446457,0.10514939576387405
t2_gw,0.32872557640075684,0.3339967727661133
t2_gw,0.7816623449325562,0.6906059384346008
t2_gw,0.9184169173240662,0.9348782300949097
t2_gw,0.23534004390239716,0.26140087842941284
t2_gw,0.49881991744041443,0.5315774083137512
t2_gw,0.9233033657073975,0.912658154964447
t2_gw,0.8960071802139282,0.8893803954124451
t2_gw,0.9244812726974487,0.9162712097167969
t2_gw,0.7690519094467163,0.7122768759727478
t2_gw,0.3354625105857849,0.34710633754730225
t2_gw,0.6859487295150757,0.7144932150840759
t2_gw,0.9006334543228149,0.8201346397399902
t2_gw,0.9206143617630005,0.8787201046943665
t2_gw,0.6920527815818787,0.589705765247345
t2_gw,0.7595179677009583,0.7655320167541504
t2_gw,0.8732020854949951,0.8495820164680481
t2_gw,0.602019190788269,0.6520926356315613
t2_gw,0.5677590370178223,0.5655825138092041
t2_gw,0.5548356175422668,0.5926825404167175
t2_gw,0.5914180278778076,0.6335658431053162
t2_gw,0.466543972492218,0.5106096863746643
t2_gw,0.6084388494491577,0.5961357951164246
t2_gw,0.10961220413446426,0.12474343925714493
t2_gw,0.8719847202301025,0.8289547562599182
t2_gw,0.08661351352930069,0.08915036171674728
t2_gw,0.9979172945022583,0.9978921413421631
t2_gw,0.8593719005584717,0.7321167588233948
t2_gw,0.9449601769447327,0.9398239850997925
t2_gw,0.9901745319366455,0.9901914000511169
t2_gw,0.7300007343292236,0.7462630867958069
t2_gw,0.8242583870887756,0.8230299949645996
t2_gw,0.9329603910446167,0.9378162026405334
t2_gw,0.9207026958465576,0.9205141663551331
t2_gw,0.9164746999740601,0.7203016877174377
t2_gw,0.1665436327457428,0.23840110003948212
t2_gw,0.8290279507637024,0.8192391395568848
t2_gw,0.4513883590698242,0.5332555174827576
t2_gw,0.6000174283981323,0.567039430141449
t2_gw,0.3161245882511139,0.3145417869091034
t2_gw,0.7121259570121765,0.6945711970329285
t2_gw,0.8109893798828125,0.7611164450645447
t2_gw,0.8356606364250183,0.8442545533180237
t2_gw,0.9156811237335205,0.9166046977043152
t2_gw,0.1576710045337677,0.14106449484825134
t2_gw,0.9519599080085754,0.949734628200531
t2_gw,0.9771941304206848,0.966259241104126
t2_gw,0.9274805188179016,0.7190035581588745
t2_gw,0.8469286561012268,0.8623968362808228
t2_gw,0.3786913752555847,0.5260711312294006
t2_gw,0.888422966003418,0.8948771357536316
t2_gw,0.8973450064659119,0.7896013855934143
t2_gw,0.7825853824615479,0.8034220337867737
t2_gw,0.8274019956588745,0.8200635313987732
t2_gw,0.9350680112838745,0.9324235916137695
t2_gw,0.2449422925710678,0.2608832120895386
t2_gw,0.9024658203125,0.820732057094574
t2_gw,0.5806599855422974,0.6575690507888794
t2_gw,0.5864331722259521,0.7228312492370605
t2_gw,0.31383419036865234,0.46378886699676514
t2_gw,0.8743683695793152,0.8824774026870728
t2_gw,0.8560382723808289,0.8606234788894653
t2_gw,0.5954256057739258,0.6061021089553833
t2_gw,0.9172281622886658,0.9197502732276917
t2_gw,0.36199507117271423,0.3329436182975769
t2_gw,0.5644643306732178,0.5924769043922424
t2_gw,0.8243166208267212,0.8563580513000488
t2_gw,0.3161974549293518,0.3341931402683258
t2_gw,0.9939634799957275,0.9945860505104065
t2_gw,0.7518516778945923,0.7676079273223877
t2_gw,0.9565234184265137,0.9657109379768372
t2_gw,0.2979062497615814,0.6473332643508911
t2_gw,0.5597747564315796,0.5468871593475342
t2_gw,0.7365109920501709,0.7767625451087952
t2_gw,0.916428804397583,0.9185159802436829
t2_gw,0.2510533928871155,0.25084227323532104
t2_gw,0.8803979158401489,0.8649818897247314
t2_gw,0.7818539142608643,0.7986825108528137
t2_gw,0.8834880590438843,0.9069177508354187
t2_gw,0.27864211797714233,0.2585539221763611
t2_gw,0.9995899200439453,0.9994471073150635
t2_gw,0.5326201319694519,0.7155877351760864
t2_gw,0.4059813916683197,0.4254908263683319
t2_gw,0.9972435235977173,0.9946826696395874
t2_gw,0.8412187695503235,0.8618051409721375
t2_gw,0.6510963439941406,0.6886902451515198
t2_gw,0.9356756806373596,0.9499276876449585
t2_gw,0.6930873394012451,0.6751341819763184
t2_gw,0.29222986102104187,0.28127002716064453
t2_gw,0.380696564912796,0.38480713963508606
t2_gw,0.5922326445579529,0.5754812955856323
t2_gw,0.2465721219778061,0.23172084987163544
t2_gw,0.9613361954689026,0.9636240005493164
t2_gw,0.3673161268234253,0.5830692052841187
t2_gw,0.7634968161582947,0.7885223031044006
t2_gw,0.48044106364250183,0.5617116093635559
t2_gw,0.5574793815612793,0.6381482481956482
t2_gw,0.48624277114868164,0.7161320447921753
t2_gw,0.9974392652511597,0.9956338405609131
t2_gw,0.8343218564987183,0.7014098167419434
t2_gw,0.8793227672576904,0.8479354977607727
t2_gw,0.36034995317459106,0.7083900570869446
s2_recon,0.8047105073928833,0.8035603165626526
s2_recon,0.6363042593002319,0.6279411315917969
s2_recon,0.378244012594223,0.3618343770503998
s2_recon,0.8569316864013672,0.8440938591957092
s2_recon,0.54409259557724,0.5612245798110962
s2_recon,0.6684113144874573,0.6724838018417358
s2_recon,0.7845997214317322,0.7884860038757324
s2_recon,0.581214427947998,0.5916317105293274
s2_recon,0.7996744513511658,0.8060898780822754
s2_recon,0.8258745670318604,0.8170761466026306
s2_recon,0.9676393866539001,0.9678080081939697
s2_recon,0.8824137449264526,0.8709411025047302
s2_recon,0.3016109764575958,0.2867130637168884
s2_recon,0.355011522769928,0.3595760464668274
s2_recon,0.43011149764060974,0.41026827692985535
s2_recon,0.8028383255004883,0.8256228566169739
s2_recon,0.13660284876823425,0.13897284865379333
s2_recon,0.7019407749176025,0.6913529634475708
s2_recon,0.3792842626571655,0.4008173942565918
s2_recon,0.5591671466827393,0.5615161061286926
s2_recon,0.6461312174797058,0.6488403081893921
s2_recon,0.9400984644889832,0.94136643409729
s2_recon,0.9566360712051392,0.9543051719665527
s2_recon,0.741956353187561,0.7612207531929016
s2_recon,0.7674223780632019,0.7763767838478088
s2_recon,0.6361761093139648,0.615038275718689
s2_recon,0.6550922393798828,0.62565678358078
s2_recon,0.836927592754364,0.8416786789894104
s2_recon,0.7275412678718567,0.7330905795097351
s2_recon,0.9896065592765808,0.990359902381897
s2_recon,0.7924703359603882,0.7685914635658264
s2_recon,0.9453710913658142,0.9385928511619568
s2_recon,0.7804386019706726,0.7733932137489319
s2_recon,0.8535233736038208,0.8627312779426575
s2_recon,0.8437222838401794,0.8436406850814819
s2_recon,0.852393627166748,0.8751787543296814
s2_recon,0.6128943562507629,0.58649080991745
s2_recon,0.5475203394889832,0.5342065095901489
s2_recon,0.285915344953537,0.2758537828922272
s2_recon,0.9093250632286072,0.9129683375358582
s2_recon,0.5582315325737,0.5628371834754944
s2_recon,0.4005577266216278,0.3953000009059906
s2_recon,0.8783772587776184,0.8758386373519897
s2_recon,0.36880558729171753,0.3873928189277649
s2_recon,0.928791880607605,0.9290934205055237
s2_recon,0.867970883846283,0.8620139360427856
s2_recon,0.6256954669952393,0.601699709892273
s2_recon,0.6396661996841431,0.6378335356712341
s2_recon,0.8157798647880554,0.7955434322357178
s2_recon,0.2486281841993332,0.24511143565177917
s2_recon,0.7512920498847961,0.742191731929779
s2_recon,0.43455395102500916,0.44428250193595886
s2_recon,0.4062942564487457,0.40119391679763794
s2_recon,0.99437415599823,0.9948639869689941
s2_recon,0.5151799321174622,0.5335462093353271
s2_recon,0.9516898989677429,0.9554300904273987
s2_recon,0.8882408142089844,0.8820925354957581
s2_recon,0.839663028717041,0.8303521871566772
s2_recon,0.4076186418533325,0.4006127119064331
s2_recon,0.6991704702377319,0.7021322846412659
s2_recon,0.32317349314689636,0.3107691705226898
s2_recon,0.5881067514419556,0.5999352335929871
s2_recon,0.8647146224975586,0.8809387683868408
s2_recon,0.45977920293807983,0.4484204649925232
s2_recon,0.9701133370399475,0.9747207760810852
s2_recon,0.4075551927089691,0.39500510692596436
s2_recon,0.5219498872756958,0.5139491558074951
s2_recon,0.7828752994537354,0.7945139408111572
s2_recon,0.7117490768432617,0.7160338759422302
s2_recon,0.5848848223686218,0.5967639088630676
s2_recon,0.28558483719825745,0.2895233929157257
s2_recon,0.6600686311721802,0.6469942927360535
s2_recon,0.6980575323104858,0.6970401406288147
s2_recon,0.76448655128479,0.7558715343475342
s2_recon,0.9450427293777466,0.945946216583252
s2_recon,0.8481286764144897,0.8374029397964478
s2_recon,0.6659489870071411,0.640740156173706
s2_recon,0.5612678527832031,0.5665171146392822
s2_recon,0.5797486305236816,0.5543449521064758
s2_recon,0.7745991945266724,0.7891209125518799
s2_recon,0.8027164936065674,0.8147543668746948
s2_recon,0.5859748125076294,0.6003483533859253
s2_recon,0.8508902192115784,0.860914409160614
s2_recon,0.32889923453330994,0.3223307132720947
s2_recon,0.5891320705413818,0.5825378894805908
s2_recon,0.8266944289207458,0.8241732120513916
s2_recon,0.34134915471076965,0.36793750524520874
s2_recon,0.24249722063541412,0.23805764317512512
s2_recon,0.7466934323310852,0.7449431419372559
s2_recon,0.08859294652938843,0.08912687748670578
s2_recon,0.7052636742591858,0.6920694708824158
s2_recon,0.8855050206184387,0.8707908987998962
s2_recon,0.3980167508125305,0.4208470582962036
s2_recon,0.9889073371887207,0.9903449416160583
s2_recon,0.7926808595657349,0.7824673652648926
s2_recon,0.716421902179718,0.7035077810287476
s2_recon,0.855229377746582,0.8473619222640991
s2_recon,0.4666333794593811,0.4632504880428314
s2_recon,0.07767336815595627,0.0777793899178505
s2_recon,0.7763952612876892,0.7808610200881958
s2_recon,0.7350101470947266,0.7453621029853821
s2_recon,0.5043960213661194,0.5073864459991455
s2_recon,0.7096239328384399,0.6999959349632263
s2_recon,0.7823693752288818,0.7552131414413452
s2_recon,0.582726240158081,0.5605106353759766
s2_recon,0.337310791015625,0.32138296961784363
s2_recon,0.9617714285850525,0.9623391032218933
s2_recon,0.6830314993858337,0.6671375036239624
s2_recon,0.10991060733795166,0.10595288127660751
s2_recon,0.7629927396774292,0.7816372513771057
s2_recon,0.9587435722351074,0.9588763117790222
s2_recon,0.15312054753303528,0.1559511125087738
s2_recon,0.7558336853981018,0.734623908996582
s2_recon,0.46362534165382385,0.45590612292289734
s2_recon,0.8198321461677551,0.8042661547660828
s2_recon,0.8933164477348328,0.8995920419692993
s2_recon,0.167453333735466,0.16069582104682922
s2_recon,0.6092993021011353,0.5886308550834656
s2_recon,0.923723042011261,0.9255085587501526
s2_recon,0.8740885257720947,0.8772217035293579
s2_recon,0.8126872777938843,0.8083674311637878
s2_recon,0.7050156593322754,0.710187554359436
s2_recon,0.6441382765769958,0.6262502670288086
s2_recon,0.38999781012535095,0.384470134973526
s2_recon,0.5541437864303589,0.5547192096710205
s2_recon,0.9294347167015076,0.9337769150733948
s2_recon,0.848702073097229,0.8438249230384827
s2_recon,0.32018348574638367,0.33504337072372437
s2_recon,0.7724909782409668,0.782638669013977
s2_recon,0.7576939463615417,0.7542555928230286
s2_recon,0.654862105846405,0.6423336863517761
s2_recon,0.3518315553665161,0.3319801688194275
s2_recon,0.3644997179508209,0.3549456298351288
s2_recon,0.7884796857833862,0.8028364777565002
s2_recon,0.945570170879364,0.9350950717926025
s2_recon,0.7839046716690063,0.7864221930503845
s2_recon,0.521563708782196,0.5361652374267578
s2_recon,0.6030852198600769,0.6000359654426575
s2_recon,0.157918319106102,0.15642042458057404
s2_recon,0.7225888967514038,0.7277255058288574
s2_recon,0.9891353249549866,0.9904035925865173
s2_recon,0.4283360242843628,0.4046502411365509
s2_recon,0.44387203454971313,0.44851154088974
s2_recon,0.7570136785507202,0.7543418407440186
s2_recon,0.5125856995582581,0.5290042757987976
s2_recon,0.8120149374008179,0.8160880208015442
s2_recon,0.25442376732826233,0.256373792886734
s2_recon,0.9754143357276917,0.9718027114868164
s2_recon,0.732249915599823,0.7452752590179443
s2_recon,0.7718748450279236,0.7794640064239502
s2_recon,0.896465003490448,0.8974407315254211
s2_recon,0.9890002012252808,0.9906449913978577
s2_recon,0.8900310397148132,0.8904426097869873
s2_recon,0.5286693572998047,0.5080264210700989
s2_recon,0.7308682203292847,0.7408321499824524
s2_recon,0.18960478901863098,0.183292955160141
s2_recon,0.65602046251297,0.6231740713119507
s2_recon,0.19513893127441406,0.19024300575256348
s2_recon,0.9784911870956421,0.9834328889846802
s2_recon,0.6355851292610168,0.617552638053894
s2_recon,0.9229598641395569,0.9258222579956055
s2_recon,0.4761725962162018,0.46518075466156006
s2_recon,0.8852529525756836,0.8668970465660095
s2_recon,0.8505760431289673,0.8537038564682007
s2_recon,0.05497638136148453,0.05592326074838638
s2_recon,0.878124475479126,0.8636457324028015
s2_recon,0.4379251301288605,0.4241596460342407
s2_recon,0.17611044645309448,0.16687530279159546
s2_recon,0.7915129661560059,0.7908417582511902
s2_recon,0.5062655806541443,0.49457162618637085
s2_recon,0.7354373931884766,0.7436932325363159
s2_recon,0.9336985945701599,0.9409869313240051
s2_recon,0.8372260332107544,0.8259859085083008
s2_recon,0.9299172163009644,0.9354608058929443
s2_recon,0.7171924710273743,0.7294468879699707
s2_recon,0.9040364623069763,0.8906356692314148
s2_recon,0.7463945746421814,0.7253820300102234
s2_recon,0.7811370491981506,0.7602049112319946
s2_recon,0.49399399757385254,0.5097601413726807
s2_recon,0.31910231709480286,0.30894315242767334
s2_recon,0.9967026114463806,0.996252715587616
s2_recon,0.9571377635002136,0.9560036659240723
s2_recon,0.7989729642868042,0.8131808042526245
s2_recon,0.654492199420929,0.6306126713752747
s2_recon,0.6070755124092102,0.5967277884483337
s2_recon,0.631356954574585,0.6226956844329834
s2_recon,0.5532475709915161,0.5447311997413635
s2_recon,0.6638603210449219,0.6711760759353638
s2_recon,0.5405895709991455,0.5447878241539001
s2_recon,0.6596173048019409,0.6525961756706238
s2_recon,0.5896313190460205,0.5977659821510315
s2_recon,0.162123441696167,0.16508907079696655
s2_recon,0.9841956496238708,0.9855989813804626
s2_recon,0.9360353350639343,0.9321941137313843
s2_recon,0.8549391031265259,0.8686091303825378
s2_recon,0.8829098343849182,0.8751570582389832
s2_recon,0.7967774868011475,0.7888481020927429
s2_recon,0.12840577960014343,0.13325047492980957
s2_recon,0.9418010711669922,0.944712221622467
s2_recon,0.9889047741889954,0.9913411140441895
s2_recon,0.4852205812931061,0.48622894287109375
s2_recon,0.5451064705848694,0.5356179475784302
s2_recon,0.6668956875801086,0.647524893283844
s2_recon,0.7173523902893066,0.7303735017776489
s2_recon,0.11471167206764221,0.12087488174438477
s2_recon,0.9380442500114441,0.9454706311225891
s2_recon,0.45103806257247925,0.4701175093650818
s2_recon,0.10088666528463364,0.10087152570486069
s2_recon,0.7886328101158142,0.7705578804016113
s2_recon,0.7027304172515869,0.7135538458824158
s2_recon,0.7022244334220886,0.7264520525932312
s2_recon,0.495711088180542,0.523866593837738
s2_recon,0.9348897337913513,0.9397817850112915
s2_recon,0.5722741484642029,0.5673655867576599
s2_recon,0.6923325657844543,0.7142052054405212
s2_recon,0.9719887375831604,0.9688937664031982
s2_recon,0.6842266321182251,0.6766812801361084
s2_recon,0.7499365210533142,0.7561075687408447
s2_recon,0.3347579836845398,0.3217209577560425
s2_recon,0.5123665928840637,0.5118169784545898
s2_recon,0.6481092572212219,0.6511132121086121
s2_recon,0.19338926672935486,0.19129310548305511
s2_recon,0.18336457014083862,0.17621499300003052
s2_recon,0.6199808120727539,0.6326425075531006
s2_recon,0.826245903968811,0.8277744650840759
s2_recon,0.8308308124542236,0.8262581825256348
s2_recon,0.40663763880729675,0.41873034834861755
s2_recon,0.7736079692840576,0.7592350244522095
s2_recon,0.9568527936935425,0.9563560485839844
s2_recon,0.8178090453147888,0.8177170753479004
s2_recon,0.8920871615409851,0.8845863342285156
s2_recon,0.6473914980888367,0.6488221883773804
s2_recon,0.4910482168197632,0.5117014050483704
s2_recon,0.8744247555732727,0.8776174187660217
s2_recon,0.9450098872184753,0.9476321935653687
s2_recon,0.9855394959449768,0.9869115352630615
s2_recon,0.946027398109436,0.9442527890205383
s2_recon,0.4909553527832031,0.49652355909347534
s2_recon,0.5423818230628967,0.5323671698570251
s2_recon,0.45828863978385925,0.43666261434555054
s2_recon,0.4176538288593292,0.42144477367401123
s2_recon,0.8409923911094666,0.8471916317939758
s2_recon,0.9452272653579712,0.941855788230896
s2_recon,0.8258165717124939,0.8365257978439331
s2_recon,0.40877488255500793,0.3920474648475647
s2_recon,0.5628677606582642,0.5610478520393372
s2_recon,0.053924135863780975,0.05268985033035278
s2_recon,0.8491142392158508,0.8592290878295898
s2_recon,0.35485032200813293,0.34091177582740784
s2_recon,0.7019736170768738,0.7061759233474731
s2_recon,0.7868859767913818,0.7772419452667236
s2_recon,0.8598306775093079,0.853466272354126
s2_recon,0.7757182717323303,0.7884724140167236
s2_recon,0.5288836359977722,0.5255686044692993
s2_recon,0.41061753034591675,0.42288345098495483
s2_recon,0.10082534700632095,0.10429863631725311
s2_recon,0.9347633123397827,0.9406803846359253
s2_recon,0.3459654748439789,0.34406009316444397
s2_recon,0.7606372833251953,0.7436724305152893
s2_recon,0.5672720670700073,0.5728371739387512
s2_recon,0.6063048243522644,0.5940752029418945
s2_recon,0.4657769799232483,0.45933011174201965
s2_recon,0.8337479829788208,0.8437755703926086
s2_recon,0.5889072418212891,0.5610654354095459
s2_recon,0.41238895058631897,0.42666301131248474
s2_recon,0.9366495013237,0.9319759607315063
s2_recon,0.3916054368019104,0.38635605573654175
s2_recon,0.8307808637619019,0.8221012949943542
s2_recon,0.8452898859977722,0.8286107778549194
s2_recon,0.6409597396850586,0.615984320640564
s2_recon,0.9779077172279358,0.9792659878730774
s2_recon,0.6094260811805725,0.5956202149391174
s2_recon,0.7772752046585083,0.7466311454772949
s2_recon,0.9071611166000366,0.8975409269332886
s2_recon,0.3032462000846863,0.2906966507434845
s2_recon,0.6501566171646118,0.6740297079086304
s2_recon,0.7034960389137268,0.6878886222839355
s2_recon,0.9179525375366211,0.9213390350341797
s2_recon,0.9178749918937683,0.9128432273864746
s2_recon,0.9739285111427307,0.9654656648635864
s2_recon,0.4745064675807953,0.4985126852989197
s2_recon,0.19685472548007965,0.20983152091503143
s2_recon,0.8844326734542847,0.8788726329803467
s2_recon,0.9353479743003845,0.9350773096084595
s2_recon,0.8602709770202637,0.8465685844421387
s2_recon,0.8943188786506653,0.8979153633117676
s2_recon,0.8958006501197815,0.8911420702934265
s2_recon,0.527306854724884,0.5652709603309631
s2_recon,0.7123239636421204,0.7266994714736938
s2_recon,0.6503759026527405,0.6608209609985352
s2_recon,0.8361660242080688,0.8331941366195679
s2_recon,0.7747318744659424,0.7858178019523621
s2_recon,0.6975137591362,0.7018969058990479
s2_recon,0.7859154343605042,0.7825672626495361
s2_recon,0.5307303071022034,0.5390743613243103
s2_recon,0.19138997793197632,0.18158237636089325
s2_recon,0.30216991901397705,0.2911819517612457
s2_recon,0.8553496599197388,0.8731516003608704
s2_recon,0.6930798292160034,0.7116199731826782
s2_recon,0.7941514253616333,0.8143310546875
s2_recon,0.9648125171661377,0.968995213508606
s2_recon,0.357120543718338,0.33831918239593506
s2_recon,0.34430909156799316,0.3522489070892334
s2_recon,0.48704081773757935,0.4867117404937744
s2_recon,0.8941781520843506,0.898271918296814
s2_recon,0.30591389536857605,0.3166328966617584
s2_recon,0.683182954788208,0.7018786668777466
s2_recon,0.2158082276582718,0.20246338844299316
s2_recon,0.5816946625709534,0.5715330243110657
s2_recon,0.21354685723781586,0.2235572338104248
s2_recon,0.7447697520256042,0.7640547156333923
s2_recon,0.9825989007949829,0.9799808263778687
s2_recon,0.9184890985488892,0.917007565498352
s2_recon,0.7706619501113892,0.7697606086730957
s2_recon,0.6651944518089294,0.6694216132164001
s2_recon,0.8751962184906006,0.8679220080375671
s2_recon,0.09359808266162872,0.09405642002820969
s2_recon,0.9883686304092407,0.9902372360229492
s2_recon,0.5179657340049744,0.5446717143058777
s2_recon,0.20485500991344452,0.194744274020195
s2_recon,0.5431763529777527,0.5438569784164429
s2_recon,0.9616604447364807,0.9555056095123291
s2_recon,0.8270999193191528,0.8349834084510803
s2_recon,0.5513004064559937,0.552412211894989
s2_recon,0.48822638392448425,0.48091286420822144
s2_recon,0.08591911941766739,0.08427874743938446
s2_recon,0.8508312106132507,0.841604471206665
s2_recon,0.7618611454963684,0.7540057301521301
s2_recon,0.6990957260131836,0.711969792842865
s2_recon,0.8085005879402161,0.8186531662940979
s2_recon,0.9698340892791748,0.9740328192710876
s2_recon,0.8339630365371704,0.8425482511520386
s2_recon,0.8584983944892883,0.8657285571098328
s2_recon,0.4685509502887726,0.49475494027137756
s2_recon,0.9830799698829651,0.9829760193824768
s2_recon,0.9652402997016907,0.9681258797645569
s2_recon,0.8192009329795837,0.8179879188537598
s2_recon,0.8381099700927734,0.8317683935165405
s2_recon,0.9727787971496582,0.966819703578949
s2_recon,0.19489693641662598,0.1846027672290802
s2_recon,0.4761619567871094,0.47121965885162354
s2_recon,0.8397660851478577,0.8490992784500122
s2_recon,0.9815282225608826,0.9791058897972107
s2_recon,0.23956416547298431,0.2271982729434967
s2_recon,0.7410231232643127,0.7234402298927307
s2_recon,0.5026286244392395,0.5154799818992615
s2_recon,0.09344512224197388,0.09547412395477295
s2_recon,0.9080904126167297,0.910862147808075
s2_recon,0.8910288214683533,0.8839977979660034
s2_recon,0.733768880367279,0.7297689318656921
s2_recon,0.5877415537834167,0.5963377356529236
s2_recon,0.5819688439369202,0.5859984159469604
s2_recon,0.8953068256378174,0.8779880404472351
s2_recon,0.34713199734687805,0.34128454327583313
s2_recon,0.4796481430530548,0.5018154978752136
s2_recon,0.6580430269241333,0.6808897256851196
s2_recon,0.6352867484092712,0.6280941367149353
s2_recon,0.6586507558822632,0.6337337493896484
s2_recon,0.7083808183670044,0.7137491703033447
s2_recon,0.605497419834137,0.6050364971160889
s2_recon,0.7753892540931702,0.7732604742050171
s2_recon,0.9231517314910889,0.9109892249107361
s2_recon,0.7947521209716797,0.7769623398780823
s2_recon,0.8222653269767761,0.8329406976699829
s2_recon,0.9670295119285583,0.9642376899719238
s2_recon,0.981282651424408,0.9785009622573853
s2_recon,0.7227736115455627,0.733990490436554
s2_recon,0.9270802736282349,0.9339408278465271
s2_recon,0.46089330315589905,0.46843984723091125
s2_recon,0.7986177802085876,0.8059595227241516
s2_recon,0.3874205946922302,0.39477699995040894
s2_recon,0.4452464282512665,0.4297606647014618
s2_recon,0.4603528380393982,0.45340660214424133
s2_recon,0.19388416409492493,0.19203336536884308
s2_recon,0.5463485717773438,0.5500854253768921
s2_recon,0.7730945348739624,0.7712759375572205
s2_recon,0.41885387897491455,0.41790688037872314
s2_recon,0.8015717267990112,0.8196149468421936
s2_recon,0.9893733263015747,0.9908379912376404
s2_recon,0.6557888984680176,0.6676136255264282
s2_recon,0.8234556913375854,0.8207665681838989
s2_recon,0.5846453309059143,0.6127035021781921
s2_recon,0.22267277538776398,0.2145266830921173
s2_recon,0.725060760974884,0.7430965900421143
s2_recon,0.9590537548065186,0.9616553783416748
s2_recon,0.6423249840736389,0.6321044564247131
s2_recon,0.9593391418457031,0.9656257629394531
s2_recon,0.3318856358528137,0.3330530822277069
s2_recon,0.7631682753562927,0.7575576305389404
s2_recon,0.5367608666419983,0.5447973012924194
s2_recon,0.8224734663963318,0.8141434192657471
s2_recon,0.10600132495164871,0.10770545154809952
s2_recon,0.8141489624977112,0.8118033409118652
s2_recon,0.7584440112113953,0.7634958028793335
s2_recon,0.8318573832511902,0.82527756690979
s2_recon,0.3539467453956604,0.34945687651634216
s2_recon,0.4709458649158478,0.4507749080657959
s2_recon,0.9361178874969482,0.9348571300506592
s2_recon,0.8581415414810181,0.8457642197608948
s2_recon,0.44948509335517883,0.4265524446964264
s2_recon,0.7905237078666687,0.8016453981399536
s2_recon,0.8938897848129272,0.9022744297981262
s2_recon,0.574156641960144,0.5800549983978271
s2_recon,0.7433541417121887,0.7569066286087036
s2_recon,0.789398729801178,0.8008095622062683
s2_recon,0.31823864579200745,0.31396082043647766
s2_recon,0.6024515628814697,0.6246993541717529
s2_recon,0.3803161680698395,0.3856661319732666
s2_recon,0.6406174898147583,0.6300390958786011
s2_recon,0.6604632139205933,0.681665301322937
s2_recon,0.8487989902496338,0.8505018949508667
s2_recon,0.9193118810653687,0.9066527485847473
s2_recon,0.7497822642326355,0.7343732714653015
s2_recon,0.8569086790084839,0.8576549887657166
s2_recon,0.7657208442687988,0.776161789894104
s2_recon,0.36043068766593933,0.37023022770881653
s2_recon,0.9600257277488708,0.9671066999435425
s2_recon,0.02279873564839363,0.02504494972527027
s2_recon,0.46177688241004944,0.43405115604400635
s2_recon,0.9175099730491638,0.9254291653633118
s2_recon,0.9109814167022705,0.9170892238616943
s2_recon,0.6179709434509277,0.623888373374939
s2_recon,0.7858180999755859,0.7657262682914734
s2_recon,0.5940424203872681,0.574813187122345
s2_recon,0.8766964673995972,0.8795220255851746
s2_recon,0.7078438997268677,0.7247891426086426
s2_recon,0.8501113057136536,0.8593811988830566
s2_recon,0.9045522809028625,0.8993514180183411
s2_recon,0.19854353368282318,0.20948421955108643
s2_recon,0.3552921712398529,0.3387739956378937
s2_recon,0.8263472318649292,0.8285896182060242
s2_recon,0.6217951774597168,0.6167986392974854
s2_recon,0.6360927820205688,0.6206767559051514
s2_recon,0.5211060643196106,0.5095235109329224
s2_recon,0.7752278447151184,0.794259786605835
s2_recon,0.2891150712966919,0.28914862871170044
s2_recon,0.9550092816352844,0.9512274861335754
s2_recon,0.8703432083129883,0.8869593143463135
s2_recon,0.28861841559410095,0.28733548521995544
s2_recon,0.944209635257721,0.9452732801437378
s2_recon,0.969609797000885,0.9676756858825684
s2_recon,0.1526680439710617,0.143848717212677
s2_recon,0.8845971822738647,0.8762915730476379
s2_recon,0.7390637397766113,0.7182000875473022
s2_recon,0.8199350237846375,0.830183744430542
s2_recon,0.33348536491394043,0.33363959193229675
s2_recon,0.8301636576652527,0.8162884712219238
s2_recon,0.7859511375427246,0.7823001742362976
s2_recon,0.3141171634197235,0.3103051483631134
s2_recon,0.5270062685012817,0.524281919002533
s2_recon,0.557486355304718,0.5315051078796387
s2_recon,0.28040075302124023,0.27754098176956177
s2_recon,0.9523657560348511,0.9576361775398254
s2_recon,0.8946888446807861,0.9014076590538025
s2_recon,0.777198076248169,0.7820720672607422
s2_recon,0.586401104927063,0.5746094584465027
s2_recon,0.5145769119262695,0.5127893686294556
s2_recon,0.596520721912384,0.6333333253860474
s2_recon,0.4535520672798157,0.4433193504810333
s2_recon,0.577017068862915,0.5918631553649902
s2_recon,0.8792383074760437,0.8954508304595947
s2_recon,0.8345658779144287,0.8061274886131287
s2_recon,0.6878759860992432,0.7133750319480896
s2_recon,0.9233761429786682,0.9160861372947693
s2_recon,0.8765424489974976,0.87325519323349
s2_recon,0.8382370471954346,0.8094127178192139
s2_recon,0.546931266784668,0.5475034117698669
s2_recon,0.24819767475128174,0.26476606726646423
s2_recon,0.4362526834011078,0.4450048804283142
s2_recon,0.9929360747337341,0.9928540587425232
s2_recon,0.7992235422134399,0.8097763061523438
s2_recon,0.49023255705833435,0.46229618787765503
s2_recon,0.399762362241745,0.41370031237602234
s2_recon,0.7460350394248962,0.7612032294273376
s2_recon,0.8213320374488831,0.829936683177948
s2_recon,0.3541519045829773,0.3596798777580261
s2_recon,0.4129009544849396,0.42121031880378723
s2_recon,0.672875702381134,0.6453055143356323
s2_recon,0.4686378240585327,0.4676884114742279
s2_recon,0.835416853427887,0.8423625826835632
s2_recon,0.8119587898254395,0.782124936580658
s2_recon,0.7769971489906311,0.7940822839736938
s2_recon,0.6047354936599731,0.6031454205513
s2_recon,0.8667539358139038,0.8753162622451782
s2_recon,0.1547330617904663,0.1535961776971817
s2_recon,0.7068189382553101,0.7124025821685791
s2_recon,0.536152184009552,0.5456883311271667
s2_recon,0.7183769941329956,0.7325460910797119
s2_recon,0.9013228416442871,0.8845016360282898
s2_recon,0.6088292002677917,0.6264806389808655
s2_recon,0.9065026044845581,0.9113555550575256
s2_recon,0.492524653673172,0.47961580753326416
s2_recon,0.24538186192512512,0.2600786089897156
s2_recon,0.8453853726387024,0.8186060786247253
s2_recon,0.7367340922355652,0.7529419660568237
s2_recon,0.4311509132385254,0.4195956885814667
s2_recon,0.43249455094337463,0.4319736659526825
s2_recon,0.777499258518219,0.7927040457725525
s2_recon,0.9383772611618042,0.9382553100585938
s2_recon,0.9694950580596924,0.9711596965789795
s2_recon,0.7351633310317993,0.7089507579803467
s2_recon,0.7762416005134583,0.7713002562522888
s2_recon,0.7210590839385986,0.7075870633125305
s2_recon,0.8089714646339417,0.822249174118042
s2_recon,0.8057835102081299,0.8088348507881165
s2_recon,0.3314291536808014,0.3336030840873718
s2_recon,0.8697993755340576,0.876518189907074
s2_recon,0.6304451823234558,0.6117808222770691
s2_recon,0.835686981678009,0.848608136177063
s2_recon,0.8814132213592529,0.873989462852478
s2_recon,0.584011435508728,0.6032183766365051
s2_recon,0.8657404780387878,0.8722987771034241
s2_recon,0.7307528257369995,0.725541889667511
s2_recon,0.6932156085968018,0.6798607707023621
s2_recon,0.9389272928237915,0.9384216070175171
s2_recon,0.6413654685020447,0.6674894690513611
s2_recon,0.7234435081481934,0.7205987572669983
s2_recon,0.5765479207038879,0.5787432193756104
s2_recon,0.7150951027870178,0.7128525376319885
s2_recon,0.9808852672576904,0.9787362217903137
s2_recon,0.5222029685974121,0.5059794783592224
s2_recon,0.723506510257721,0.7321138381958008
s2_recon,0.7706577181816101,0.7579960227012634
s2_recon,0.4386403560638428,0.41903156042099
s2_recon,0.5482184290885925,0.5632755160331726
s2_recon,0.41073232889175415,0.4114551544189453
s2_recon,0.6769303679466248,0.6656308770179749
s2_recon,0.5576690435409546,0.5669815540313721
s2_recon,0.6981938481330872,0.68670254945755
s2_recon,0.7623627781867981,0.7418261170387268
s2_recon,0.8453676700592041,0.8477542996406555
s2_recon,0.9963936805725098,0.9967149496078491
s2_recon,0.9073731303215027,0.9132648706436157
s2_recon,0.6229234337806702,0.6222190260887146
s2_recon,0.5934425592422485,0.6094216704368591
s2_recon,0.980403482913971,0.9834805727005005
s2_recon,0.6791676878929138,0.6618294715881348
s2_recon,0.9352679252624512,0.9445302486419678
s2_recon,0.7622983455657959,0.7534295916557312
s2_recon,0.688601016998291,0.6923176646232605
s2_recon,0.9114344716072083,0.9016247391700745
s2_recon,0.5079754590988159,0.5059773325920105
s2_recon,0.7664811015129089,0.7763099074363708
s2_recon,0.3020593822002411,0.316455602645874
s2_recon,0.4171585738658905,0.41468581557273865
s2_recon,0.9107313752174377,0.9186041355133057
s2_recon,0.8037692308425903,0.8039087653160095
s2_recon,0.22253340482711792,0.2184109389781952
s2_recon,0.43579214811325073,0.43568941950798035
s2_recon,0.23442751169204712,0.22665292024612427
s2_recon,0.5674524903297424,0.5512815713882446
s2_recon,0.8284695744514465,0.8382836580276489
s2_recon,0.7530328035354614,0.729434609413147
s2_recon,0.9275786876678467,0.9303682446479797
s2_recon,0.6409172415733337,0.6324705481529236
s2_recon,0.9336934089660645,0.9264964461326599
s2_recon,0.776960015296936,0.7708322405815125
s2_recon,0.9876153469085693,0.984005868434906
s2_recon,0.8205587267875671,0.8234907984733582
s2_recon,0.21562883257865906,0.20122338831424713
s2_recon,0.7403342127799988,0.7124518752098083
s2_recon,0.6573062539100647,0.6577138304710388
s2_recon,0.7722598910331726,0.7683411836624146
s2_recon,0.42888566851615906,0.4215466380119324
s2_recon,0.932278573513031,0.9238520860671997
s2_recon,0.4800901412963867,0.47140753269195557
s2_recon,0.37486129999160767,0.3733225166797638
s2_recon,0.9131479859352112,0.9138146638870239
s2_recon,0.45570579171180725,0.4495912790298462
s2_recon,0.19796176254749298,0.196319580078125
s2_recon,0.3987308144569397,0.40218865871429443
s2_recon,0.751383900642395,0.7417144179344177
s2_recon,0.4970320165157318,0.4882901906967163
s2_recon,0.8191186189651489,0.8120560050010681
s2_recon,0.4179539084434509,0.42878201603889465
s2_recon,0.7811922430992126,0.7941444516181946
s2_recon,0.05592099577188492,0.05546252429485321
s2_recon,0.5386708974838257,0.532439112663269
s2_recon,0.9328045845031738,0.9392150044441223
s2_recon,0.8297615647315979,0.8135615587234497
s2_recon,0.8597578406333923,0.8690379858016968
s2_recon,0.48217687010765076,0.502117395401001
s2_recon,0.16080214083194733,0.15996018052101135
s2_recon,0.5509147644042969,0.5380417108535767
s2_recon,0.6414474248886108,0.625506579875946
s2_recon,0.41698503494262695,0.43391910195350647
s2_recon,0.592419445514679,0.5889119505882263
s2_recon,0.3281312584877014,0.3245539963245392
s2_recon,0.9536516666412354,0.9558773040771484
s2_recon,0.876647412776947,0.8690152764320374
s2_recon,0.5701550245285034,0.5624517798423767
s2_recon,0.5621052980422974,0.5504125356674194
s2_recon,0.5644492506980896,0.5529276132583618
s2_recon,0.2134794443845749,0.2225143313407898
s2_recon,0.14965014159679413,0.14332136511802673
s2_recon,0.4750050902366638,0.475963830947876
s2_recon,0.9463489651679993,0.9462635517120361
s2_recon,0.9790697693824768,0.9777018427848816
s2_recon,0.9682817459106445,0.9677426815032959
s2_recon,0.585850179195404,0.5696682929992676
s2_recon,0.6543118357658386,0.6526687145233154
s2_recon,0.09054112434387207,0.08674553781747818
s2_recon,0.3159595727920532,0.3029153347015381
s2_recon,0.6979537010192871,0.7041967511177063
s2_recon,0.45384451746940613,0.4497206211090088
s2_recon,0.12759004533290863,0.13474290072917938
s2_recon,0.778968095779419,0.793460488319397
s2_recon,0.8375880122184753,0.8433701395988464
s2_recon,0.38509562611579895,0.37870487570762634
s2_recon,0.7749455571174622,0.761231541633606
s2_recon,0.735837459564209,0.7370361089706421
s2_recon,0.9310242533683777,0.9304332733154297
s2_recon,0.25679880380630493,0.2483185976743698
s2_recon,0.6706583499908447,0.6500745415687561
s2_recon,0.9525269865989685,0.9548237323760986
s2_recon,0.6047876477241516,0.6055871844291687
s2_recon,0.765035092830658,0.7659767270088196
s2_recon,0.2733241319656372,0.2740309536457062
s2_recon,0.8779345750808716,0.8687859177589417
s2_recon,0.5056225061416626,0.5268564820289612
s2_recon,0.3630499541759491,0.35513433814048767
s2_recon,0.5579103827476501,0.5427737832069397
s2_recon,0.8936641812324524,0.8972342610359192
s2_recon,0.6575663685798645,0.6729283928871155
s2_recon,0.6842855215072632,0.6525862812995911
s2_recon,0.9618571996688843,0.9535074830055237
s2_recon,0.381002277135849,0.370954304933548
s2_recon,0.5684895515441895,0.5495689511299133
s2_recon,0.5780684351921082,0.5950068831443787
s2_recon,0.40320494771003723,0.40264591574668884
s2_recon,0.31708621978759766,0.3294593095779419
s2_recon,0.8949881196022034,0.8941406011581421
s2_recon,0.9438297748565674,0.9458461999893188
s2_recon,0.6805062890052795,0.6905439496040344
s2_recon,0.9922109842300415,0.9905964732170105
s2_recon,0.7957693338394165,0.8103609681129456
s2_recon,0.2880896031856537,0.271984338760376
s2_recon,0.3043583333492279,0.3141263425350189
s2_recon,0.4306517243385315,0.4152452051639557
s2_recon,0.5295658111572266,0.5313260555267334
s2_recon,0.46952641010284424,0.45999616384506226
s2_recon,0.7964796423912048,0.8090323805809021
s2_recon,0.4564974308013916,0.4591270685195923
s2_recon,0.6776376962661743,0.6873190999031067
s2_recon,0.8095731139183044,0.8305907845497131
s2_recon,0.49949750304222107,0.4867069721221924
s2_recon,0.9897081851959229,0.9914277195930481
s2_recon,0.8961854577064514,0.8987147808074951
s2_recon,0.801754891872406,0.8073412179946899
s2_recon,0.6224141120910645,0.6197234988212585
s2_recon,0.3693828582763672,0.36000996828079224
s2_recon,0.733661949634552,0.7558822631835938
s2_recon,0.9670248627662659,0.9667446613311768
s2_recon,0.8878058791160583,0.8887527585029602
s2_recon,0.9046487212181091,0.9166539907455444
s2_recon,0.42178699374198914,0.4301864504814148
s2_recon,0.5847092270851135,0.5868611335754395
s2_recon,0.4677927494049072,0.47267434000968933
s2_recon,0.7944800853729248,0.7945571541786194
s2_recon,0.4107722043991089,0.4063203036785126
s2_recon,0.5588381886482239,0.5862972140312195
s2_recon,0.6867216229438782,0.7148438096046448
s2_recon,0.8741644024848938,0.8841031789779663
s2_recon,0.9690167903900146,0.9668400287628174
s2_recon,0.95514315366745,0.9600619077682495
s2_recon,0.6377145051956177,0.6219837069511414
s2_recon,0.26218128204345703,0.2727333903312683
s2_recon,0.07703884690999985,0.07762961834669113
s2_recon,0.18265333771705627,0.17904306948184967
s2_recon,0.97017902135849,0.9736387133598328
s2_recon,0.2669871151447296,0.2919617295265198
s2_recon,0.8337921500205994,0.8264821171760559
s2_recon,0.5604835748672485,0.5799745321273804
s2_recon,0.9687942266464233,0.9696668982505798
s2_recon,0.5770953297615051,0.5524364113807678
s2_recon,0.5297388434410095,0.5247630476951599
s2_recon,0.7406012415885925,0.7460506558418274
s2_recon,0.8179760575294495,0.7940610647201538
s2_recon,0.21496911346912384,0.223485067486763
s2_recon,0.4876117706298828,0.5014806985855103
s2_recon,0.8902272582054138,0.8854026794433594
s2_recon,0.7779848575592041,0.7593511343002319
s2_recon,0.8390924334526062,0.8530763387680054
s2_recon,0.9812611937522888,0.9757710099220276
s2_recon,0.8370322585105896,0.8098337054252625
s2_recon,0.8203920722007751,0.7991598844528198
s2_recon,0.7965717315673828,0.8035309314727783
s2_recon,0.2482207864522934,0.24298600852489471
s2_recon,0.9184353351593018,0.9187589883804321
s2_recon,0.7953125834465027,0.7963318824768066
s2_recon,0.7586012482643127,0.7482706904411316
s2_recon,0.3824770152568817,0.3698633909225464
s2_recon,0.9043048024177551,0.902370035648346
s2_recon,0.9558123350143433,0.9531151652336121
s2_recon,0.9144728779792786,0.9102407693862915
s2_recon,0.6345559358596802,0.6456489562988281
s2_recon,0.42400792241096497,0.41980427503585815
s2_recon,0.7813029885292053,0.7940922379493713
s2_recon,0.9890996217727661,0.9894270896911621
s2_recon,0.8112476468086243,0.8205711245536804
s2_gw,0.1290014684200287,0.125716894865036
s2_gw,0.8583335876464844,0.8586341142654419
s2_gw,0.9503195285797119,0.9504703283309937
s2_gw,0.3826710879802704,0.3826897442340851
s2_gw,0.8555951118469238,0.85445636510849
s2_gw,0.07347273826599121,0.07273291051387787
s2_gw,0.8342239856719971,0.8330252170562744
s2_gw,0.8862772583961487,0.8866492509841919
s2_gw,0.5515425801277161,0.551512598991394
s2_gw,0.36314618587493896,0.3630712330341339
s2_gw,0.9069039821624756,0.9070975184440613
s2_gw,0.3928886950016022,0.3897842764854431
s2_gw,0.29599878191947937,0.2941890358924866
s2_gw,0.44127562642097473,0.44109106063842773
s2_gw,0.5375434756278992,0.5377687215805054
s2_gw,0.9530013203620911,0.9540358781814575
s2_gw,0.969535231590271,0.9699174761772156
s2_gw,0.5054160356521606,0.503716230392456
s2_gw,0.9472982883453369,0.9469590187072754
s2_gw,0.9972625374794006,0.9972280263900757
s2_gw,0.8536354899406433,0.8524420261383057
s2_gw,0.6847143173217773,0.6835330724716187
s2_gw,0.7692548036575317,0.7709566354751587
s2_gw,0.8821447491645813,0.8825941681861877
s2_gw,0.8908973932266235,0.8909676671028137
s2_gw,0.6859763860702515,0.6853516101837158
s2_gw,0.7653529047966003,0.7649918794631958
s2_gw,0.45938071608543396,0.46237698197364807
s2_gw,0.9708338379859924,0.9705082178115845
s2_gw,0.9334442615509033,0.9336503744125366
s2_gw,0.9925190806388855,0.9929060339927673
s2_gw,0.7689676880836487,0.7698602676391602
s2_gw,0.9236412048339844,0.9240761399269104
s2_gw,0.8668266534805298,0.8659963011741638
s2_gw,0.47484132647514343,0.47557511925697327
s2_gw,0.4563141167163849,0.4572840929031372
s2_gw,0.7155695557594299,0.7166680693626404
s2_gw,0.7664200067520142,0.7670212388038635
s2_gw,0.7341088056564331,0.7347171902656555
s2_gw,0.9689866304397583,0.9689981341362
s2_gw,0.825162410736084,0.8241207599639893
s2_gw,0.8172913193702698,0.8162594437599182
s2_gw,0.8770059943199158,0.8763990998268127
s2_gw,0.8172413110733032,0.8165457248687744
s2_gw,0.943508505821228,0.9437227249145508
s2_gw,0.9397236704826355,0.9385127425193787
s2_gw,0.9894334673881531,0.9894545674324036
s2_gw,0.9523788094520569,0.9517067670822144
s2_gw,0.9077335596084595,0.9064667820930481
s2_gw,0.40608564019203186,0.40822622179985046
s2_gw,0.932721734046936,0.9325736165046692
s2_gw,0.23985427618026733,0.24054455757141113
s2_gw,0.908941388130188,0.9097314476966858
s2_gw,0.6347121000289917,0.633706271648407
s2_gw,0.4487813711166382,0.4498761296272278
s2_gw,0.8137483596801758,0.8141643404960632
s2_gw,0.8236910700798035,0.8225994110107422
s2_gw,0.8187744617462158,0.8173509240150452
s2_gw,0.5644492506980896,0.5617957711219788
s2_gw,0.8871826529502869,0.8886901140213013
s2_gw,0.4184316396713257,0.419506311416626
s2_gw,0.9023610353469849,0.9004961252212524
s2_gw,0.807108998298645,0.8063249588012695
s2_gw,0.5486050844192505,0.5460317134857178
s2_gw,0.9131003618240356,0.9142321944236755
s2_gw,0.6806070804595947,0.681090235710144
s2_gw,0.4446406662464142,0.4452430307865143
s2_gw,0.7615380883216858,0.7614189982414246
s2_gw,0.9704024195671082,0.9702363610267639
s2_gw,0.660000741481781,0.6607855558395386
s2_gw,0.8598306775093079,0.860628604888916
s2_gw,0.519032895565033,0.5187051296234131
s2_gw,0.8360735177993774,0.8373140096664429
s2_gw,0.9246771931648254,0.9240349531173706
s2_gw,0.688601016998291,0.6899932026863098
s2_gw,0.4596917927265167,0.45886296033859253
s2_gw,0.6962971091270447,0.6960594654083252
s2_gw,0.7079659700393677,0.7085298895835876
s2_gw,0.7445274591445923,0.7434940338134766
s2_gw,0.9777745008468628,0.9784601330757141
s2_gw,0.7669100761413574,0.7650784254074097
s2_gw,0.6839743852615356,0.6855032444000244
s2_gw,0.7823293209075928,0.7814309000968933
s2_gw,0.667309045791626,0.6683928966522217
s2_gw,0.4086846113204956,0.4119635820388794
s2_gw,0.16379188001155853,0.16443075239658356
s2_gw,0.8468252420425415,0.8455023169517517
s2_gw,0.926785409450531,0.9271926879882812
s2_gw,0.754675567150116,0.7561866641044617
s2_gw,0.9593108892440796,0.9591782093048096
s2_gw,0.48112279176712036,0.48007920384407043
s2_gw,0.5184847712516785,0.5170606970787048
s2_gw,0.08218822628259659,0.08352624624967575
s2_gw,0.41664862632751465,0.415889173746109
s2_gw,0.857511043548584,0.8565413355827332
s2_gw,0.613728404045105,0.6135694980621338
s2_gw,0.5146337151527405,0.5158013701438904
s2_gw,0.3226015269756317,0.3239968717098236
s2_gw,0.4903658330440521,0.4898196756839752
s2_gw,0.7680982947349548,0.7683656215667725
s2_gw,0.7631881833076477,0.7633398771286011
s2_gw,0.8857820630073547,0.8865025639533997
s2_gw,0.47643494606018066,0.47738704085350037
s2_gw,0.06788448244333267,0.06508809328079224
s2_gw,0.994734525680542,0.9944897294044495
s2_gw,0.9342292547225952,0.9338809251785278
s2_gw,0.6309387683868408,0.6313464045524597
s2_gw,0.5020822882652283,0.5036882758140564
s2_gw,0.7846867442131042,0.7866572141647339
s2_gw,0.8271870017051697,0.8262379765510559
s2_gw,0.5703775882720947,0.5720904469490051
s2_gw,0.5965366363525391,0.5978150367736816
s2_gw,0.9449219107627869,0.9457004070281982
s2_gw,0.4493497908115387,0.44776293635368347
s2_gw,0.5326370596885681,0.5309516191482544
s2_gw,0.22039003670215607,0.22020746767520905
s2_gw,0.7992139458656311,0.7973377704620361
s2_gw,0.9851382970809937,0.985092043876648
s2_gw,0.43907421827316284,0.4398473799228668
s2_gw,0.24277259409427643,0.24194015562534332
s2_gw,0.5999618172645569,0.5989174246788025
s2_gw,0.5094224214553833,0.5090672969818115
s2_gw,0.8697119951248169,0.8695432543754578
s2_gw,0.9779278635978699,0.9784865975379944
s2_gw,0.9348013401031494,0.9349697232246399
s2_gw,0.9040164947509766,0.9043688774108887
s2_gw,0.6917214393615723,0.6928611397743225
s2_gw,0.9023482203483582,0.9019760489463806
s2_gw,0.818743884563446,0.8185297250747681
s2_gw,0.6196081638336182,0.62050461769104
s2_gw,0.5476614832878113,0.5465373396873474
s2_gw,0.9922791719436646,0.9923179149627686
s2_gw,0.4578966796398163,0.45945948362350464
s2_gw,0.21892663836479187,0.2215832769870758
s2_gw,0.5765768885612488,0.5753081440925598
s2_gw,0.5819939970970154,0.5803896188735962
s2_gw,0.45176446437835693,0.4494456946849823
s2_gw,0.8553480505943298,0.8551172018051147
s2_gw,0.9348914623260498,0.9347304105758667
s2_gw,0.9852367043495178,0.9858860373497009
s2_gw,0.390960156917572,0.3898368775844574
s2_gw,0.606173038482666,0.6041076183319092
s2_gw,0.702773928642273,0.701227605342865
s2_gw,0.7981404662132263,0.7982295751571655
s2_gw,0.904886782169342,0.9053817987442017
s2_gw,0.6280765533447266,0.630390465259552
s2_gw,0.9985353350639343,0.9985633492469788
s2_gw,0.7150434255599976,0.7134447693824768
s2_gw,0.13095669448375702,0.1320662498474121
s2_gw,0.9451320171356201,0.9447992444038391
s2_gw,0.44754958152770996,0.4454666078090668
s2_gw,0.7117330431938171,0.7111884355545044
s2_gw,0.77132648229599,0.768316924571991
s2_gw,0.8599503636360168,0.8585071563720703
s2_gw,0.6285067796707153,0.6281089782714844
s2_gw,0.44942477345466614,0.4517190456390381
s2_gw,0.14048346877098083,0.14211317896842957
s2_gw,0.6980575323104858,0.6957858204841614
s2_gw,0.8745014071464539,0.8736950159072876
s2_gw,0.935154139995575,0.9345082640647888
s2_gw,0.25621944665908813,0.25594890117645264
s2_gw,0.35650843381881714,0.35517317056655884
s2_gw,0.8620472550392151,0.8616303205490112
s2_gw,0.9849079847335815,0.9840524792671204
s2_gw,0.4706250727176666,0.4693417251110077
s2_gw,0.42372018098831177,0.42283621430397034
s2_gw,0.6355650424957275,0.6337648630142212
s2_gw,0.23627395927906036,0.23500485718250275
s2_gw,0.6950950026512146,0.6950562596321106
s2_gw,0.47427693009376526,0.4725307822227478
s2_gw,0.8876444697380066,0.8882865905761719
s2_gw,0.5253475904464722,0.5254203081130981
s2_gw,0.3295266628265381,0.32624784111976624
s2_gw,0.7568126320838928,0.7570514678955078
s2_gw,0.6969059109687805,0.6979655623435974
s2_gw,0.4938516914844513,0.49394264817237854
s2_gw,0.8634425401687622,0.8623483777046204
s2_gw,0.548060417175293,0.5480507016181946
s2_gw,0.876764714717865,0.8752998113632202
s2_gw,0.16830427944660187,0.17016158998012543
s2_gw,0.81536465883255,0.815012514591217
s2_gw,0.8138018250465393,0.8145336508750916
s2_gw,0.7257131934165955,0.7267098426818848
s2_gw,0.8843511939048767,0.8842604160308838
s2_gw,0.567103385925293,0.5645089745521545
s2_gw,0.554980456829071,0.5558149218559265
s2_gw,0.6951090693473816,0.6948200464248657
s2_gw,0.7270143032073975,0.7270506024360657
s2_gw,0.35671451687812805,0.3561302125453949
s2_gw,0.5724513530731201,0.5734766125679016
s2_gw,0.6174094080924988,0.6184170842170715
s2_gw,0.8005711436271667,0.8006376624107361
s2_gw,0.5806443095207214,0.5785894393920898
s2_gw,0.8080427050590515,0.8080255389213562
s2_gw,0.6025202870368958,0.60239177942276
s2_gw,0.9842851758003235,0.9844637513160706
s2_gw,0.6649112105369568,0.6635236740112305
s2_gw,0.4215080142021179,0.4215441644191742
s2_gw,0.9291011691093445,0.9294694662094116
s2_gw,0.8156933784484863,0.815179169178009
s2_gw,0.3717253804206848,0.3710053265094757
s2_gw,0.9421180486679077,0.9424139261245728
s2_gw,0.386006236076355,0.3863447904586792
s2_gw,0.37381309270858765,0.3739393949508667
s2_gw,0.6264916062355042,0.6247540712356567
s2_gw,0.8475099205970764,0.8485330939292908
s2_gw,0.507391095161438,0.5086310505867004
s2_gw,0.8066214919090271,0.8065208196640015
s2_gw,0.8392746448516846,0.8389482498168945
s2_gw,0.779059648513794,0.7799428105354309
s2_gw,0.6107483506202698,0.6087320446968079
s2_gw,0.3446974754333496,0.34582212567329407
s2_gw,0.9717243313789368,0.9722715616226196
s2_gw,0.9641627073287964,0.964303195476532
s2_gw,0.7192226052284241,0.7191160917282104
s2_gw,0.9406067728996277,0.9403916001319885
s2_gw,0.4431745111942291,0.4452948272228241
s2_gw,0.2994823455810547,0.2961452603340149
s2_gw,0.8023349642753601,0.8025364875793457
s2_gw,0.561689019203186,0.5639212727546692
s2_gw,0.17592547833919525,0.17178654670715332
s2_gw,0.9399796724319458,0.939906895160675
s2_gw,0.7968693375587463,0.7968052625656128
s2_gw,0.7012279629707336,0.7017658352851868
s2_gw,0.9093563556671143,0.90931636095047
s2_gw,0.6816927194595337,0.6800518035888672
s2_gw,0.9232646822929382,0.9230819344520569
s2_gw,0.8105996251106262,0.8109175562858582
s2_gw,0.4853394627571106,0.4853897988796234
s2_gw,0.3097744286060333,0.31065475940704346
s2_gw,0.7339341044425964,0.7349764108657837
s2_gw,0.9611693620681763,0.9614574313163757
s2_gw,0.3692876994609833,0.3710182011127472
s2_gw,0.7858180999755859,0.7841227650642395
s2_gw,0.34382790327072144,0.3450729250907898
s2_gw,0.3646427094936371,0.3671268820762634
s2_gw,0.7584202885627747,0.7599741816520691
s2_gw,0.9378414154052734,0.9382562637329102
s2_gw,0.8206222057342529,0.8207190036773682
s2_gw,0.9076467156410217,0.9066950082778931
s2_gw,0.7956902980804443,0.7964712977409363
s2_gw,0.5055914521217346,0.5079227089881897
s2_gw,0.12783832848072052,0.12770095467567444
s2_gw,0.9456030130386353,0.9452447891235352
s2_gw,0.8946832418441772,0.8951725363731384
s2_gw,0.7845032215118408,0.7852120399475098
s2_gw,0.5313811302185059,0.5297240614891052
s2_gw,0.9193702936172485,0.9192609190940857
s2_gw,0.6901981830596924,0.6927409172058105
s2_gw,0.1135033369064331,0.11493229120969772
s2_gw,0.7262532114982605,0.7246364951133728
s2_gw,0.9792994856834412,0.9787768125534058
s2_gw,0.28582319617271423,0.2862282991409302
s2_gw,0.1931936889886856,0.19461897015571594
s2_gw,0.3388374149799347,0.3410699963569641
s2_gw,0.9449993968009949,0.9452433586120605
s2_gw,0.2746845781803131,0.27439841628074646
s2_gw,0.5593429803848267,0.5570818185806274
s2_gw,0.829164445400238,0.8280784487724304
s2_gw,0.15312054753303528,0.15361471474170685
s2_gw,0.7851168513298035,0.7851400971412659
s2_gw,0.8569831848144531,0.8570505976676941
s2_gw,0.37290847301483154,0.37345200777053833
s2_gw,0.756417453289032,0.7576968669891357
s2_gw,0.7964807152748108,0.7948997020721436
s2_gw,0.9289981126785278,0.9301353693008423
s2_gw,0.9252872467041016,0.9262036681175232
s2_gw,0.4231230318546295,0.4245702028274536
s2_gw,0.7284296154975891,0.7275318503379822
s2_gw,0.9188832640647888,0.9188498854637146
s2_gw,0.8757709860801697,0.8746308088302612
s2_gw,0.5501862168312073,0.5496346354484558
s2_gw,0.9024725556373596,0.9025467038154602
s2_gw,0.518282413482666,0.5201637744903564
s2_gw,0.9316728711128235,0.9304475784301758
s2_gw,0.5347312688827515,0.535423219203949
s2_gw,0.7587350010871887,0.7591338157653809
s2_gw,0.6767185926437378,0.676135778427124
s2_gw,0.5313300490379333,0.5295037031173706
s2_gw,0.9480352401733398,0.9470422267913818
s2_gw,0.41425612568855286,0.4129105508327484
s2_gw,0.37660861015319824,0.3783802390098572
s2_gw,0.8201585412025452,0.8199754357337952
s2_gw,0.9386042952537537,0.9387627243995667
s2_gw,0.8892595767974854,0.8887618780136108
s2_gw,0.6439391374588013,0.6439463496208191
s2_gw,0.8261747360229492,0.8268901109695435
s2_gw,0.669938862323761,0.6670486927032471
s2_gw,0.9143650531768799,0.9153209924697876
s2_gw,0.5233206152915955,0.5211169719696045
s2_gw,0.6561317443847656,0.6575295329093933
s2_gw,0.9606167078018188,0.9608356952667236
s2_gw,0.13368387520313263,0.13499586284160614
s2_gw,0.9879087209701538,0.9877637028694153
s2_gw,0.36660122871398926,0.36557045578956604
s2_gw,0.2705860137939453,0.26638540625572205
s2_gw,0.4007883369922638,0.40220844745635986
s2_gw,0.6454084515571594,0.6458815932273865
s2_gw,0.8329281806945801,0.8335666060447693
s2_gw,0.4566054046154022,0.45709311962127686
s2_gw,0.7979576587677002,0.798219621181488
s2_gw,0.8147876858711243,0.8153333067893982
s2_gw,0.4850537180900574,0.4844592809677124
s2_gw,0.47273823618888855,0.4727906584739685
s2_gw,0.8868273496627808,0.8849828243255615
s2_gw,0.20738643407821655,0.20659303665161133
s2_gw,0.8360952138900757,0.8355275392532349
s2_gw,0.7799093723297119,0.7795308232307434
s2_gw,0.40701621770858765,0.4081462621688843
s2_gw,0.7108509540557861,0.7105159163475037
s2_gw,0.7423123121261597,0.7430557608604431
s2_gw,0.5882568955421448,0.5860768556594849
s2_gw,0.8924570679664612,0.8929556012153625
s2_gw,0.6113531589508057,0.610292911529541
s2_gw,0.7081529498100281,0.7085229158401489
s2_gw,0.4701592028141022,0.4692857563495636
s2_gw,0.6203570365905762,0.6216037273406982
s2_gw,0.3012150824069977,0.29913291335105896
s2_gw,0.5935894846916199,0.5958223938941956
s2_gw,0.5884337425231934,0.5882068276405334
s2_gw,0.8459317088127136,0.8464363217353821
s2_gw,0.7671127915382385,0.7670900225639343
s2_gw,0.845768928527832,0.8460441827774048
s2_gw,0.5248795747756958,0.5250515937805176
s2_gw,0.7686134576797485,0.7677577137947083
s2_gw,0.48659268021583557,0.48606085777282715
s2_gw,0.9268224239349365,0.927725076675415
s2_gw,0.6019068360328674,0.5993342995643616
s2_gw,0.909310519695282,0.909458339214325
s2_gw,0.8689285516738892,0.869742751121521
s2_gw,0.7798924446105957,0.7782685160636902
s2_gw,0.7124746441841125,0.7120254635810852
s2_gw,0.5697494745254517,0.5701013803482056
s2_gw,0.6969727873802185,0.6965801119804382
s2_gw,0.3141171634197235,0.31542524695396423
s2_gw,0.8580628633499146,0.8576163053512573
s2_gw,0.8762694597244263,0.876375675201416
s2_gw,0.7377157211303711,0.7382448315620422
s2_gw,0.7011389136314392,0.7007646560668945
s2_gw,0.39839544892311096,0.3979698717594147
s2_gw,0.8207611441612244,0.8212558031082153
s2_gw,0.3982103765010834,0.398099809885025
s2_gw,0.9982016682624817,0.9980844855308533
s2_gw,0.7360960245132446,0.7380933165550232
s2_gw,0.857562780380249,0.8563389182090759
s2_gw,0.7912405133247375,0.7920217514038086
s2_gw,0.05926309525966644,0.06094243377447128
s2_gw,0.9164033532142639,0.9163839817047119
s2_gw,0.8491142392158508,0.848478376865387
s2_gw,0.9763456583023071,0.9761412143707275
s2_gw,0.9130294919013977,0.9130574464797974
s2_gw,0.24843339622020721,0.2470746785402298
s2_gw,0.7640060782432556,0.7633207440376282
s2_gw,0.6644548773765564,0.6647292375564575
s2_gw,0.7879582643508911,0.7887338399887085
s2_gw,0.2157614827156067,0.2171853482723236
s2_gw,0.8514615893363953,0.8525009155273438
s2_gw,0.5513004064559937,0.5501660108566284
s2_gw,0.38470447063446045,0.3847244679927826
s2_gw,0.9576507210731506,0.9573333859443665
s2_gw,0.7901615500450134,0.7897646427154541
s2_gw,0.9275129437446594,0.9271419048309326
s2_gw,0.6486135125160217,0.6504851579666138
s2_gw,0.758497416973114,0.7579952478408813
s2_gw,0.41698503494262695,0.41726088523864746
s2_gw,0.8036401271820068,0.8034707903862
s2_gw,0.7563620209693909,0.7554030418395996
s2_gw,0.5304141640663147,0.5320795178413391
s2_gw,0.826288104057312,0.8258681893348694
s2_gw,0.303123414516449,0.3053320348262787
s2_gw,0.8816644549369812,0.881293773651123
s2_gw,0.5921974182128906,0.594791829586029
s2_gw,0.5222426056861877,0.5207290053367615
s2_gw,0.3918378949165344,0.393002450466156
s2_gw,0.90167635679245,0.9019203186035156
s2_gw,0.24577055871486664,0.24476692080497742
s2_gw,0.6743082404136658,0.6749855875968933
s2_gw,0.6545655727386475,0.6561616659164429
s2_gw,0.2017717808485031,0.20207567512989044
s2_gw,0.5519483685493469,0.5533309578895569
s2_gw,0.9436876177787781,0.944075882434845
s2_gw,0.6052635908126831,0.6047570705413818
s2_gw,0.7772889137268066,0.7770566940307617
s2_gw,0.9808043837547302,0.9803162217140198
s2_gw,0.937053918838501,0.9380196332931519
s2_gw,0.7095109224319458,0.7096051573753357
s2_gw,0.7556381225585938,0.7574235200881958
s2_gw,0.6179144382476807,0.6179475784301758
s2_gw,0.1254817545413971,0.12523962557315826
s2_gw,0.8162168264389038,0.8176955580711365
s2_gw,0.6734923124313354,0.6738905310630798
s2_gw,0.35079848766326904,0.35191643238067627
s2_gw,0.43301647901535034,0.4334459900856018
s2_gw,0.8016284704208374,0.8013527393341064
s2_gw,0.032080113887786865,0.03252984955906868
s2_gw,0.17784316837787628,0.1778162717819214
s2_gw,0.7858989238739014,0.7866122126579285
s2_gw,0.8199968338012695,0.820275604724884
s2_gw,0.6961170434951782,0.6965318918228149
s2_gw,0.6268657445907593,0.6278032660484314
s2_gw,0.6015089154243469,0.5996827483177185
s2_gw,0.6590404510498047,0.6597458720207214
s2_gw,0.5576497316360474,0.557924211025238
s2_gw,0.9380885362625122,0.9389256834983826
s2_gw,0.5898505449295044,0.589595377445221
s2_gw,0.6826149225234985,0.6815811395645142
s2_gw,0.9743775129318237,0.973929762840271
s2_gw,0.9324601888656616,0.9324343204498291
s2_gw,0.8625314235687256,0.8622512817382812
s2_gw,0.9274582862854004,0.9266319274902344
s2_gw,0.6206826567649841,0.619965136051178
s2_gw,0.8818328380584717,0.8826247453689575
s2_gw,0.34814730286598206,0.34990957379341125
s2_gw,0.5127480030059814,0.5142333507537842
s2_gw,0.7849230766296387,0.785493791103363
s2_gw,0.9591078758239746,0.9592142105102539
s2_gw,0.12459450960159302,0.12355638295412064
s2_gw,0.21070100367069244,0.21125903725624084
s2_gw,0.631356954574585,0.6329459547996521
s2_gw,0.8814675807952881,0.8813541531562805
s2_gw,0.33623188734054565,0.33613666892051697
s2_gw,0.7630107998847961,0.7636922597885132
s2_gw,0.8425406217575073,0.8433588743209839
s2_gw,0.5856002569198608,0.5863877534866333
s2_gw,0.4356761872768402,0.4346669018268585
s2_gw,0.7693208456039429,0.7697047591209412
s2_gw,0.38119199872016907,0.3802969753742218
s2_gw,0.7271220088005066,0.7285839319229126
s2_gw,0.9075736999511719,0.9087641835212708
s2_gw,0.9269897937774658,0.9270386099815369
s2_gw,0.6499441862106323,0.649249792098999
s2_gw,0.8622020483016968,0.8620548248291016
s2_gw,0.9536475539207458,0.9536508917808533
s2_gw,0.9867531657218933,0.9869635105133057
s2_gw,0.8224734663963318,0.8216513991355896
s2_gw,0.39595943689346313,0.3977022171020508
s2_gw,0.6068283915519714,0.6082830429077148
s2_gw,0.8940849304199219,0.894107460975647
s2_gw,0.23788368701934814,0.23677198588848114
s2_gw,0.8013325929641724,0.8014017343521118
s2_gw,0.6368996500968933,0.6372008323669434
s2_gw,0.3832195997238159,0.3824605941772461
s2_gw,0.8912439942359924,0.8907155990600586
s2_gw,0.43762460350990295,0.43829283118247986
s2_gw,0.44703805446624756,0.44545623660087585
s2_gw,0.9423189759254456,0.9427545070648193
s2_gw,0.5715050101280212,0.5743733644485474
s2_gw,0.4360169768333435,0.4363875985145569
s2_gw,0.9995837807655334,0.9995877146720886
s2_gw,0.7912383675575256,0.7915793657302856
s2_gw,0.6874457597732544,0.6890469789505005
s2_gw,0.8964247107505798,0.8948667049407959
s2_gw,0.7110466361045837,0.7106121778488159
s2_gw,0.9313436150550842,0.930903971195221
s2_gw,0.8285062313079834,0.8287838697433472
s2_gw,0.6330100297927856,0.6314985156059265
s2_gw,0.2844364047050476,0.28370845317840576
s2_gw,0.5088946223258972,0.5112760066986084
s2_gw,0.5802510380744934,0.5777363777160645
s2_gw,0.40524518489837646,0.4049980938434601
s2_gw,0.9253088235855103,0.9262301325798035
s2_gw,0.21503911912441254,0.21608486771583557
s2_gw,0.7145960927009583,0.7154216170310974
s2_gw,0.9041022062301636,0.9031689167022705
s2_gw,0.6345444917678833,0.6353572010993958
s2_gw,0.2650330662727356,0.26568692922592163
s2_gw,0.9444445967674255,0.9446839690208435
s2_gw,0.9728426933288574,0.9731981754302979
s2_gw,0.7413011789321899,0.7401651740074158
s2_gw,0.8190829753875732,0.820583164691925
s2_gw,0.6035629510879517,0.6022540330886841
s2_gw,0.8596498966217041,0.8592723608016968
s2_gw,0.3376389741897583,0.3349146842956543
s2_gw,0.2986922562122345,0.3016035556793213
s2_gw,0.7702997922897339,0.7712247371673584
s2_gw,0.03794325515627861,0.03742704540491104
s2_gw,0.8739215731620789,0.8741902709007263
s2_gw,0.3395068049430847,0.33929386734962463
s2_gw,0.654849112033844,0.6547923684120178
s2_gw,0.5386709570884705,0.5374593734741211
s2_gw,0.6561515927314758,0.6549730896949768
s2_gw,0.9899727702140808,0.9898360967636108
s2_gw,0.5599413514137268,0.560086190700531
s2_gw,0.8140038251876831,0.814521849155426
s2_gw,0.3154250979423523,0.3132326900959015
s2_gw,0.7679799795150757,0.7696659564971924
s2_gw,0.8660836815834045,0.8654811382293701
s2_gw,0.30047348141670227,0.2995694875717163
s2_gw,0.9548084735870361,0.9555405974388123
s2_gw,0.2967735826969147,0.2969857156276703
s2_gw,0.5829366445541382,0.583253800868988
s2_gw,0.6776665449142456,0.6782488822937012
s2_gw,0.7179260849952698,0.7170404195785522
s2_gw,0.827783465385437,0.8280779719352722
s2_gw,0.2622723877429962,0.2630988359451294
s2_gw,0.9265710711479187,0.9264009594917297
s2_gw,0.3911922574043274,0.38953471183776855
s2_gw,0.9274432063102722,0.9284641146659851
s2_gw,0.9869170188903809,0.98713219165802
s2_gw,0.7078163623809814,0.7082842588424683
s2_gw,0.7667085528373718,0.76811283826828
s2_gw,0.8673141598701477,0.8669674396514893
s2_gw,0.9298540949821472,0.9297155141830444
s2_gw,0.4740205407142639,0.476833701133728
s2_gw,0.7273846864700317,0.7283998131752014
s2_gw,0.3566177487373352,0.3590776324272156
s2_gw,0.7493604421615601,0.7485754489898682
s2_gw,0.4315468668937683,0.4309592545032501
s2_gw,0.9236363172531128,0.9245138168334961
s2_gw,0.8920766711235046,0.8931154608726501
s2_gw,0.9109812378883362,0.9104989767074585
s2_gw,0.7710689306259155,0.7691099047660828
s2_gw,0.6917054057121277,0.6935852766036987
s2_gw,0.2567540109157562,0.256965309381485
s2_gw,0.5018077492713928,0.5018323063850403
s2_gw,0.6725969314575195,0.6702427268028259
s2_gw,0.9557288289070129,0.9557839035987854
s2_gw,0.6050311923027039,0.6031993627548218
s2_gw,0.7615291476249695,0.7611119151115417
s2_gw,0.8584608435630798,0.8582941293716431
s2_gw,0.8810744881629944,0.8816041350364685
s2_gw,0.8069679737091064,0.8059290647506714
s2_gw,0.9922497868537903,0.9922026991844177
s2_gw,0.9255784749984741,0.9244887828826904
s2_gw,0.7771890759468079,0.7775678038597107
s2_gw,0.5848946571350098,0.5867804884910583
s2_gw,0.5856286883354187,0.5863445401191711
s2_gw,0.85309898853302,0.8526793122291565
s2_gw,0.7132644057273865,0.7158774137496948
s2_gw,0.7413817048072815,0.7407240271568298
s2_gw,0.20502957701683044,0.20478938519954681
s2_gw,0.5648723244667053,0.5651592016220093
s2_gw,0.7231636047363281,0.7218104600906372
s2_gw,0.7104453444480896,0.7113948464393616
s2_gw,0.8601154088973999,0.8607462048530579
s2_gw,0.8036854863166809,0.8045183420181274
s2_gw,0.4179709255695343,0.4180310368537903
s2_gw,0.19956058263778687,0.19822940230369568
s2_gw,0.9540261030197144,0.9531786441802979
s2_gw,0.39981579780578613,0.40027719736099243
s2_gw,0.3700639605522156,0.3724416196346283
s2_gw,0.9851526021957397,0.9848853945732117
s2_gw,0.8377223610877991,0.8383569121360779
s2_gw,0.30375778675079346,0.29967162013053894
s2_gw,0.750292956829071,0.7519240379333496
s2_gw,0.4388105571269989,0.43952444195747375
s2_gw,0.9582942128181458,0.9577975869178772
s2_gw,0.9394676685333252,0.9395638704299927
s2_gw,0.44544145464897156,0.4452277421951294
s2_gw,0.9853754043579102,0.9848840832710266
s2_gw,0.7058406472206116,0.7063065767288208
s2_gw,0.8375343084335327,0.8377713561058044
s2_gw,0.8894139528274536,0.8889569044113159
s2_gw,0.8970414400100708,0.896759569644928
s2_gw,0.7407312393188477,0.7411590814590454
s2_gw,0.9525551795959473,0.9521577954292297
s2_gw,0.5015314221382141,0.49952420592308044
s2_gw,0.5060100555419922,0.509373128414154
s2_gw,0.8905029892921448,0.8912373781204224
s2_gw,0.42888566851615906,0.42959657311439514
s2_gw,0.7326267957687378,0.7302502989768982
s2_gw,0.600385844707489,0.5998212099075317
s2_gw,0.6524642705917358,0.6538450717926025
s2_gw,0.2395753562450409,0.24012993276119232
s2_gw,0.08468231558799744,0.08726874738931656
s2_gw,0.09870635718107224,0.09922627359628677
s2_gw,0.8276526927947998,0.8284882307052612
s2_gw,0.7424330711364746,0.7427489161491394
s2_gw,0.9347755312919617,0.9356392025947571
s2_gw,0.7630022168159485,0.7627845406532288
s2_gw,0.2903909683227539,0.28910961747169495
s2_gw,0.817653477191925,0.8187754154205322
s2_gw,0.9899498820304871,0.9897192716598511
s2_gw,0.44646206498146057,0.44817879796028137
s2_gw,0.9082847237586975,0.9084110260009766
s2_gw,0.9929687976837158,0.9926483631134033
s2_gw,0.9648972749710083,0.9637892246246338
s2_gw,0.405784010887146,0.40601587295532227
s2_gw,0.8907796740531921,0.8902472853660583
s2_gw,0.880765438079834,0.8794817328453064
s2_gw,0.6965508460998535,0.6975604295730591
s2_gw,0.990123987197876,0.9901801347732544
s2_gw,0.9671369791030884,0.9677954912185669
s2_gw,0.8258446455001831,0.8265899419784546
s2_gw,0.9528693556785583,0.9527191519737244
s2_gw,0.9338959455490112,0.933644711971283
s2_gw,0.036521267145872116,0.03692944720387459
s2_gw,0.6822057962417603,0.6831836700439453
s2_gw,0.6712249517440796,0.6723031401634216
s2_gw,0.7730396389961243,0.7726861238479614
s2_gw,0.11580850929021835,0.11547206342220306
s2_gw,0.8032804727554321,0.8032001852989197
s2_gw,0.4699178636074066,0.4720533788204193
s2_gw,0.4451877474784851,0.44302210211753845
s2_gw,0.5156745314598083,0.5161052346229553
s2_gw,0.5051019787788391,0.5048370361328125
s2_gw,0.7175617218017578,0.717015266418457
s2_gw,0.48973381519317627,0.4912547171115875
s2_gw,0.1774154156446457,0.1778392344713211
s2_gw,0.32872557640075684,0.3262690007686615
s2_gw,0.7816623449325562,0.7819252014160156
s2_gw,0.9184169173240662,0.9182375073432922
s2_gw,0.23534004390239716,0.2356572300195694
s2_gw,0.49881991744041443,0.4978856146335602
s2_gw,0.9233033657073975,0.9235223531723022
s2_gw,0.8960071802139282,0.8957499861717224
s2_gw,0.9244812726974487,0.9243499636650085
s2_gw,0.7690519094467163,0.7692734599113464
s2_gw,0.3354625105857849,0.3344063460826874
s2_gw,0.6859487295150757,0.6868581175804138
s2_gw,0.9006334543228149,0.8998801708221436
s2_gw,0.9206143617630005,0.9200616478919983
s2_gw,0.6920527815818787,0.6914116740226746
s2_gw,0.7595179677009583,0.759074330329895
s2_gw,0.8732020854949951,0.8738536834716797
s2_gw,0.602019190788269,0.6022840738296509
s2_gw,0.5677590370178223,0.5673702359199524
s2_gw,0.5548356175422668,0.5553479790687561
s2_gw,0.5914180278778076,0.5936956405639648
s2_gw,0.466543972492218,0.4655471742153168
s2_gw,0.6084388494491577,0.6072959899902344
s2_gw,0.10961220413446426,0.10893967002630234
s2_gw,0.8719847202301025,0.872300386428833
s2_gw,0.08661351352930069,0.08706960082054138
s2_gw,0.9979172945022583,0.9981133937835693
s2_gw,0.8593719005584717,0.8599640130996704
s2_gw,0.9449601769447327,0.946047842502594
s2_gw,0.9901745319366455,0.9900749325752258
s2_gw,0.7300007343292236,0.7306118011474609
s2_gw,0.8242583870887756,0.824209988117218
s2_gw,0.9329603910446167,0.9327388405799866
s2_gw,0.9207026958465576,0.9203407168388367
s2_gw,0.9164746999740601,0.9161155819892883
s2_gw,0.1665436327457428,0.16680808365345
s2_gw,0.8290279507637024,0.8296195864677429
s2_gw,0.4513883590698242,0.4512370526790619
s2_gw,0.6000174283981323,0.599550724029541
s2_gw,0.3161245882511139,0.3159927725791931
s2_gw,0.7121259570121765,0.7102320790290833
s2_gw,0.8109893798828125,0.8111751079559326
s2_gw,0.8356606364250183,0.8353967070579529
s2_gw,0.9156811237335205,0.9153482913970947
s2_gw,0.1576710045337677,0.1551045924425125
s2_gw,0.9519599080085754,0.9517735242843628
s2_gw,0.9771941304206848,0.976757824420929
s2_gw,0.9274805188179016,0.9282293319702148
s2_gw,0.8469286561012268,0.8477024435997009
s2_gw,0.3786913752555847,0.38008394837379456
s2_gw,0.888422966003418,0.8882810473442078
s2_gw,0.8973450064659119,0.8969076871871948
s2_gw,0.7825853824615479,0.7835875749588013
s2_gw,0.8274019956588745,0.826917827129364
s2_gw,0.9350680112838745,0.9345651268959045
s2_gw,0.2449422925710678,0.2476658970117569
s2_gw,0.9024658203125,0.9020532369613647
s2_gw,0.5806599855422974,0.5804758071899414
s2_gw,0.5864331722259521,0.5883800983428955
s2_gw,0.31383419036865234,0.3134006857872009
s2_gw,0.8743683695793152,0.8751298189163208
s2_gw,0.8560382723808289,0.8559587597846985
s2_gw,0.5954256057739258,0.5949268341064453
s2_gw,0.9172281622886658,0.9173851013183594
s2_gw,0.36199507117271423,0.36388322710990906
s2_gw,0.5644643306732178,0.5660411715507507
s2_gw,0.8243166208267212,0.8240569829940796
s2_gw,0.3161974549293518,0.3176409900188446
s2_gw,0.9939634799957275,0.9941036105155945
s2_gw,0.7518516778945923,0.7525825500488281
s2_gw,0.9565234184265137,0.9572353363037109
s2_gw,0.2979062497615814,0.297395795583725
s2_gw,0.5597747564315796,0.5594032406806946
s2_gw,0.7365109920501709,0.7365245819091797
s2_gw,0.916428804397583,0.9168249368667603
s2_gw,0.2510533928871155,0.2522304654121399
s2_gw,0.8803979158401489,0.881169319152832
s2_gw,0.7818539142608643,0.7814501523971558
s2_gw,0.8834880590438843,0.883425772190094
s2_gw,0.27864211797714233,0.2765658497810364
s2_gw,0.9995899200439453,0.9995630979537964
s2_gw,0.5326201319694519,0.5336943864822388
s2_gw,0.4059813916683197,0.40501126646995544
s2_gw,0.9972435235977173,0.9973588585853577
s2_gw,0.8412187695503235,0.8421074748039246
s2_gw,0.6510963439941406,0.6499876379966736
s2_gw,0.9356756806373596,0.9362683892250061
s2_gw,0.6930873394012451,0.6930809020996094
s2_gw,0.29222986102104187,0.29373449087142944
s2_gw,0.380696564912796,0.3801964223384857
s2_gw,0.5922326445579529,0.591046929359436
s2_gw,0.2465721219778061,0.2444983273744583
s2_gw,0.9613361954689026,0.9620500802993774
s2_gw,0.3673161268234253,0.36642882227897644
s2_gw,0.7634968161582947,0.7632506489753723
s2_gw,0.48044106364250183,0.4794198274612427
s2_gw,0.5574793815612793,0.5599184632301331
s2_gw,0.48624277114868164,0.4863783121109009
s2_gw,0.9974392652511597,0.9972732663154602
s2_gw,0.8343218564987183,0.8348402380943298
s2_gw,0.8793227672576904,0.878743052482605
s2_gw,0.36034995317459106,0.35931751132011414
